id,sentence1,sentence2,label,prediction,probability,correct
test_0,"Die Ausnahme war zwischen Ende 2005 und 2009, als er in Schweden mit Carlstad United BK,  in Serbien mit FK Borac Čačak und dem russischen FC Terek Grozny spielte.","Die Ausnahme war zwischen Ende 2005 und 2009, als er in Schweden mit Carlstad United BK, Serbien mit FK Borac Čačak und dem russischen FC Terek Grozny spielte.",1,1,0.4156681685961082,True
test_1,Der Tabaci River ist ein Nebenfluss des Flusses Leurda in Rumänien.,Der Fluss Leurda ist ein Nebenfluss des Flusses Tabaci in Rumänien.,0,0,-0.6309479557513064,True
test_2,Er spielte 1993 beim A-Team der Kane County Cougars und beim AA-Team der Portland Sea Dogs.,Er spielte 1993 bei dem A-Team der Portland Sea Dogs und dem AA-Team der Kane County Cougars.,0,0,-0.6806500541912032,True
test_3,"Winarsky ist Mitglied des IEEE, Phi Beta Kappa, des ACM und des Sigma Xi.","Winarsky ist Mitglied des ACM, des IEEE, der Phi Beta Kappa und der Sigma Xi.",1,1,0.32618772684023056,True
test_4,1938 wurde er Regierungsanthropologe des anglo-ägyptischen Sudans und leitete die Feldarbeit mit den Nuba.,1938 wurde er staatlicher Anthropologe des Anglo-Ägyptischen Sudan und führte Feldarbeiten mit den Nuba durch.,0,1,0.02247841305569709,False
test_5,"Billy Billy Batson erschien in den ersten vier Ausgaben von „Black Adam“, veröffentlicht zwischen Ende 2008 und Anfang 2009.","Black Adam erschien in den ersten vier Ausgaben von Billy Batson, die zwischen Ende 2008 und Anfang 2009 veröffentlicht wurden.",0,0,-0.852952214108914,True
test_6,Der Solaransatz für diese Anforderung ist der Einsatz von Solarzellen in konventionell angetriebenen Flugzeugen.,Der solare Ansatz für diese Anforderung ist die Verwendung von Sonnenkollektoren in Flugzeugen mit konventionellem Antrieb.,1,0,-1.0123861475436449,False
test_7,"Die Polizei befragte im Rahmen der laufenden Ermittlungen auch den Sänger Rimi Tomy und den Schauspieler Kavya Madhavan, beides enge Freunde von Siddique und seiner Frau Dileep.","Die Polizei befragte auch die Sängerin Rimi Tomy und den Schauspieler Kavya Madhavan im Rahmen der laufenden Ermittlungen, beide enge Freunde von Siddique und seiner Frau Dileep.",1,0,-0.4998452103007581,False
test_8,"Sie überlappen sich mit spärlicher Live-Orchestermusik und bestehen aus vagen, beinahe mutwillig farblosen Klängen.","Sie sind mit farbfreier, live gespielter Musik überlagert und bestehen aus vagen, fast bewusst spärlichen Orchesterklängen.",0,0,-0.6104007386284886,True
test_9,Holly wurde musikalisch von Elton John beeinflusst.,Holly Holly wurde musikalisch von Elton John beeinflusst.,1,1,0.5523755982001696,True
test_10,Die Mannschaft reagierte auf die Änderungen im nächsten Spiel am selben Abend am 19. Februar.,Die Mannschaft reagierte auf die Änderungen im selben Spiel am nächsten Abend des 19. Februars.,0,0,-0.18362269150223098,True
test_11,"Die Nashua Silver Knights, Teil einer aktuellen Sommerliga, sind das College-Team der Stadt.","Die Nashua Silver Knights, Teil einer Sommerkollegialliga, ist das derzeitige Team der Stadt.",0,0,-0.7134169073954778,True
test_12,"Das Fallbeil wurde 1949 zum letzten Mal in Westdeutschland eingesetzt, 1966 in Ostdeutschland.",Das „Fallbeil” wurde zum letzten Mal 1949 in Westdeutschland   und 1966 in Ostdeutschland eingesetzt.,1,1,0.40146466936950154,True
test_13,Der Kanal ist einer der ältesten schiffbaren Kanäle in Europa und Belgien.,Der Kanal ist einer der ältesten schiffbaren Kanäle in Belgien und selbst in Europa.,0,0,-0.23431681474070964,True
test_14,2009 zog er zurück nach Philadelphia und lebt heute in New York City.,Er zog 2009 wieder nach Philadelphia und lebt jetzt in New York.,1,0,-0.33231878009732185,False
test_15,"Er verstarb in Claremore in Oklahoma an Magenkrebs, in New York City, wo sich das Lynn Riggs Memorial am 30. Juni 1954 befindet.","Er starb am 30. Juni 1954 an Magenkrebs in New York City. In Claremore in Oklahoma, befindet sich das Lynn Riggs Memorial.",0,1,0.6403739892821817,False
test_16,"Stipsits wurde in Korneuburg, Deutschland geboren und verbrachte seine Kindheit in Stammersdorf, Wien.","Stipsits wurde in Korneuburg geboren und verbrachte seine Jugend in Stammersdorf, Wien.",1,0,-0.5476564383661674,False
test_17,Die Keita-Dynastie regierte das vorkaiserliche und kaiserliche Mali vom 12. Jahrhundert bis Anfang des 17. Jahrhunderts.,"Die Keita-Dynastie regierte Mali vom 12. bis Anfang des 17. Jahrhunderts, präimperial und imperial.",1,0,-0.29972246545568193,False
test_18,"""Angel Eyes"" ist ein beliebter Song aus dem Jahre 1946, der von Matt Dennis komponiert wurde. Die Lyrics stammen von Earl Brent.","""Angel Eyes"" ist ein populärer Song, der im Jahr 1946 von Earl Brent komponiert wurde mit Songtexten von Matt Dennis.",0,0,-0.45076720193287934,True
test_19,Die Musik wurde von Shyam komponiert und die Texte wurden von Sreekumaran Thampi und Sathyan Anthikkad geschrieben.,Die Musik wurde von Shyam geschrieben und die Texte wurden von Sreekumaran Thampi und Sathyan Anthikkad komponiert.,1,1,0.16076255429889208,True
test_20,"Der Film war ein kommerzieller Erfolg, und einer von Sergio Sollimas erfolgreicheren Filmen und weniger politisch als die ehemaligen Spaghetti-Regisseur-Western.","Der Film war ein kommerzieller Erfolg, und einer von Sergio Sollimas politischeren Filmen, und weniger erfolgreich als die früheren Spaghetti-Regisseur-Western.",0,0,-1.046075275751651,True
test_21,"Kabir bittet Sarika, seinen Plan zu enthüllen, mit dem er Ranvirs Spiel beenden will.",Kabir bittet Sarika darum ihm zu verraten wie er Ranvir’s Spiel zu beenden plant.,1,1,0.23609236996080007,True
test_22,Die Mannschaft reagierte auf die Änderungen im nächsten Spiel am selben Abend am 19. Februar.,"Das Team reagierte auf die Veränderungen in demselben Spiel, welches am darauffolgenden Februarabend stattfinden sollte.",0,0,-1.4875454668062873,True
test_23,"Lieutenant John Gedge gab sie im Mai 1805 für die Nordsee in Auftrag, und Lieutenant Robert Ramsey ersetzte ihn 1806.","Lieutenant Robert Ramsey beorderte sie im Mai 1805 in die Nordsee, und Lieutenant John Gedge löste ihn 1806 ab.",0,0,-0.8973482849959339,True
test_24,Emma Townshend wird bei DGA Associates von David Godwin vertreten.,David David Godwin wird bei DGA Associates von Emma Townshend vertreten.,0,0,-0.17093305706435247,True
test_25,"Die Nashua Silver Knights, Teil einer Sommer-College-Liga, sind die aktuelle Mannschaft der Stadt.","Die Nashua Silver Knights, Teil einer aktuellen Sommerliga, sind das College-Team der Stadt.",0,0,-1.2290782957820434,True
test_26,Vom westlichen Ende der Brücke führt die Pennsylvania Route 268 nach Süden nach Parker und nach Norden nach Emlenton.,Die Pennsylvania Route 268 führt vom westlichen Ende der Brücke in südliche Richtung nach Parker und in nördliche Richtung nach Emlenton.,1,0,-0.996328404435811,False
test_27,"Diese waren im Vereinigten Königreich üblich, aber in Europa ist dies, zumindest bei großen Lokomotiven, relativ selten.","Diese waren im Vereinigten Königreich selten, aber in Europa, zumindest für große Lokomotiven, sind sie relativ häufig.",0,0,-0.30027839563486947,True
test_28,"Alston wurde am 21. Dezember 1965 in Oxon Hill, Maryland, geboren und besuchte die Oxon Hill High School in New Haven, Connecticut.","Er wurde am 21. Dezember 1965 in Oxon Hill, Maryland, geboren und besuchte die High School in New Haven, Connecticut .",1,0,-0.7643411886219479,False
test_29,"Insgesamt zählten die USA 28 Todesopfer, während der Viet Cong 345 tödliche Verluste erlitt und laut Schätzung noch weitere 192 getötet wurden.","Insgesamt wurden 28 Opfer aus den USA getötet, während der Viet-Cong-Verluste von 345 sowie schätzungsweise 192 weiteren getöteten verzeichnete.",1,0,-1.600082995004655,False
test_30,"CA, der Titel des Wirtschaftsprüfers (Sri Lanka Sri Lanka), darf nur von Mitgliedern des Instituts für Wirtschaftsprüfer von Sri Lanka verwendet werden.",Der Titel amtlich zugelassener Wirtschaftsprüfer (Sri Lanka) darf in CA nur von Mitgliedern des Institute of Chartered Accountants von Sri Lanka verwendet werden.,1,1,0.9711835587918426,True
test_31,"Simyo gehört zum niederländischen Telekommunikationskonzern KPN, nachdem der Rest von E-Plus am 14. März erworben wurde.",Nach Übernahme des Rests von E-Plus am 14. März gehört Simyo zum holländischen Telekommunikationskonzern KPN.,1,0,-0.6889900196021627,False
test_32,"Neben Kuykendall, Robert White und Joshua Soule, diente Zimmerman als Chancery Commissioner in Hampshire County.",Robert White und Joshua Soule Zimmerman dienten neben Kuykendall als Chancery Commissioner (Beauftragter für Kanzleiangelegenheiten) für Hampshire County.,1,1,0.6448591488423651,True
test_33,"Diese Anschauungen wurden oft während des Entstehung protestantischer, puritanischer und evangelikaler Bewegungen kundgegeben.","Diese Ansichten wurden oft in den Anfängen evangelischer, puritanischer und protestantischer Bewegungen geäußert",1,0,-0.08914405137660719,False
test_34,Feyenoord Rotterdam gewann den UEFA-Cup 1973/74 mit 4:2 gegen Tottenham Hotspur.,Feyenoord Rotterdam gewann gegen Tottenham Hotspur den UEFA Cup von 1973/74 mit 4:2 nach Hin- und Rückspiel.,1,0,-0.19425745124807448,False
test_35,"Talfourd Ely war der Enkel von John Towill Rutt, der ein Jugendfreund von Crabb Robinson war.","Talfourd Ely war ein Enkel von Crabb Robinson, der ein früher Freund von John Towill Rutt war.",0,1,0.09334112990143495,False
test_36,"Sein Vater verstarb in seiner Jugend und seine Mutter, Catherine A. Fagan, heiratete 1842 Samuel Adams, der zwei Jahre später Gouverneur von Arkansas wurde.","Sein Vater starb während seiner Jugend und seine Mutter, Catherine A. Fagan, heiratete 1842 Samuel Adams, der zwei Jahre später Gouverneur von Arkansas wurde.",0,0,-0.9081206791591848,True
test_37,"Sie veröffentlichten am 13. Juni auch den zweiten Track des Albums, ""Vices"", als fünfte Singel von diesem Album.","Am 13. Juni veröffentlichten sie auch den zweiten Titel des Albums, ""Vices"", als fünfte Single aus diesem Album.",1,0,-0.022656040522432308,False
test_38,Das Sydney Water Board hatte 1888 die Wasserversorgung für Sydney vom Stadtrat übernommen.,1888 übernahm das Sydney Water Board die Wasserversorgung für Sydney vom Stadtrat.,1,0,-0.29236132827676375,False
test_39,"Auch Cai Feng hatte einen Sohn, Cai Mao.","Cai Mao hatte auch einen Sohn, Cai Feng.",0,1,0.2723985579232201,False
test_40,"Seine Blätter sind abwechselnd entlang der Äste geformt und haben eine Lanze, eiförmig oder fast kreisförmig und sind ein Stiel lang.","Seine Blätter sind abwechselnd an den Ästen angeordnet und lanzenförmig, eiförmig, oder beinah rund und haben einen langen Stiel.",0,0,-0.7985890168935431,True
test_41,Dies erweiterte den Konfliktbereich zwischen Massachusetts und der Provinz Rhode Island.,Dies erweiterte das Konfliktgebiet zwischen Rhode Island und der Provinz Massachusetts.,0,1,0.26980001955393773,False
test_42,"Slough High School war ein selektives Mädchen-Gymnasium in Berkshire, jetzt Slough, Buckinghamshire.","Die Slough High School war eine Mädchengymnasium in Slough, Buckinghamshire, heutzutage Berkshire.",0,0,-0.32692707861930614,True
test_43,Es liegt in der Nähe von Lough Corrib an der N59 in Richtung Oughterard und Clifden in Connemara.,"Es liegt in der Nähe von Oughterard und Clifden an der Straße N59, die nach Lough Corrib in Connemara führt.",0,0,-0.30160386486421953,True
test_44,"Obwohl der Ausschluss dunkelhäutiger Spieler keine festgeschriebene Regel war, hatte seit 1933 kein afro-amerikanischer Spieler mehr in der National Football League gespielt.","Während der Ausschluss afrikanischer Spieler keine schriftliche Regel war, hatte seit 1933 kein schwarzer amerikanischer Spieler mehr in der National Football League gespielt.",0,1,0.19749762325969222,False
test_45,Muawiyah kam nach dem Tod von Ali an die Macht und begründete eine Dynastie.,Nach dem Tod von Muawiyah kam Ali an die Macht und errichtete eine Dynastie.,0,1,0.16030383110687507,False
test_46,"1994 verließ Rodrigo Leão die Band, um eine Solokarriere zu starten; er wurde von Carlos Maria Trinidade (Keyboard Synthesizer) ersetzt.","1994 verließ Rodrigo Leão die Band, um eine Solokarriere zu beginnen, und er wurde durch Carlos Maria Trindade (Keyboard-Synthesizer) ersetzt.",1,0,-0.3154005398399148,False
test_47,1933 schrieb Cattell dass von allen nordischen Rassen „die europäische Rasse bei Intelligenz und Charakterstärke am weitesten entwickelt war.”,"Im Jahr 1933 schrieb Cattell, dass von allen nordischen Rassen ""die europäische Rasse in Intelligenz und Stabilität des Temperaments am weitesten entwickelt war"".",1,0,-0.3625531835371404,False
test_48,"Abies lasiocarpa, allgemein als westliche nordamerikanische Tanne oder Rocky Mountain Tanne bezeichnet, ist eine subalpine Tanne.","Abies lasiocarpa, allgemein bekannt als die westliche nordamerikanische Tanne oder Rocky Mountain Tanne, ist eine subalpine Tanne.",1,0,-0.11828614198924714,False
test_49,American Motors leistete nur technische Unterstützung in Form von begrenzter Hilfe.,American Motors lieferte nur technischen Support in Form von begrenzter Hilfe.,1,1,0.43739376388492357,True
test_50,"Das Houston Main Building (HMB), früher das Prudential Building, war ein Wolkenkratzer am Texas Medical Center in Houston, Texas .","Das Houston Main Building (HMB), ehemals Prudential Building, war ein Wolkenkratzer im Texas Medical Center in Houston in Texas.",1,1,0.6499117244571219,True
test_51,Nach seiner Rückkehr nach Paramaribo im Jahr 1954 ließ er sich als Anwalt in Suriname nieder.,Nach seiner Rückkehr nach Suriname im Jahr 1954 ließ er sich als Anwalt in Paramaribo nieder.,0,0,-0.1986551070273278,True
test_52,"Der Absturz des Aerosucre-Flugs 4544 war das erste Flugzeugunglück, in das Aerosucre verwickelt war, das zweite war der Absturzt einer weiteren Boeing 727 am 18. November 2006.","Der Absturz des Aerosucre-Flugs 4544 war der zweite Vorfall mit Beteiligung von Aerosucre, der erste war der Absturz einer anderen Boeing 727 am 18. November 2006.",0,0,-0.4860728542257017,True
test_53,Die Episode Cabot Trail wurde vor Ort in Cape Breton mit Peggys Cove und den Highlands von Neuschottland an der Ostküste gedreht.,"Die Episode East Coast wurde vor Ort in Nova Scotia gedreht, einschließlich in Peggys Cove und dem Hochland von Cape Breton entlang des Cabot Trail.",0,0,-1.1697567844074004,True
test_54,"Eine weitere Möglichkeit, die Population von Hirschen zu regulieren, ist die Kontrolle der Geburtenrate.","Eine weitere Möglichkeit, die Hirschpopulation zu regulieren, ist die Kontrolle der Geburtenrate.",1,1,0.9825990843520785,True
test_55,"Das Gedicht ist in vier fragmentarischen Handschriften aufbewahrt, von denen eine zeitgenössisch ist.","Das Gedicht ist in vier zeitgenössischen Handschriften festgehalten, von denen eine fragmentarisch ist:",0,0,-0.5570403959709144,True
test_56,"Manu Chao, die Gruppen „Air“, Cassius, Mars IV, Les Négresses Vertes, und FFF, und Howie B nahmen auch an dem Album teil.","Die Gruppen ""Air"", Howie B, Mars IV, Les Négressess Vertes, FFF und Manu Chao waren ebenfalls Teil des Albums.",0,1,0.1329740677522563,False
test_57,Der Hudeasa ist ein Nebenfluss des Bradu in Rumänien.,Der Fluss Hudeasa ist der Nebenfluss des Bradu-Flusses in Rumänien.,1,0,-0.12114370158583032,False
test_58,"Während der Ausschluss afrikanischer Spieler keine geschriebene Regel war, hatte seit 1933 kein schwarz-amerikanischer Spieler in der National Football League gespielt.","Obwohl der Ausschluss von schwarzen Spielern keine schriftliche Regel darstellte, hatte seit 1933 kein Afroamerikaner mehr in der National Football League gespielt.",0,1,0.14301303205399563,False
test_59,"Sein Vater Patrick Byrne war Abgeordneter, TD, Senator und Oberbürgermeister von Dublin. Ein anderer Bruder, Alfie Byrne, war ebenfalls TD.","Sein Vater, Patrick Byrne, war ein Delegierter, Senator und Oberbürgermeister von Dublin, ein weiterer Bruder Alfie Byrne war ebenfalls TD.",1,1,0.43260267493861815,True
test_60,Die erste Serie wurde von den Kritikern besser angenommen als die zweite.,Die zweite Serie wurde besser als die erste gut von der Kritik aufgenommen.,0,0,-1.267524121271551,True
test_61,Fanwood liegt im 12. Kongressbezirk und ist Teil des 22. Legislative District von New Jersey.,Fanwood ist im 22. Wahlbezirk gelegen und Teil des 12. bundesstaatlichen Abgeordnetenwahlkreises von New Jersey.,0,0,-0.6426109769558815,True
test_62,Santa Cruz ist am Ufer des Flusses Santa Cruz gelegen der in den östlichen Teil von Laguna de Bay fließt.,"Laguna de Bay liegt am Ufer des Flusses Santa Cruz, der in den östlichen Teil von Santa Cruz mündet.",0,0,-0.20328784279873424,True
test_63,Der Porte de Vincennes ist dort gelegen wo die südöstliche Ecke des 20. Arrondissement auf die nordöstliche Ecke des 12. Arrondissement von Paris trifft.,"Die Porte de Vincennes befindet sich dort, wo die nordöstliche Ecke des 12. Arrondissements auf die südöstliche Ecke des 20. Arrondissements von Paris trifft.",0,0,-0.04006475962060463,True
test_64,"Am 5. März 2011 postete MTV Hive einen Streamin-Link für Anni Rossi, die „Rude Boy“ von Rihanna spielte.","Am 5. März 2011 veröffentlichte MTV Hive einen Streaming-Link zu Rihanna, die Anni Rossi ""Rude Boy"" performte.",0,0,-1.0434064751875756,True
test_65,"König Qi traf sich 284 v. Chr. mit König Zhao von Qin im westlichen Zhou, um ein Bündnis gegen Xi zu schließen.","Im Jahr 284 v. Chr. hatten König Qi und König Zhao von Qin ein Treffen in der Westlichen Zhou-Dynastie, um eine Allianz gegen Xi zu bilden.",1,0,-0.34466691123312043,False
test_66,Die Verwaltungsregion Chenzhou in der Tang-Dynastie fällt unter die Verwaltung des modernen Henan im Osten von Zhoukou:,Die administrative Region Chenzhou in der Tang-Dynastie liegt unter der Verwaltung des heutigen Henan im östlichen Zhoukou:,1,0,-1.3431841699403173,False
test_67,"„Pure” bedeutet einfach sehr, und „Belter” oder „Belta” bedeuten groß oder gut.","""Pure"" bedeutet ""sehr einfach"" und ""Belter"" oder ""Belta"" bedeutet ""gut"" oder ""groß"".",0,1,0.9525185510881163,False
test_68,"Stephen Stephen wurde am 29. August 1806 von Benjamin Hough, einem Friedensrichter, in Jefferson County mit Elizabeth Core vermählt.","„2“ Benjamin Hough wurde am 29. August 1806 von Stephen Ford, Justice of Peace, in Jefferson County mit Elizabeth Core verheiratet.",0,0,-1.3076884872810273,True
test_69,Die Spezie wurde erstmals 1846 vom Botaniker Stephan Endlicher im Rahmen des Werkes „Irideae” von Johann Georg Christian Lehmann  beschrieben. Plantae Preissianae.,Beschrieben wurde die Art erstmals offiziell im Jahr 1846 durch den Botaniker Stephan Endlicher im Werk „Irideae Plantae Preissianae” von Johann Georg Christian Lehmann.,1,1,0.3762287119031368,True
test_70,"1912 hielt der Indische Nationalkongress seine 27. Sitzung in Bankipore unter der Präsidentschaft von Rao Bahadur Raghunath Narasinha Mudholkar aus Amravati, Central Provinces und Berar ab.",Im Jahr 1912 hielt der Indian National Congress seine 27. Sitzung in Bankipore. Dies unter der Präsidentschaft von Rao Bahadur Raghunath Narasinha Mudholkar aus den Zentralprovinzen Amravati und Berar.,0,0,-0.8110080555228526,True
test_71,"Die meist verwendete Tierfaser ist Wolle, die von Schafen gesammelt wird. Zum Hand- und Hobbystricken werden häufig dicke Woll- und Acrylgarne gesponnen.",Die am häufigsten versponnene Tierfaser ist Schurwolle von Schafen. Für Handgestricktes und beim Freizeit-Stricken werden oft dicke Wolle und Acrylgarn verwendet.,0,0,-0.19305330023118272,True
test_72,Tipico Co. Ltd und Tipico Casino Ltd wurden 2004 als internationale Handelsunternehmen im Handelsregister der Malta Financial Services Authority eingetragen.,Tipico Co. Ltd und Tipico Casino Ltd wurden 2004 als internationale Handelsfirmen im Handelsregister der Malta Financial Services Authority eingetragen.,1,1,0.38067603378692005,True
test_73,"Es liegt in der Nähe von Lough Corrib, an der N59 nach Oughterard und Clifden, in Connemara.","Es ist in der Nähe von Oughterard und Clifden gelegen, an der N59 nach Lough Corrib, in Connemara.",0,0,-0.2687555867309167,True
test_74,Am 14. September 2006 wurde Lang von den Washington Wizards verpflichtet und im Juli 2017 von den Wizards freigegeben.,Am 14. September 2006 wurde Lang von den Washington Wizards unterzeichnet. Im Juli 2017 wurde Lang von den Wizards befreit.,1,1,0.06880989675635041,True
test_75,Die Single wurde am 12. Oktober 2012 im italienischen Radio Airplay gespielt und am 3. Dezember 2012 weltweit verschickt.,Die Single wurde am 12. Oktober 2012 nach Italien zu Radio Airplay geschickt und am 3. Dezember 2012 weltweit veröffentlicht.,0,0,-0.6991748935709324,True
test_76,"Nach seinem Wehrdienst lebte Lockhart in Texas, zog jedoch kürzlich um nach Florida.","Nach seinem Einsatz lebte Lockhart in Florida, doch er zog vor Kurzem nach Texas.",0,0,-0.371311025967686,True
test_77,"Es wurde in Nordamerika gefunden, wo es von Neufundland und Labrador im Westen bis nach British Columbia und im Norden bis nach Alaska und zum Yukon verzeichnet wurde.","Es wurde in Nordamerika gefunden, wo es von Neufundland und Labrador West bis British Columbia, nördlich von Alaska und dem Yukon, erfasst wurde.",1,0,-0.4558210483426578,False
test_78,"Dieser westlich Distrikt von Randallstown umfasst Woodlawn, Milford Mill und Baltimore County.","Der westliche Bezirk Randallstown umfasst Woodlawn, Milford Mill und Baltimore County.",1,0,-0.023137076323672345,False
test_79,Er wurde von John Velazquez trainiert und in seinem wichtigsten Rennen von Jockey Dale Romans geritten.,Er wurde von Dale Romans trainiert und während seiner wichtigsten Rennen von dem Jockey John Velazquez geritten.,0,0,-0.9813348614191649,True
test_80,"Während seiner Zeit in Savanne erfuhr Charles Celestine aus einer Zeitung, dass sein Sohn, Sherman, während der Savannah-Kampagne gestorben war, der General hatte das Kind nie gesehen.","Während seiner Zeit in Savannah erfuhr Charles Celestine aus einer Zeitung, dass sein Sohn Sherman während der Savannah-Kampagne gestorben war. Der General hatte das Kind nie gesehen.",1,0,-0.11804542039776933,False
test_81,"Das Cover wurde vom heraldischen (wappenkundigen) Künstler John Pasche entworfen, und für die Single ""Steel Monkey"" ließ man den Entwurf für das Cover durch den Art Director Andrew Stewart Jamieson machen.","Das Cover wurde vom heraldischen Künstler Andrew Stewart Jamieson entworfen, die Single „Steel Monkey"" hat das Cover von Art Director John Pasche entworfen.",0,0,-0.49124223021229485,True
test_82,Die MacCormack-Methode ist ein weit verbreitetes Diskretisierungsschema für die numerische Lösung partieller hyperbolischer Differentialgleichungen.,In der numerischen Strömungsmechanik ist die Methode von MacCormack ein weithin verwendetes Diskretisierungsverfahren um numerische Gleichungen mit dem hyperbolischen partiellen Differenzial zu lösen.,0,0,-0.7883807959923541,True
test_83,"Wright zog von Chapel Hill, NC nach New York.","Wright zog von Chapel Hill, NC, nach New York.",1,1,0.4392282306578056,True
test_84,"Der Ejektiv ist eine Art velarer Klang, der in einigen gesprochenen Sprachen verwendet wird. Das Symbol im Internationalen Phonetischen Alphabet, das diesen Klang repräsentiert.","Das Velar-Ejektiv ist eine Art konsonantischer Klang, der in einigen gesprochenen Sprachen verwendet wird. Das Symbol im Internationalen Phonetischen Alphabet, das dieser Klang ist.",0,1,0.35705617522367106,False
test_85,"Europäische Aktivitäten wurden ein Teil von Ebel, während die asiatischen Aktivitäten an den in Hongkong ansässigen Unternehmer Joseph Wong verkauft wurden und jetzt Eigentum von Stelux Holdings sind.",Ebel übernahm das Europageschäft während das Asiengeschäft an den Hong Konger Unternehmern Joseph Wong verkauft wurde und jetzt zu Stelux Holdings gehört.,1,0,-1.1589465070337512,False
test_86,"Zu den frühen Ratsmitgliedern zählten Alistair Cooke, Saul Bellow, Walter Cronkite, Norman Cousins, Gore Vidal und Norman Podhoretz.","Frühe beratende Mitglieder waren Walter Cronkite, Norman Vetter, Gore Vidal, Norman Podhoretz, Saul Bellow und Alistair Cooke.",1,1,0.7737694750079939,True
test_87,Der Petkeljärvi-Nationalpark ist ein Nationalpark in Ilomantsi in der nordkarelischen Region Finnlands.,Der Petkeljärvi-Nationalpark ist ein Nationalpark in Finnland in der Region Ilomantsi in Nordkarelien.,0,0,-1.2099128180575276,True
test_88,Sie veröffentlichten auch das 5. Lied des Albums „Vices“ als zweite Singleauskopplung vom Album am 13. Juni.,"Sie veröffentlichten auch den 5. Song des Albums ""Vices"" am 13. Juni, wie die zweite Single des Albums.",1,0,-0.4234386265031539,False
test_89,Stoke schlug zunächst Sheffield Wednesday und Huddersfield Town und unterlag dann Peterborough United in der vierten Runde.,Stoke schlug zunächst Peterborough United und Huddersfield Town und unterlag dann Sheffield Wednesday in der vierten Runde.,0,1,0.6186506301696327,False
test_90,"Auf die Frage hin, wie man seinen Namen ausspricht, meinte er zu ""The Literary Digest"", ""Mein Name wird ausgesprochen, als wenn er ""ear-en-house"" buchstabiert wird.","Auf die Frage, wie man seinen Namen ausspricht, sagte er der „The Literary Digest“: Mein Name wird so buchstabiert, als wenn man ihn aussprechen würde, ear 'apos ; enhouse ``",0,1,0.2543046218161097,False
test_91,Der Anbau wurde 1880 durch Fernando Heydrich in Matanzas in Kuba eingeführt.,In Matanzas wurde der Anbau 1880 von Fernando Heydrich in Kuba eingeführt. .,0,1,0.1843315593156607,False
test_92,"Wenn ein Satz mehrere grammatische Kategorien enthält, trägt nur die erste die Pluralmarkierung.","Wenn es in einem Satz mehrere grammatikalische Kategorien gibt, trägt nur der Plural den ersten Marker.",0,0,-1.301079536668977,True
test_93,"Das Regime verließ Philadelphia im Oktober 1777, um sich der Hauptarmee von General George Washington außerhalb von Boston anzuschließen.","Das Regiment verließ Philadelphia im Oktober 1777, um sich der Hauptarmee von General George Washington außerhalb von Boston anzuschließen.",1,0,-0.39884204760035435,False
test_94,"1974 gründete Lao PDR den Stage II Fund mithilfe der Weltbank, der Vereinten Nationen, und der Asiatischen Entwicklungsbank.","Mit Unterstützung der Weltbank, der Vereinten Nationen und der Asiatischen Entwicklungsbank gründete die Demokratische Volksrepublik Laos 1974 den Stage II Fund.",1,0,-0.810709249202037,False
test_95,Er verwendete es später als Symbol für die Nazi-Partei und stellte es in einen weißen Kreis mit rotem Grund um es als Fahne zu verwenden.,"Er benutzte es später als Symbol für die NSDAP und setzte es auf einen roten Kreis und einen weißen Hintergrund, um es als Fahne zu benutzen.",0,0,-1.3612005070014819,True
test_96,"Um den Plan für Hoth zu entwickeln, haben die Designer so viel Quellenmaterial wie möglich von ""The Empire Strikes Back"" erhalten, um eine authentische Reproduktion realisieren zu können.","Um die Karte für Hoth zu erstellen, erhielten die Designer so viel Ausgangsmaterial wie möglich von „The Empire Strikes Back'', um eine authentische Reproduktion zu entwickeln.",0,0,-0.686487056239569,True
test_97,"Er ist mit Elizabeth Betsy Katz verheiratet. Er ist der Vater von Adam, Nathaniel und Sara Hundt.","Er ist mit Elizabeth „Betsy” Katz verheiratet und Vater von Adam, Nathaniel und Sara Hundt.",1,0,-0.18533556477001467,False
test_98,Ein Haus wird mit böser Energie aufgeladen und gibt dem nekromantischen Geist im Inneren Gestalt.,Ein Haus wird von nekromantischen Kräften durchdrungen und lässt den innewohnenden Quälgeist Gestalt annehmen.,0,1,0.02457957592877158,False
test_99,"Während Oros unter Walker am Auto- und Lastwagendesign für Ford arbeitete, konzentrierte sich Engel auf Fahrzeuge von Lincoln und Mercury.","Während Oros unter Walker am Auto- und Lastwagendesign von Ford arbeitete, konzentrierte sich Engel auf Fahrzeuge von Lincoln und Mercury.",1,0,-0.009646441112250659,False
test_100,"Hirasea goniobasis ist eine Art der terrestrisch pulmonalen luftatmenden Landschnecke, einer kleinen Gastropodenmuschel aus der Familie Endodontidae.","Hirasea goniobasis ist eine Spezies von kleinen, luftatmenden Landschnecken, eine terrestrische Pulmonal-Gastropoda-Molluske in der Gattung Endodontidae.",0,0,-0.011267192915044633,True
test_101,"Prämaligne Läsionen sind anscheinend ein typisches Gewebe, das unter mikroskopischen Gesichtspunkten abnormal erscheint und in dem Krebs wahrscheinlicher ist als in seinem morphologisch normalen Gegenstück.","Prämaligne Läsionen sind offensichtlich ein spezifisches Körpergewebe, das bei mikroskopischen Untersuchungen anormal erscheint und bei die Wahrscheinlichkeit von Krebs häufiger auftritt als bei dessen morphologisch normalen Pendanten.",1,0,-1.61192213514538,False
test_102,"Abu Halifa, Abu Hulayfah, Abu Huleifa oder Abu Haleifah ist eine kleine Stadt im Kuwait des Al Ahmadi Gouvernements im südlichen Abu Halifa District.","Abu Halifa, Abu Hulayfah, Abu Huleifa oder Abu Haleifah ist eine kleine Stadt im Kuwait des Al Ahmadi Governorates im südlichen Abu Halifa District.",1,1,0.5583041867410331,True
test_103,NS,"Israel ist ein Album der amerikanischen Jazzposaunisten Kai Winding und J. J. Johnson, mit Performances, die 1968 veröffentlicht und auf C aufgenommen wurden.",0,0,-1.513250881326353,True
test_104,"2014 schrieb Adam eine dreiteiligen Schauerroman in Abwandlung klassischer Frankenstein-Geschichten, The Corruption of Dorian Gray und Jekyll Hyde Corpus Delicti.","2014 schrieb Adam die Gothic-Trilogie mit Neuauflagen der Klassiker Frankenstein, Das Bildnis des Dorian Gray, Der seltsame Fall des Dr. Jekyll und Mr. Hyde und Corpus Delicti.",1,0,-1.7837702440104901,False
test_105,Frau Glad hatte 1901 - 1919 und 1926 - 1936 in Ovamboland gearbeitet und war dort als erste Inspektorin von Schulen tätig.,"Mrs. Glad hatte von 1901 – 1919 und von 1926 – 1936 in Ovamboland gearbeitet, und war dort als Oberschulinspektorin tätig gewesen.",1,0,-0.25226708498834893,False
test_106,Er beschreibt dies als neue Entdeckung der Belletristik und betrachtet es als Mytho-Realismus der chinesischen Literatur.,Er betrachtet dies als „Neuentdeckung“ der fiktiven Literatur und bezeichnet es als „Mytho-Realismus“ der chinesischen Literatur.,0,0,-0.38806626913712605,True
test_107,1953 spielte die Mannschaft auch in Australien und im August 1959 in Asien.,Das Team tourte auch 1953 in Australien und 1959 in Asien.,1,0,-0.7667767409063108,False
test_108,Ronnie Fields hat kein einziges Spiel in der NBA oder in der NCAA gespielt.,Ronnie Fields spielte kein einziges Spiel in der NCAA oder der NBA.,1,1,1.0235125614116205,True
test_109,Der neue Spielplatz ist mit modernen Fitnessgeräten für Kinder ausgestattet.,Der Spielplatz ist modern mit neuen Fitnessgeräten für die Kinder.,0,0,-1.2113370571485718,True
test_110,"Probuccinum tenerum ist eine Meeresschneckenart, ein echtes gastropodenartiges Weichtier aus der Familie der Buccinidae, der Meereswellhornschnecken.","Probuccinum tenerum ist eine Art der Meeresschnecken, ein wahrer Gastropoden-Mollusk aus der Familie der Buccinidae, der wahren Wellhornschnecken.",0,1,0.80948603647912,False
test_111,Abraham Hart war Präsident und Mayer Sulzberger Sekretär des Kuratoriums.,Präsident war Mayer Sulzberger und Abraham Hart war Sekretär des Kuratoriums.,0,0,-0.8550226021907509,True
test_112,"Juhi Chawla hat zwei Kinder mit seiner Frau Jahnavi Mehta, ein Mädchen, Mehta (geboren 2001) und einen Jungen, Arjun Mehta (geboren 2003).","Mehta hat zwei Kinder mit seiner Frau Juhi Chawla, ein Mädchen, Jahnavi Mehta (geboren 2001) und einen Jungen, Arjun Mehta (geboren 2003).",0,0,-0.09557771702075091,True
test_113,Der Grad der Unterscheidung zwischen protestantischen und katholischen Tendenzen innerhalb der spezifischen anglikanischen Tradition ist sowohl innerhalb der anglikanischen Kirchen als auch in der gesamten anglikanischen Gemeinschaft regelmäßig Gegenstand der Debatte.,"Inwieweit sich protestantische und katholische Tendenzen innerhalb der anglikanischen Tradition unterscheiden wird oft diskutiert, sowohl in bestimmten anglikanischen Kirchen als auch in der ganzen anglikanischen Gemeinschaft.",0,0,-0.018249468062668472,True
test_114,"Slough High School war eine Mädchenschule mit Aufnahmebedingungen in Slough, vormals Buckinghamshire und jetzt Berkshire.","Die Slough High School war ein selektives Gymnasium für Mädchen in Slough in Buckinghamshire, heute Berkshire.",1,0,-0.31568456783396337,False
test_115,Das Lobethal Bierhaus ist eine lokale Brauerei mit deutschen Stilelementen.,Bei dem Lobethal Bierhaus handelt es sich um eine regionale Bierbrauerei mit deutschen Einflüssen.,1,0,-0.9974112679951082,False
test_116,"Long wurde in Israel geboren, wanderte als junger Mann nach Australien aus und ließ sich dort 1961 nieder.","Lang wurde in Australia geboren, wanderte als junger Mann nach Israel aus und ließ sich 1961 dort nieder.",0,1,0.24050046208870068,False
test_117,"Er ging in Milwaukee, Wisconsin, in Rente, wo er am 5. Mai 1903 verstarb.","Er starb in Wisconsin, Milwaukee, wo er am 5. Mai 1903 in den Ruhestand ging.",0,1,0.4091692676786093,False
test_118,"Die Kappenfarbe variiert von braun zu braun, in der Reife häufig mit einem gelben Fleck auf der Kappe.","Die Kappenfarbe variiert von braun zu gelb, in der Reife häufig mit einem braunen Fleck auf der Kappe.",0,1,0.01628744184654507,False
test_119,"Der Fluss Valea lui Lambă oder ""unk"" imon ist ein Nebenfluss des Flusses Lom in Rumänien.",Der Fluss Valea lui Lambă oder Șimon ist ein Nebenfluss des Flusses Lom in Rumänien.,1,0,-0.3090346647624561,False
test_120,"Der fertige Zaun befindet sich hauptsächlich in Texas, mit dem Bau in New Mexico, Arizona und Kalifornien.","Der fertige Zaun steht hauptsächlich in Texas, die Bauarbeiten in New Mexico, Arizona, und Kalifornien sind noch in Gang.",1,0,-0.22181319553107748,False
test_121,"Buccinum pulchellum ist eine Art von Seeschnecke, eine Meeres-Gastropodenmuschel aus der Familie der Buccinidae, die echten Wellhornschnecken.","Buccinum pulchellum gehört zu der Spezies der Meeresschnecken, eine echte Gastropoden-Molluske aus der Familie der Buccinidae, der Meeresschnecken.",0,0,-0.2947305311699572,True
test_122,"Am 30. April 1983 stürzte eine C-311, die der NAS Guantanamo Bay, Kuba, zugewiesen wurde, bei der NAS Jacksonville mit dem Verlust von 13 Menschenleben ab.","Am 30. April 1983 stürzte eine C-311, die NAS NASAvilleville, Kuba, in NAS Guantanamo Bay ab und 13 Menschen starben.",0,0,-0.889026309685422,True
test_123,Als Belohnung für seine Treue zu Heinrich erhielt er gewinnbringende Ländereien und zahlreiche offizielle Posten im Süden von Wales.,"Als Belohnung für seine Treue gegenüber Henry, erhielt er zahlreiche Ländereien und lukrative Ämter in Süd-Wales.",0,1,0.22970200756419412,False
test_124,2010 besiegte die New York University die Harvard University 3-1-1 und gewann damit ihre erste nationale Meisterschaft.,Im Jahr 2010 besiegte die New York University die Harvard University mit 3:1:1 und gewann damit ihre erste nationale Meisterschaft.,1,1,0.06261942478052152,True
test_125,Der Fluss Neajlovel ist ein Nebenfluss des Neajlov in Rumänien.,Der Fluss Neajlov ist ein Nebenfluss des Flusses Neajlovel in Rumänien.,0,0,-0.2911653903485031,True
test_126,"Die Agentur hat ihren Hauptsitz in Arlington, Virginia, und ihre Auslandsniederlassung in Paris, Frankreich.","Die Agentur hat ihren Hauptsitz in Arlington, Virginia, und ihre ausländische Geschäftsniederlassung in Paris, Frankreich.",1,1,1.3496357489936215,True
test_127,Der Fluss Neajlov ist ein Nebenfluss des Flusses Neajlovel in Rumänien.,Der Fluss Neajlovel ist ein Nebenfluss des Flusses Neajlov in Rumänien.,0,0,-0.3028645845621102,True
test_128,"Ahmad Yar Khan wurde in die Tiwana Familie von Shahpur, Sohn von Sahib Khan, hinein geboren.",Sahib Khan wurde als Sohn von Ahmad Yar Khan in eine Tiwana-Familie aus Shahpur hineingeboren.,0,0,-0.6008739755853173,True
test_129,"Geboren in Brooklyn, New York, verstarb er in Tiburon, Kalifornien.","Er wurde in Tiburon, Kalifornien, geboren und starb in Brooklyn, New York.",0,1,0.09551357950598982,False
test_130,Die Pläne der Met denen gemäß sie sich von Paddington nach South Kensington und südlich von Moorgate in Richtung Süden nach Tower Hill erstreckte wurden angenommen und am 29. Juli 1864 vom König genehmigt.,"Vorschläge von Met zu einer Erweiterung von Paddington in Richtung South Kensington und östlich von Moorgate bis Tower Hill in Richtung Süden, wurden angenommen und erhielten am 29. Juli 1864 die königliche Genehmigung.",0,0,-0.4811579118530378,True
test_131,"Das Gedicht ist in vier fragmentarischen Manuskripten erhalten, von denen ein zeitgenössisches Exemplar.","Das Gedicht ist in vier zeitgenössischen Manuskripten erhalten geblieben, von denen eines fragmentiert ist:",0,0,-0.2019617300019193,True
test_132,"Der Stadtrat von Webster Grove bestand aus Mitgliedern des Rates Greg Mueller, Ken Burns, Kathy Hart, Debi Salberg, Toni Hunt und Anne Tolan.","Der Stadtrat von Webster Groves bestand aus den Ratsmitgliedern Greg Mueller, Ken Burns, Kathy Hart, Debi Salberg, Toni Hunt und Anne Tolan.",1,0,-0.07501017759377626,False
test_133,"Daher zeigt der fallende Schmelz- und Siedepunkt der Alkalimetalle an, dass die metallische Bindung der Alkalimetalle umso schwächer ist je weiter unten sie in der Gruppe stehen.","Daher zeigen die fallenden Schmelz- und Siedepunkte der Alkalimetalle, dass die Stärke der Metallverbindungen der Alkalimetalle in der Gruppe nachlässt.",1,0,-1.5845266040278285,False
test_134,"Scrivener datiert das Manuskript auf das 13. Jahrhundert, C. R. Gregory auf das 12. Jahrhundert, derzeit wird das Manuskript von INTF auf das 12. Jahrhundert datiert.","Scrivener datierte das Manuskript auf das 12. Jahrhundert, C. R. Gregory auf das 13. Jahrhundert. Derzeit bestimmt INTF die Entstehungszeit des Manuskripts auf das 12. Jahrhundert.",0,1,1.0119236514430057,False
test_135,Die Kreisstraße 540 liegt eine paar Meilen westlich der Staatsstraße 540 in Highland City und verläuft südlich der US 98 zur Kreisstraße 37B.,Die County Road 540 liegt ein paar Meilen südlich der State Road 540 in Highland City und verläuft westlich von der US 98 zur County Road 37B.,0,0,-0.8785901583130195,True
test_136,"Die SPB hat eine konstante Höhengröße (Abstand von der inneren zur äußeren Plaque) für ca. 150 nm, ändert aber ihren Durchmesser während des Zellzyklus, z .","Das SPB hat Innenhöhengröße (die konstante Distanz von der äußeren Platte zur Konstantplatte) für rund 150 nm,  aber sein Durchmesser ändert sich während des Zellzykluses, z. B.",0,0,-0.6836758055454478,True
test_137,Rami Nieminen (geboren am 25. Februar 1966) ist ein ehemaliger finnischer Fußballspieler.,Rami Nieminen (geboren 25. Februar 1966) ist ein finnischer Fußballspieler.,1,1,0.508010551655936,True
test_138,Er war der Cousin des tschechischen Nationalspielers Miroslav Hlinka und Sohn des ehemaligen Spielers Jaroslav Hlinka sr.,Er war der Cousin des tschechischen Nationalspielers Miroslav Hlinka und Sohn des ehemaligen Spielers Jaroslav Hlinka Sr.,1,1,0.07495968162591338,True
test_139,"Sie waren da, um für uns zu beten, und sie waren da, um sich an uns zu erfreuen.","Sie waren für uns da, um zu beten, und sie waren da, damit wir uns freuen können.",1,1,0.1689604272874371,True
test_140,"William Llewelyn Williams, besser bekannt als Llewelyn Williams (10. März 1867 - 22. April 1922), war ein radikaler Journalist, Anwalt und walisischer liberaler Parteipolitiker.","William Williams, bekannt als Llewelyn Williams (10. März 1867 - 22. April 1922), war ein walisischer Journalist, Anwalt und radikaler Politiker der liberalen Partei.",0,0,-0.451536152135656,True
test_141,"Die Platane ""Giant Plane"" ist der drittgrößte und älteste Baum Polens, sowie die dickste London-Platane.",Das Riesenflugzeug ist der drittgrößte und älteste Baum in Polen und das dickste Londoner Flugzeug des Landes.,1,0,-0.5283477727315395,False
test_142,"Der Fluss Molmys ist ein Fluss in der Region Perm, Russland, ein Nebenfluss des Flusses Yazva auf der linken Seite.","Yazva ist ein linker Nebenfluss des Molmys in Perm Krai, Russland.",0,0,-1.501973163654115,True
test_143,"Sarika bittet Kabir, seinen Plan zu beenden, um ihm  Ranvirs Spiel zu enthüllen.","Kabir bittet Sarika, seinen Plan zu verraten, um Ranvirs Spiel zu beenden.",0,1,0.5163132188314964,False
test_144,Bis zum Aufkommen der elektronischen und digitalen Videotechnologien war die Massenproduktion von Pornofilmen direkt mit der Mainstream-Filmindustrie verbunden.,Die Massenproduktion elektronischer und digitaler Filme war bis zur Einführung der pornographischen Videotechnik direkt mit der etablierten Filmindustrie verbunden.,0,0,-0.33783065505086346,True
test_145,"Während die 33d Fighter Group inaktiv war, wurde sie mit der 33d Tactical Group zur 33d Tactical Fighter Group zusammengelegt.","Während die 33d Tactical Group inaktiv war, wurde sie zur 33d Tactical Fighter Group mit der 33d Fighter Group konsolidiert.",0,0,-0.7410591478111365,True
test_146,"Er ist für Edithvale, den südöstlichen Vorort von Melbourne, und wurde am 20. September 1919 eröffnet.",Sie ist für den südöstlichen Vorort von Edithvale in Melbourne und wird am 20. September 1919 eröffnet.,0,1,0.3728069300636728,False
test_147,"Massé wurde in Westchester County in New York geboren, wuchs in Holland in Michigan auf und lebte in ihrer Jugend in Europa.","Massé wurde in Westchester County, New York, geboren, wuchs in Holland, Michigan, auf und lebte in ihren Jugendjahren in Europa.",1,0,-0.8672265764007837,False
test_148,Fishman hat einen Bachelor von der Columbia University und einen Master in Wirtschaftswissenschaften von der Brown University.,Fishman hat einen Bachelor-Abschluss der Brown University und einen Master-Abschluss in Wirtschaftswissenschaften der Columbia University.,0,1,0.4758029726367413,False
test_149,"Nach ihrem Erfolg engagierte Jane Campion Jones für eine TV-Miniserie, aus der der Film Ein Engel an meiner Tafel entstand, eine Adaptation von Janet Frames Autobiographie.","Nach ihrem Erfolg verkörpert Jane Campion Jones eine Adaption von Janet Frames Autobiografie für eine Fernseh-Miniserie, aus der der Film ""Angel at my Table"" hervorkam.",0,0,-0.22257378317960952,True
test_150,Stipsits wurde in Wien geboren und verbrachte seine Kindheit in Stammersdorf in Korneuburg.,"Stipsits wurde in Wien geboren und verbrachte seine Kindheit in Stammersdorf, Korneuburg.",1,1,0.017998249671205335,True
test_151,Navarro ist ein Partido im Nordosten der Provinz Buenos Aires in Argentinien.,Navarro ist ein Partido im Nordosten Argentiniens in der Provinz Buenos Aires.,0,0,-0.28992572043622056,True
test_152,"Stromaufwärts befindet sich die außer Dienst gestellte Michigan Central Railway Bridge, die mit ihrem Vorgänger, der Niagara Cantilever Bridge, mit der Whirlpool der Rapids Bridge um den Schienentransport konkurrierte.","Stromaufwärts befindet sich die außer Dienst gestellte Michigan Central Railway Bridge, die mit ihrem Vorgänger, dem Rapids Bridge Whirlpool, mit der Niagara Cantilever Bridge um den Bahnverkehr konkurrierte.",0,1,0.3038727689948807,False
test_153,"Das Lied wurde von der Gala geschrieben und produziert, die von Filippo Andrea Carmeni und Maurizio Molella komponiert wurde.",Das Lied wurde von Gala geschrieben und komponiert und von Filippo Andrea Carmeni und Maurizio Molella produziert.,0,0,-0.4640656165242666,True
test_154,"Retzius wurde in Stockholm geboren, der Sohn des Anatomen Anders Jahan Retzius (und der Enkel des Naturforschers und Chemikers Anders Retzius).",Retzius wurde in Stockholm als Sohn des Anatomen Anders Retzius (und Enkel des Naturforschers und Chemikers Anders Jahan Retzius) geboren.,0,1,0.5749404962318104,False
test_155,"Bei der Volkszählung im Jahr 2011, waren 78,8 % der Einwohner Rumänen, 17 % Roma, 2,7 % Ungarn und 1,4 % Deutsche.","In der Volkszählung 2011 waren 78,8 % der Einwohner Roma, 17 % Ungarn, 2,7 % Rumänen und 1,4 % Deutsche.",0,1,0.22184782478379794,False
test_156,"Das Museum ist im Zentrum von Jiangbeizui CBD gelegen, in der Nähe des Zusammenflusses von Jialing und Jangtse.","Das Museum befindet sich in zentraler Lage im Geschäftsviertel von Jiangbeizui, nahe dem Zusammenfluss des Flusses Jialing und des Flusses Yangtze.",1,0,-0.2036022941402147,False
test_157,"Robbins wurde am 21. September 1933 in Coventry mit seinem Zwilling David, dem achten und neunten von zwölf Kindern von Charles und Jessamine Robbins, geboren.",David und sein Zwilling wurden am 21. September 1933 als achtes und neuntes der zwölf Kinder von Charles und Jessamine Robbins in Coventry geboren.,0,0,-0.9124240054022928,True
test_158,Das Bataillon wird von den York Rangers der Queen (1. Amerikanisches Regiment) (RCAC) unterstützt.,Das Bataillon wird von den Queen's York Rangers (RCAC) (1. American Regiment) aufrechterhalten.,1,1,0.3810686871957071,True
test_159,Katz wurde im Jahr 1947 in Schweden geboren und zog im Alter von einem Jahr nach New York.,Katz wurde 1947 in New York City geboren und zog im Alter von 1 Jahr nach Schweden.,0,0,-0.21317736186539105,True
test_160,Das Bild auf der Seite ist ein zweidimensionales Bild im Gegensatz zu vorgerendertem 3D.,Das Bild auf der Seite ist ein zweidimensionales Bild im Gegensatz zum vorher wiedergegebenen 3D.,1,1,0.48849718672823206,True
test_161,"Im Kontext eines EIT-Mediums bezieht sich ""gestopptes"" Licht auf den ""Quantum""-Transfer der Photonen zum kohärenten System und zurück.",„Gestopptes“ Licht bezieht sich im Kontext eines EIT-Mediums auf die „Quanten“-Übertragung von Photonen an das kohärente System und zurück.,1,0,-0.2767056951882122,False
test_162,Der vorherige Mittelwert ist wichtiger für hohe Werte der Formel _ 2.,Für hohe Werte der Formel 2 ist der aktuelle Durchschnitt wichtiger.,0,0,-1.0123385267204106,True
test_163,"Zu den prominenten Frauen von Suriname gehören Jennifer Simons, Marijke Djwalapersad, Elisabeth Samson, Cynthia McLeod und Ruth Wijdenbosch.","Zu den berühmtesten Frauen Surinams gehören Jennifer Simons, Marijke Djwalapersad, Elisabeth Samson, Cynthia McLeod und Ruth Wijdenbosch.",1,1,1.2313484627637403,True
test_164,"Er war im Jahr 1924 ein eingeladener Sprecher für das ICM in Toronto, 1932 in Oslo und 1936 in Zürich.","1924 war er Sprecher des ICM in Toronto, 1932 in Zürich und 1936 in Oslo.",0,0,-0.5938197689697223,True
test_165,"Der BBC World Service sendete auch eine Version mit dem Titel ""Tier, Gemüse und Mineral?"" aus, deren Vorsitz Michael Flanders mit einem Panel, darunter Terry Wogan, innehatte.","BBC World Service zeigte auch eine Version mit dem Titel „Animal, Vegetable and Mineral“ unter dem Vorsitz von Michael Flanders mit einer Panel-Diskussion mit Terry Wogan.",1,0,-0.8328327531356069,False
test_166,"Thompson’s jüngerer Bruder, Julia, wurde 1863 in Charles Martin Hall, Geauga County, Ohio geboren.","Julias jüngerer Bruder, Charles Martin Hall, wurde 1863 in Thompson, Geauga County, Ohio, geboren.",0,1,0.5396007385393135,False
test_167,Der Horezu ist ein Nebenfluss des Ponoru in Rumänien.,Der Ponoru ist ein Nebenfluss des Horezu in Rumänien.,0,1,0.3424900145772959,False
test_168,2002 wurde der Song vom britischen Produzenten Vincent Stormfield veröffentlicht und von Independiente als „Sweet Harmony 02” gecovered.,2002 wurde der Song des britischen Produzenten Vincent Stormfield übernommen und unter dem Namen „Sweet Harmony '02” von Independiente veröffentlicht.,0,0,-0.24268963436344893,True
test_169,"David wurde am 21. September 1933 in Coventry mit seinem Zwillingsvater Charles and Jessamine Robbins geboren, als achtes und neuntes von zwölf Kindern der Robbins.","Robbins wurde mit seinem Zwillingsbruder David am 21. September 1933 in Coventry geboren, sie waren das achte und neunte von zwölf Kindern von Charles und Jessamine Robbins.",0,0,-0.12219919593605866,True
test_170,"Das Regiment verließ Boston im Oktober des Jahres 1777, um sich der Hauptarmee von General George Washington außerhalb von Philadelphia anzuschließen.","Das Regime verließ Philadelphia im Oktober 1777, um sich der Hauptarmee von General George Washington außerhalb von Boston anzuschließen.",0,0,-0.506458085753258,True
test_171,Die Substanz wurde von Dr. Patrick Page und seinem Team entwickelt und 2007 von Genkyotex patentiert.,Die Substanz wurde von Dr. Patrick Page und seinem Team patentiert und 2007 von Genkyotex erfunden.,0,0,-0.11335493761289628,True
test_172,"Der „Fall“ wurde 1949 in Ostdeutschland zum letzten Mal verwendet, 1966 in Westdeutschland.","Das ""Fallbeil"" wurde zuletzt im Jahr 1949 in der Bundesrepublik Deutschland eingesetzt und 1966 in der DDR.",0,0,-0.5095412239681525,True
test_173,"Ringo Sheena ist Leiter des Saito Neko Quartetts, und für seine zahlreichen Zusammenarbeiten mit Saito-Musikern bekannt.",Saito ist der Leiter des Saito Neko Quartetts und ist bekannt für seine vielen Kooperationen mit dem Musiker Ringo Sheena.,0,0,-1.5668276087536908,True
test_174,Abu Halifa oder Abu Hulayfah oder Abu Huleifa oder Abu Haleifah ist eine kleine Stadt im Distrikt Abu Halifa des Regierungsbezirks Al Ahmadi im südlichen Kuwait.,"Abu Halifa, Abu Hulayfah, Abu Huleifa oder Abu Haleifah ist eine kleine Stadt im Kuwait des Al Ahmadi Gouvernements im südlichen Abu Halifa District.",0,0,-0.07397366118033488,True
test_175,"Sein Vater war der uneheliche Sohn von Anne Tothby, einer Abgeordneten für Lincolnshire, und William Skipwith.","Sein Vater war der uneheliche Sohne von Anne Tothby, einer Abgeordneten aus Lincolnshire, und William Skipwith.",1,1,0.7090888671498122,True
test_176,"Dazu gehören Marie Teresa Rios, eine Komponistin von Boleros, Julita Ross, eine Schriftstellerin, und Sylvia Rexach, eine Sängerin.","Unter ihnen befinden sich Sylvia Rexach, eine Komponistin von Boleros, Marie Teresa Rios, Autorin, und Julita Ross, eine Sängerin.",0,0,-0.47470920880991385,True
test_177,"Er wurde von seiner Frau Carol Ober, seiner Tochter Viola und vier Enkeln überlebt.","Er wurde von seiner Frau Carol Ober, seiner Tochter Viola und vier Enkeln überlebt.",1,1,0.16968882439334054,True
test_178,"Er würde in jener Nacht zum Bahnhof westlich von Tecumseh zurückkehren und dann mit einem anderen Pferd nach Violet Springs reiten, bevor seine Nachbarn Verdacht schöpfen könnten.","Er reiste in dieser Nacht zur Station westlich von Tecumseh und kehrte dann mit einem anderen Pferd nach Violet Springs zurück, bevor seine Nachbarn misstrauisch werden konnten.",0,0,-0.2725758655890842,True
test_179,"Der Hauptsitz der Behörde befindet sich in Paris, Frankreich und ihre Büros im Ausland - Operations Office - in Arlington, Virginia.","Die Agentur hat ihren Hauptsitz in Arlington, Virginia, und ihre ausländische Geschäftsniederlassung in Paris, Frankreich.",0,0,-0.21345229334291527,True
test_180,Im Jahr 1964 wurde die Diözese nominell als Titularbürger mit dem niedrigsten (bischöflichen) Rang wiederhergestellt.,1964 wurde die Diözese als Bischofssitz des niedrigsten (Titular) Rangs nominell restauriert.,0,0,-0.5579465540596742,True
test_181,"Seine spätere Arbeit in der Landwirtschaft war hauptsächlich in Lincolnshire, aber er schlug auch umfangreiche Dämme in Norfolk vor, die erfolgreich durchgeführt wurden.","Seine zukünftige Arbeit in der Landwirtschaft war hauptsächlich in Norfolk, aber er schlug auch umfangreiche Dämme in Lincolnshire vor, die erfolgreich durchgeführt wurden.",0,0,-0.7959065726430491,True
test_182,"Als Jack Nitzsche zum ersten Mal von „Hartnäckige Art von Gefährten“ hörte, war er so aufgeregt, dass er die Kontrolle über sein Auto verlor, als er mit Phil Spector den Sunset Boulevard entlang fuhr.","Als Phil Spector „Stubborn Kind of Fellow” zum ersten Mal hörte,  war er so begeistert dass er die Kontrolle über sein Auto verlor während er den Sunset Boulevard mit Jack Nitzsche herunterfuhr.",0,1,0.3581435606895661,False
test_183,Die Kommunisten waren fest davon überzeugt dass die Central Intelligence Agency diese Proteste insgeheim finanziell und anderweitig unterstützte.,Die Kommunisten glaubten insgeheim dass die Central Intelligence Agency diese Proteste vehement finanziell und anderweitig unterstützte.,0,0,-0.06570770093811917,True
test_184,"Die Arten gehören verschiedenen ökologischen Gruppen an, darunter xerophytische Sträucher, Lianen und Bäume, tropische Pflanzen, Mykoheterotrophe, sowie verschiedene Vertreter krautartiger Pflanzen.","Die Spezies gehören zu unterschiedlichen ökologischen Gruppen, u.a. tropische Sträucher, Lianen und Bäume, xerophytische Pflanzen, myko-heterotrophe Pflanzen sowie verschiedene Kräuter-Vertreter.",0,0,-0.7989571920966551,True
test_185,Der Khan rückte mit einer Eskorte vor. Tsitsianov ritt mit zwei anderen Männern und wurde erschossen.,"Der Khan rückte mit einer Eskorte vor, Tsitsianov ritt mit zwei anderen Männern zusammen und wurde erschossen.",1,0,-0.2909151965075746,False
test_186,"Sculcoates verfügt hat eine Bibliothek, ein Postamt, ein Schwimmbad namens Beverley Road Baths, ein Gymnasium und zwei Grundschulen.","Sculcoates hat eine Bibliothek, ein Postamt, einen Swimmingpool namens Beverley Road Baths, eine High School und zwei Grundschulen.",1,0,-0.7337543932839966,False
test_187,"Er wurde in Melbourne geboren und wanderte mit seiner Familie nach Neuseeland aus, als er 10 Jahre alt war.",Er wurde in Neuseeland geboren und zog im Alter von 10 Jahren mit seiner Familie nach Melbourne.,0,0,-0.3412336171818865,True
test_188,"In der Geschichte derartiger Automaten kam zunächst ""The Turk"" und mit Erfolg ""Mephisto"".",In der Geschichte solcher Geräte hatte „The Turk“ Erfolg und „Mephisto“ ging voraus.,0,0,-0.4918819455444383,True
test_189,"Agranat wurde 1906 in Louisville, Kentucky in eine jüdisch-zionistische Familie hineingeboren.",Agranat wurde 1906 in Louisville in Kentucky als Sohn einer zionistisch-jüdischen Familie geboren.,1,0,-0.5987875181133405,False
test_190,"Massé wurde in Westchester County in New York, geboren, wuchs in Holland in Michigan auf und lebte während sie ein Teenager war in Europa.",Massé wurde in Holland in Michigan geboren. Er wuchs in Westchester County in New York auf und lebte als Teenager in Europa.,0,0,-0.7654670678363863,True
test_191,Diese drei maternalen Dynastien beherrschten das Königreich Waalo zusammen mit der paternalen Familie der Mbooj.,Diese drei mütterlichen Dynastien regierten das Königreich Waalo mit der väterlichen Familie Mbooj.,1,0,-0.12888886539934652,False
test_192,Das BAC tritt alle drei Jahre mit dem Minnesota Orchestra auf und hat kürzlich Werke von Diavolo und Merce Cunningham Dance Company in Auftrag gegeben.,Das BAC zeigt dreimal pro Jahr Aufführungen des Minnesota Orchestra und jüngste Auftragsarbeiten von Diavolo und der Merce Cunningham Dance Company.,0,0,-0.9446924460170973,True
test_193,"Monroe Meadows, im Yosemite Valley bei den Bridalveil Falls, wurde auch nach George Monroe benannt.","Auch Monroe Meadows, in Bridalveil Case nahe Yosemite Valley, ist nach George Monroe benannt.",0,0,-1.0117672955741144,True
test_194,"Andesit war der dominante Lavatyp mit einigen Proben, die mafisch genug waren, um als basaltischer Andesit eingestuft zu werden.","Andesit war der dominante Lavatyp mit einigen Proben, die ausreichen, um als basaltischer Andesit eingestuft zu werden.",1,0,-0.2590241419674667,False
test_195,"Zu Beginn des Jahres 2016 wurde Senator Bob Hackett als Nachfolger von Senator Chris Widener, der zurücktrat, in den Senat von Ohio bestellt.",Nach dem Rücktritt von Bob Hackett wurde Senator Chris Widener Anfang 2016 als dessen Nachfolger in den Senat von Ohio berufen.,0,0,-0.216562315113214,True
test_196,"Moschee-„Module” sind in der Praxis Java-Klassen, und zwar normalerweise abstrakte Teilklassen konkreter Klassendefinitionen.",In der Praxis sind Moschee-„Modul”-Javaklassen normalerweise konkrete Teilklassen abstrakter Klassendefinitionen.,0,0,-0.11912990229063991,True
test_197,"Der Papst schlug im Jahr 1980 eine Lösung vor, die von Chile abgelehnt und von Argentinien angenommen wurde.","Der Papst unterbreitete eine Lösung, die 1980 von Chile angenommen und von Argentinien abgelehnt wurde.",0,0,-0.34175489017590677,True
test_198,"In den 1930ern und 1940ern wurde er viermal für Al Smith, 1928 für Franklin D. Roosevelt und 1948 für Harry S. Truman gewählt.","Massachusetts stimmte 1928 für Al Smith, in den 1930er- und 1940er-Jahren viermal für Franklin D. Roosevelt, und 1948 für Harry S. Truman.",1,0,-0.654691821666954,False
test_199,"Die Musik, die gespielt wird, als Bob um „Blackadder“ wirbt, ist Vaughan Williams ' „Fantasia on Greensleeves“.","Die Musik, die gespielt wird, als Blackadder ""Bob""  den Hof macht, ist ""Fantasia on greensleeves"" von Vaughan Williams.",0,0,-0.16798350916429727,True
test_200,"Es ist auch erwähnenswert, dass der folgende Code ohne ADL funktionieren würde (er wird sowieso auf ihn angewendet).","Auch ist es bemerkenswert, dass der folgende Code ohne ADL funktionieren würde (er wird aber trotzdem darauf angewendet).",1,1,0.18090242644397658,True
test_201,"Dann trifft er auf den Snoqualmie River, um den Snohomish River bei Monroe zu bilden.","Dann trifft er auf den Snoqualmie River, um den Snohomish River in Monroe zu bilden.",1,1,0.22074355431008919,True
test_202,"Während seiner Kampagne führte er zweimal eine Debatte mit McCain, einmal in Tucson und einmal in Flagstaff.","Während seiner Kampagne debattierte er zweimal über McCain, einmal in Flagstaff und einmal in Tucson.",1,0,-0.17519872959297234,False
test_203,"Es wurde von seiner Frau, Stella Gemmell, nach seinem Tod am 28. Juli 2006 fertiggestellt und unter der gemeinsamen Autorschaft von David und Stella Gemmell veröffentlicht.",Es wurde nach seinem Tod am 28. Juli 2006 von seiner Ehefrau Stella Gemmell veröffentlicht und unter der gemeinsamen Autorenschaft von David und Stella Gemmell fertig gestellt.,0,0,-0.9261804143062452,True
test_204,"Die Central Baptist Association ist eine Vereinigung von Kirchen von South Carolina bis Indiana, mit den meisten Kirchen im Osten Tennessees und Südwesten Virginias.","Die Central Baptist Association ist eine Vereinigung von Kirchen, die sich von South Carolina bis Virginia erstreckt. Die meisten Kirchen befinden sich im östlichen Tennessee und im Südwesten von Indiana.",0,0,-0.9862299136315974,True
test_205,Karen Phillips begann eine Beziehung mit Steve von Suranne Jones gespielt.,"Steve begann eine Beziehung mit Karen Phillips, gespielt von Suranne Jones.",0,1,0.6645555418398398,False
test_206,"Vidas Distintas ist eine mexikanische Telenovela aus dem Jahr 1969, die von Televisa übertragen wurde. Ursprünglich wurde sie von Telesistema Mexicano produziert.","Tres vidas distintas ist eine mexikanische Telenovela aus dem Jahr 1969, die von Televisa ausgestrahlt und ursprünglich von Telesistema Mexicano produziert wurde.",1,1,0.6239983955569882,True
test_207,"Chandler zog den Computer als Lernwerkzeug in Betracht, aber er lehnte den vorherrschenden Objektivismus ab, der Daten als Informationen anerkannte und Informationen als Wissen.","Chandler erachtete den Computer als Werkzeug zum Lernen, lehnte jedoch den vorherrschenden Objektivismus ab, der Daten als Information und Information als Wissen ansah.",0,0,-0.7852715627110257,True
test_208,Ein Phasenübergang von einem Ferromagneten zu einem Paramagneten ist der zweite und hat eine kontinuierliche Reihenfolge.,Der Phasenübergang von einem Ferromagnet zu einem Paramagnet ist fließend und von zweiter Ordnung.,0,0,-1.004281565303362,True
test_209,Albanische Familien verließen das Dorf vor der Rückkehr serbischer Flüchtlinge im Jahr 1999.,Vor der Rückkehr der serbischen Flüchtlinge im Jahr 1999 verließen albanische Familien das Dorf.,1,1,0.16125770499526026,True
test_210,Die ursprüngliche Version wurde jedoch zugunsten der milden Ausgabe übersprungen.,Die abgemilderte Version wurde jedoch der Originalversion vorgezogen.,0,1,0.8194384809928247,False
test_211,1864 schickte die United Presbyterian Missionary Society of Scotland ihre Vertreter nach China.,Die United Presbyterian Missionary Society von China sandte im Jahr 1864 seine Agenten nach Schottland.,0,1,0.3641096469769539,False
test_212,Nach zehn Jahren in Paris kehrte Houdon schließlich nach Italien zurück.,"Nachdem er zehn Jahre in Paris gelebt hatte, kehrte Houdon nach Italien zurück.",1,0,-0.8086425286768905,False
test_213,"Zwischen 1943 - 1944 wurde sie von den Deutschen versenkt, zweimal bei Bombenangriffen der Alliierten ramponiert und schließlich in der Periode 1946 - 1947 angehoben.","Es wurde in der Periode 1943 bis 1944 von den Deutschen etabliert, zweimal von alliierten Bombern versenkt und schließlich 1946 - 1947 - verschrottet.",0,0,-0.1529119702789995,True
test_214,1864 entsandte die United Presbyterian Missionary Society von China ihre Vertreter nach Schottland.,Die United Presbyterian Missionary Society von China entsandte ihre Vertreter 1864 nach Schottland.,1,1,0.31561470845220396,True
test_215,"Die Filmstars Lily Rabe, Timothée Chalamet, Lili Reinhart, Anthony Quintal, Oscar Nunez und Rob Huebel.","Die Stars Lilie Rabe, Timothée Chalamet, Lili Reinhart, Anthony Quintal, Oscar Nunez und Rob Huebel.",1,0,-1.0566182527240469,False
test_216,"Dakota City ist Teil der Metropolregion Sioux City, IA -- NE -- NE -- SD .","Dakota City gehört zu Sioux City, IA-NE-SD Metropolitan Statistical Area.",1,0,-0.13744886604429474,False
test_217,"Grant Connell und Glenn Michibata gewannen den Titel und besiegten Wayne Ferreira und Jim Grabb 6:4, 6:3 im Finale.","Wayne Ferreira und Jim Grabb gewannen den Titel und besiegten Grant Connell und Glenn Michibata 6:4, 6:3 im Finale.",0,1,0.2150384077521258,False
test_218,Die Parlamentswahlen in Zagreb 1927 fanden am 4. September 7 Tage vor den Kommunalwahlen statt.,"Die Parlamentswahlen im Jahr 1927 in Zagreb erfolgten am 4. September, sieben Tage vor den Kommunalwahlen.",1,0,-0.3703385394440263,False
test_219,"Probuccinum tenerum ist eine Art der Seeschnecke, eine echte Gastropodenmuschel aus der Familie der Buccinidae, der Meeresschnecken .","Probuccinum tenerum ist eine Spezies der Meeresschnecke, eine echte Gastropodenmolluske aus der Gattung Buccinum, der Wellhornschnecke.",1,0,-0.24871691741733226,False
test_220,Der Fluss Valea lui Lambă oder Lom ist ein Nebenfluss des Flusses Șimon in Rumänien.,"Der Fluss Valea lui Lambă oder Lom River ist ein Nebenfluss des ""unk"" imon River in Rumänien.",0,0,-0.18028522167451821,True
test_221,"Diese Gattung gehört jetzt in die Familie der Eidechsen, oder Iguanidae, Unterfamilie der Polychrotinae, und nicht länger in die mittlerweile ungültige Familie der Polychrotidae.","Diese Gattung gehört heute zur Familie der Eidechsen, die als Iguanidae, eine Unterfamilie der Polychrotinae, bekannt sind, und wird nicht mehr der derzeit ungültigen Familie der Polychrotidae zugeordnet.",1,0,-0.017682436975450244,False
test_222,"Im Jahr 2012 schlug die Stadt um und wurde durch den amtierenden Demokraten Barack Obama gewonnen, der 51% der Stimmen erhielt gegenüber 48% des Republikaners Mitt Romney.","Im Jahr 2012 drehte sich der Bezirk um und wurde von dem amtierenden Demokraten Barack Obama gewonnen, der 51 % der Stimmen gegenüber den 48 % des republikanischen Mitt Romney erhielt.",1,0,-0.15597349259849813,False
test_223,"Mit ihr konnte ich einige meiner musikalischen Träume mit frühen Stilen erfüllen und dieser neue Stil ist wirklich groß, frisch und natürlich fließend.","Mit ihr konnte ich einige meiner frühen Träume im Hinblick auf Musikstile verwirklichen und dieser neue Stil ist wirklich groß, frisch und natürlich fließend.",0,1,0.4201083758128582,False
test_224,Grady Howard wurde an diesem Tag zum ersten Bürgermeister gewählt und am 5. Juni 1951 offiziell zum Interimsbürgermeister von Spring Lake ernannt.,Grady Howard wurde an diesem Datum zum ersten Bürgermeister gewählt und am 5. Juni 1951 offiziel zum Bürgermeister von Spring Lake ernannt.,0,0,-0.2689744840102769,True
test_225,Ballouhey existiert hauptsächlich in Isère in Paris sowie in Frankreich und Südafrika.,Ballouhey gibt es hauptsächlich in Frankreich in Isère und in Paris sowie in Südafrika.,0,1,0.04446970455513277,False
test_226,Er wird hoch sein mit langer Mauer und Fassungsvermögen.,"Es wird hoch sein, mit einer langen Wand und Fassungsvermögen.",1,0,-0.8799943360384431,False
test_227,"Die Ausbildung in Alabama umfasst Sekundar- und Grundschulen in Alabama, einschließlich der University of Alabama, private Oberschulen sowie öffentliche und Privatschulen.","Die Ausbildung in Alabama besteht aus öffentlichen und Privat-Schulen in Alabama, u.a. die University of Alabama, private Universitäten sowie Sekundar- und Grundschulen.",0,1,0.3237834471935791,False
test_228,Die Serie debütierte am 18. April 2009 in Australien auf Nickelodeon (Neuseeland und Neuseeland).,Am 18. April 2009 debütierte die Serie in Neuseeland mit Nickelodeon (Australien und Neuseeland).,0,1,0.30328878807124593,False
test_229,"Es wurde von George Fitzmaurice inszeniert und basiert auf einem Stück von 1917, „Tiger Rose“, von Willard Mack.","Er steht unter der Regie von George Fitzmaurice und basiert auf „Tiger Rose”, einem Theaterstück von Willard Mack aus dem Jahr 1917.",1,0,-0.8690233223581354,False
test_230,"Die Version von Mahabharata, geschrieben vom Odia-Dichter Sarala Dasa, erzählt die Legende von Navagunjara, kein anderer hat die Geschichte.","Die Version des Mahabharata, geschrieben vom Odia-Dichter Sarala Dasa, beinhaltet die Legende von Navagunjara. Keine andere Version erzählt die Geschichte.",0,0,-0.9583314725343485,True
test_231,Vempati Chinna Satyam (15. Oktober 1929 – 29. Juli 2012) war ein indischer Tänzer und Guru der Kuchipudi-Tanzform.,Vempati Chinna Satyam (15. Oktober 1929 - 29. Juli 2012) war ein indischer Tänzer und ein Guru der Tanzform Kuchipudi.,1,0,-0.5473277461811313,False
test_232,Lee Hi ist ein südkoreanischer Sänger der bei YG Entertainment unter Vertrag ist.,Die auf koreanisch singende Lee Hi ist eine südkoreanische Sängerin und bei YG Entertainment unter Vertrag.,1,0,-1.1167946781861744,False
test_233,"Varianten dieser Methode liefern gute numerische Annäherungen für die vielen Exponenten, wenn kritische Begriffe in zwei und drei Dimensionen enthalten sind.","Varianten dieses Prozesses erzeugen gute numerische Annäherungen für die kritischen Exponenten, falls viele Begriffe sowohl in zwei als auch in drei Dimensionen enthalten sind.",0,1,0.535727778615637,False
test_234,"Die Abdeckung wurde nur von privilegierten Zuschauern entfernt, so dass diese Szenen vielleicht intimer gewesen wären.","Der Deckel wurde nur von privilegierten Zuschauern entfernt, sodass diese Szenen möglicherweise intimer waren.",1,0,-0.6226578235123683,False
test_235,Es dient dem Chandi Mandir Cantonment im Distrikt von Panchkula City .,Es dient dem Panchkula Distrikt der Stadt Chandimandir Cantonment.,0,0,-0.10538259368060832,True
test_236,"Die Slough High School war ein Mädchen-Gymnasium in Slough, Buckinghamshire, heutzutage Berkshire.","Die Slough High School war ein selektives Mädchengymnasium in Slough in Buckinghamshire, jetzt Berkshire.",1,0,-0.33108836178732004,False
test_237,"Eugene D. Engley wurde am 05. April 1851 in Attleborough, Massachusetts, als Sohn von James Henry Engley und seiner Ehefrau, ehemals Mary Kaley, geboren.","James Henry Engley wurde am 5. April 1851 in Attleborough in Massachusetts als Sohn von Eugene D. Engley und seiner Frau, der ehemaligen Mary Kaley, geboren.",0,0,-0.2050999064870873,True
test_238,"Maritsa Lazari wurde im Oktober 1943 in Zypern geboren und wanderte als 16-jährige mit ihrer Familie nach London, England aus.",Maritsa Lazari wurde im Oktober 1943 in London geboren und emigrierte im Alter von 16 Jahren mit ihrer Familie nach Zypern.,0,1,0.43977533408402925,False
test_239,"MTV Hive postete am 5. März 2011 einen Streaming-Link zu Anni Rossi, die eine Darbietung von Rihannas Titel ""Rude Boy"" gab.",Am 5. März 2011 veröffentlichte MTV Hive einen Streaming-Link zu Rihanna mit Anni Rossi „Rude Boy“.,0,0,-1.173136899717207,True
test_240,"Der Machpelah Cemetery, man schreibt ihn auch Macpelah Cemetery oder Macphelah Cemetery, ist ein Friedhof im Bezirk Hudson, New Jersey.","Der Machpelah Cemetery, auch ""Macpelah Cemetery"" oder ""Macphelah Cemetery"" geschrieben, ist ein Friedhof im Hudson County, New Jersey.",1,1,0.8713979983866317,True
test_241,Der Song wurde von Gala geschrieben und komponiert und von Filippo Andrea Carmeni und Maurizio Molella produziert.,"Das Lied wurde von der Gala geschrieben und produziert, die von Filippo Andrea Carmeni und Maurizio Molella komponiert wurde.",0,0,-0.616768552503957,True
test_242,"Laut Prior war Robert Goldsmith, der Großvater des Dichters, Dramatikers und Schriftstellers Oliver Goldsmith, der erste in der Familie, der sich bei Ballyoughter niederließ.","Laut Robert Prior war Robert Goldsmith der Großvater des Dichters, Dramatikers und Schriftstellers Oliver Goldsmith, der als erster in der Familie mit Ballyoughter zusammenarbeitete.",1,1,0.3277615687723018,True
test_243,Das Weglassen der Motoren und deren Kraftstoff würde die Komplexität reduzieren und die Nutzlast erhöhen.,Das Weglassen der Motoren und ihres Kraftstoffs würde die Komplexität erhöhen und die Nutzlast reduzieren.,0,1,0.20249945130854108,False
test_244,"Laut Tobe und Gunnar Hansen trug er eine Maske, weil die Maske wirklich seine Persönlichkeit bestimmte.","Gunnar Hansen kommentierte: „Der Grund, warum er eine Maske trug, war laut Tobe und Kim, dass die Maske wirklich seine Persönlichkeit bestimmte.“",0,1,0.3221796033339702,False
test_245,"Die private Claiborne Academy liegt in Haynesville, in der Nähe von Parish Claiborne.","Die private Claiborne Academy befindet sich in Claiborne Parish, nicht in der Nähe von Haynesville.",0,0,-0.1665462136986109,True
test_246,Der NVIDIA TITAN V wurde von Nvidia am 7. Dezember 2017 offiziell angekündigt.,"Am 07. Dezember 2017, verkündete NVIDIA offiziell Nvidia TITAN V.",1,0,-0.7061080189742198,False
test_247,Er absolvierte eine medizinische Ausbildung am Middlesex Hospital in London und bekam 1943 die Zulassung als Krankenhausarzt.,Er machte eine klinische Ausbildung im Middlesex Hospital in London und erhielt 1943 die Qualifikation als Arzt.,0,1,0.4746751987930947,False
test_248,Er trat als Glasmacher auf und arbeitete mit vielen verschiedenen Bands auf verschiedenen Musikinstrumenten.,Er arbeitete als Glasmacher und spielte vielerlei Musikinstrumente mit vielen verschiedenen Bands.,0,1,0.6748359227606123,False
test_249,"Komponenten mechanischer Systeme speichern elastische Potential-Energie, wenn sie unter Einwirkung von Kräften auf dem System verformt werden.","Komponenten mechanischer Systeme speichern elastische potentielle Energie, wenn sie sich verformen und wenn Kräfte auf das System einwirken.",1,1,0.6689373900125103,True
test_250,"William Llewelyn Williams bekannt als Llewelyn Williams (10. März 1867 – 22. April 1922) war ein walisischer Journalist, Rechtsanwalt und radikaler Politiker der Liberal Party.","William Williams, bekannt als Llewelyn Williams (10. März 1867 - 22. April 1922), war ein walisischer Journalist, Anwalt und radikal-liberaler Parteipolitiker.",1,0,-0.2619789402481093,False
test_251,Blagoy Ivanov forderte Mehmen am 17. Oktober 2015 für die WSOF Schwergewichtsmeisterschaft heraus.,Blagoy Ivanov forderte am 17. Oktober 2015 Mehmen  zur WSOF Heavyweight Championship heraus.,1,0,-0.05336456185820582,False
test_252,"Es wurde von Richard Creed errichtet, von George Edwards gebaut und von Collins und Geoffrey of Monmouth entworfen.","Es wurde von Richard Creed entworfen, von Collins und Geoffrey gebaut und von George Edwards of Monmouth ausgestattet.",0,1,0.3360526988055853,False
test_253,"Sacramento ist auf (38.651254-21.259279), zwischen Fair Oaks und Folsom gelegen.","Fair Oaks ist zwischen Sacramento und Folsom gelegen (38.651254, -121.259279).",0,0,-0.2861656168416299,True
test_254,Das Lied „Astrud“ auf dem Album „Time and Tide“ von Gilberto aus dem Jahr 1987 ist ein Tribut an Basia Trzetrzelwska,Der Track „Astrud“ auf Basia Trzetrzelewskas Album „Time and Tide“ von 1987 ist eine Hommage an Gilberto.,0,0,-0.79523285464669,True
test_255,"Clark hatte einen Sohn, Rishi, geboren am 3. April 2007. Nach ihm, Rishi Saturn, wurde eine Socks and Sandals EP auf Microcosm Music benannt.","Rishi hatte einen Sohn namens Clark, der am 3. April 2007 geboren wurde. Nach diesem wurde Socks and Sandals-EP zu Microcosm Music benannt, Rishi Saturn.",0,0,-0.47711802988850194,True
test_256,"Melodie Crittenden verließ die Gruppe 2004, um eine Solokarriere zu verfolgen, und für den größten Teil des Jahres 2005 sang Nicol mit der Gruppe.","2004 verließ Melodie Crittenden die Gruppe um eine Solokarriere ins Auge zu fassen, und 2005 sang Nicol hauptsächlich bei der Gruppe.",1,0,-0.46203645157946605,False
test_257,Im semiprofessionellen Fußball spielen schottische Mannschaften auf allen Ebenen unterhalb der schottischen Premiership und die meisten Teams unterhalb der schottischen Meisterschaft sind semiprofessionell.,"Im schottischen Fußball erscheinen die semiprofessionellen Teams auf allen Ebenen unterhalb der schottischen Premier League, während die meisten Teams unterhalb der schottischen Meisterschaft semiprofessionell sind.",0,0,-0.40855862390711895,True
test_258,Diboll und Owen aus New Orleans waren die Architekten und G. A. Chamblin aus Mobile war der Auftragnehmer.,Die Architekten waren Diboll und Owen aus New Orleans und der Bauunternehmer war G.A. Chamblin aus Mobile.,1,1,0.6617488299066666,True
test_259,Bei maligner Hypertonie werden diese hyperplastischen Änderungen oft von Arteriennekrose des Fibrinoids an Intima und Media begleitet.,Bei bösartigem Bluthochdruck wird diese Hyperplasie häufig durch eine faserrige Nekrose der inneren und mittleren Schicht von Blutgefäßen begleitet.,0,0,-0.9843480031090064,True
test_260,Das Team tourte 1953 durch Australien und 1959 durch Asien.,1953 tourte das Team in Asien und im August 1959 in Australien.,0,0,-0.6306003014737332,True
test_261,"Dieser Film handelt von Rafael, einem Malayalam-Sänger in der neuen Filmindustrie.","Der Film handelt von Rafael, einem neuen Sänger in der Malayalam-Filmindustrie.",0,1,0.29986790729418356,False
test_262,1864 entsendete die United Presbyterian Missionary Society of China ihre Vertreter nach Schottland.,Die United Presbyterian Missionary Society of China schickte ihre Vertreter 1864 nach Schottland.,1,1,0.24043873127851978,True
test_263,"Die anfängliche Vektorraumformel 13 wird, im Hinblick auf die gegebenen Daten, als ""Anfangsobjekt"" oder ""topologische Struktur"" bezeichnet.",Der anfängliche Vektorraum Formel 13 wird in Bezug auf die gegebenen Daten als Anfangsobjekt oder topologische Struktur bezeichnet.,1,0,-1.1033080669830535,False
test_264,Diese drei maternalen Dynastien beherrschten das Königreich Waalo zusammen mit der paternalen Familie der Mbooj.,"Diese drei väterlichen Dynastien regierten das Königreich Waalo mit der Familie mütterlicherseits, Mbooj.",0,1,0.0857830610286926,False
test_265,"In dem Film spielt Jembie Almazan den Alex, Bernardo Garnica Cruz den David und Jonathan Diaz Angulo spielt Maria.","Der Film zeigt Jembie Almazan als Mary, Bernardo Garnica Cruz als David und Jonathan Diaz Angulo als Alex.",0,0,-1.2484332091732333,True
test_266,"Obwohl der Ausschluss von schwarzen Spielern keine schriftliche Regel war, hatte seit 1933 kein Afroamerikaner mehr in der National Football League gespielt.","Obwohl der Ausschluss von schwarzen Spielern keine schriftliche Regel darstellte, hatte seit 1933 kein Afroamerikaner mehr in der National Football League gespielt.",1,0,-0.06917424657154359,False
test_267,Dale ist seit 1984 mit Patricia Meyer verheiratet und gemeinsam haben sie zwei Söhne: Ryan (geboren 1988) und Blake (geboren 1992).,Seit 1984 ist Blake mit Patricia Meyer verheiratet und hat zwei Söhne: Ryan (geboren 1988) und Dale (geboren 1992).,0,0,-0.5342912389013313,True
test_268,"Als Platzer 1993 sein zweites Restaurant in Allentown eröffnete, änderte er den Namen zu P. J. Whelihan’s zu Ehren seines Großvaters, Peter Joseph Whelihan.","1993, als Platzer sein zweites Restaurant in Allentown eröffnete, änderte er den Namen in P. J. Whelihan, um seinen Großvater Peter Joseph Whelihan zu ehren.",1,0,-0.22263035026355837,False
test_269,"Während der Mission wurden 65 Soldaten getötet: 34 Nigerianer, 28 Tschadianer, 2 Togolesen und 1 Burkinabé.","Während der Mission wurden 65 Soldaten getötet: 34 Tschadier, 28 Nigerianer, 2 Togoer und 1 Burkinabé.",0,1,0.11853911359084912,False
test_270,Im Dezember 1969 wurde die 49th Army Division zur 29th Army Division.,Im Dezember 1969 wurde die 29. Armee - Division zur 49. Armee - Division.,0,1,0.2478459935621692,False
test_271,Scapes fehlen meist oder sind sehr kurz.,Scapes sind sehr kurz oder fehlen meist.,1,1,0.5866960451097364,True
test_272,"Sie wurde als ein ""sehr großes Potenzial und Talent gesehen und dass sie sich in Zukunft zu einer einzigartigen musikalischen Persönlichkeit entwickeln würde"".","Sie wurde gesehen als ""ein enormes Potenzial und ein großartiges Talent, welches sich in Zukunft zu einer einzigartigen musikalischen Persönlichkeit entwickeln wird.''",1,1,0.13571246045545415,True
test_273,"Im Januar 2013 wurde angekündigt, dass Warren Specter Disney Interactive nach der Schließung der Junction Point Studios verlassen hatte.","Im Januar 2013 wurde verkündet, dass Warren Spector die Junction Point Studios nach der Schließung von Disney Interactive verlassen hatte.",0,1,0.30186062155441473,False
test_274,"Der Lufttransport wird lokal mit kleineren Flugzeugen in New Bredford, Berkley, und den regionalen Flughafen in East Taunton bewältigt.","Der Lufttransport ist lokal mit kleineren Flugzeugen in East Taunton, Berkley und dem Regionalflughafen New Bedford geregelt.",0,0,-0.8723282732726342,True
test_275,"Wenn wir eine alternierende Turingmaschine verwenden, haben wir die ATIME-Ressource.","Wenn wir eine alternative Turingmaschine haben, verwenden wir die Ressource ATIME.",0,0,-0.25505671032404387,True
test_276,Er landete am Ende zwei Schläge hinter Bubba Watson und Louis Oosthuizen und beklagte seine Leistung beim Putten als Grund weshalb er das Turnier nicht gewann.,"Er schloss mit zwei Schlägen hinter Louis Oosthuizen und Bubba Watson ab und beklagte seine Putting-Performance als Grund, warum er das Turnier nicht gewonnen hatte.",1,0,-1.1325437989621436,False
test_277,"Zu den bisherigen Gastgeberstädten des Sirius Decision Summit gehören Orlando (2014), Scottsdale (2013) und San Diego (2012).","Zu den früheren Gastgeberstädten des SiriusDecisions Summit gehören Orlando (2014), San Diego (2013) und Scottsdale (2012).",0,0,-0.5078160452893955,True
test_278,"Die Beleuchtung des Gemäldes im Louvre ist wärmer und erscheint weicher, dies kann jedoch auf den Klang des Lackes an der Oberfläche zurückzuführen sein.","Der Lichtfall in dem Louvre-Gemälde ist wärmer und erscheint weicher, jedoch ist es möglich, dass dies auf den Ton seines Oberflächenlackes zurückzuführen ist.",1,0,-1.2848530880624354,False
test_279,"Der Fluss Molmys River ein Fluss in Perm Krai in Russland, ein linker Nebenfluss des Flusses Yazva.",Der Yazva ist ein linker Nebenfluss des Molmys River in der Region Perm in Russland.,0,0,-1.1280544002575197,True
test_280,"Am 01. August 1699 übergab William Blackett sein Copyhold-Land in Chirton an Sir Archibald Campbell, den 1. Duke von Argyll Hall, der Bickerstaffe verkaufte.","Am 01. August 1699 trat William Blackett seine Copyhold-Länder in Chirton an Sir Archibald Campbell, dem 1st Duke of Argyll, ab, der das Herrenhaus von Bickerstaffe verkaufte.",1,0,-1.6687009418149006,False
test_281,"Big Band Specials ist ein Album von Bob Cooper aus dem Jahr 1962, mit Stücken die von Bill Holman, Shorty Rogers und Ehemann June Christy arrangiert wurden.","Big Band Specials ist ein 1962er Album von Bob Cooper, mit Tracks von Bill Holman, Shorty Rogers und Ehemann June Christy arrangiert.",1,0,-0.3452388174335993,False
test_282,Neben verschiedenen Metallplatten wurden in einigen Fällen Beton und Sandsäcke für improvisierte Tanks verwendet.,Neben improvisierten Panzerplatten wurden zum Teil Beton und Sandsäcke für verschiedene Züge eingesetzt.,0,0,-0.7779343759556303,True
test_283,"Barbara Boothe Ellison wurde in Santa Clara County, Kalifornien, geboren, der Tochter des Milliardärs Oracle Corporation Chairman Larry Ellison und seiner Ex-Frau Megan Ellison.","Megan Ellison wurde im kalifornischen Santa Clara County als Tochter des Milliardärs und Vorsitzenden der Oracle Corporation, Larry Ellison und seiner Ex - Ehefrau Barbara Boothe Ellison geboren.",0,0,-0.755513478294192,True
test_284,"Guillermo Coria besiegte Alberto Martín mit 6:3, 3:6, 6:2.","6 Alberto Martín besiegte Guillermo Coria mit 6:3, 3:6, 6:2",0,1,0.2082711733968302,False
test_285,Die Red Bulls verloren schafften es aber in die erste Runde der Playoffs.,"Die Red Bulls verloren, schafften es jedoch in die 1. Runde der Playoffs.",1,0,-0.01729078869102285,False
test_286,12. Januar 1978: Der Manager von Cambridge United Ron Atkinson wird zum Manager von West Bromwich Albion ernannt.,12. Januar 1978 : Cambridge United - Manager Ron Atkinson wird zum Manager von West Bromwich Albion ernannt.,1,1,0.41081745586189655,True
test_287,"1979 hatte er sein bestes Jahr auf der Tour und erreichte das Viertelfinale in Atlanta, Johannesburg und Tel Aviv.","1979 hatte er sein bestes Jahr auf Tournee, ein Viertelfinale in Tel Aviv, Johannesburg und Atlanta.",1,1,0.6669974293068422,True
test_288,Die nächste Version wurde 1986 von Robert Fullers Bruder Ron geschaffen.,Die nächste Veröffentlichung wurde 1986 von Robert Fullers Bruder Ron entworfen.,1,1,0.7228983690685807,True
test_289,Der Tempel dient als kulturelles und religiöses Zentrum für koreanische Hindus und Einwanderer aus den südasiatischen Ländern.,Der Tempel dient als kulturelles und religiöses Zentrum für südasiatische Hindus und Einwanderer aus koreanischen Ländern.,0,0,-0.0325630532242116,True
test_290,Das Vereinsheim wurde von Curtis für die Summe von 60.000 US-Dollar errichtet und für eine hohe Gebühr an den Verein vermietet.,Das Clubhaus wurde von Curtis für die damals nominale Summe von 60.000 US-Dollar gebaut und für eine hohe Miete dem Club überlassen.,1,0,-0.03853058483299532,False
test_291,"Die V.I.P.-Gäste dieses Events waren Mitsuhisa Ishikawa und Tomohiko Ishii von Production I.G und Danny Choo, Kaname und Tasha mit Miyuko aus Korea.","Die V.I.P.-Gäste dieses Events waren Tasha aus der Produktion I.G, Danny Choo, Kaname, Mitsuhisa Ishikawa und Tomohiko Ishii mit Miyuko aus Korea.",0,0,-0.11893804998844748,True
test_292,Vempati Chinna Satyam (15. Oktober 1929-29. Juli 2012) war ein indischer Tänzer und Guru der Tanzform Kuchipudi.,Vempati Chinna Satyam (15. Oktober 1929 -- 29. Juli 2012) war eine Kuchipudi-Tänzerin und Guru des indischen Tanzes.,0,0,-0.5670075110921468,True
test_293,Dieser Vorfall wurde später gefeiert und wird heute am 25. Januar jedes Jahres als Nationaler Tag der Polizei in Ägypten begangen.,Dieser Vorfall wurde später gefeiert und wird nun in Ägypten als Nationaler Polizeitag am 25. Januar eines jeden Jahres gefeiert.,1,0,-0.5381863459070623,False
test_294,Udaipur ist eine Stadt im indischen Bundesstaat Madhya Pradesh in der Nähe von Ganj Basoda.,Ganj Basoda ist eine Stadt im indischen Bundesstaat Madhya Pradesh bei Udaipur.,0,0,-0.3176313623950223,True
test_295,"Er wurde dann von Heraclius, einem ersten Cousin von Nicetas, ersetzt und wurde gezwungen, das Mönchsgelübde abzulegen.","Er wurde dann durch Niketas, einen ersten Cousin des Heraklius, ersetzt und gezwungen, monastische Gelübde abzulegen.",0,0,-1.1544170163028507,True
test_296,Beschreiben Sie zunächst die Gebiete mit hohen Pollenwerten anstelle der Gebiete mit geringem Pollenflug.,Beschreiben Sie zuerst die Gebiete mit hohem Pollengehalt anstatt der Regionen mit niedrigem Pollengehalt.,0,0,-0.3084790502782802,True
test_297,"Bisher wurden die Werke von Zinovjev vom Finnish Radio Symphony Orchestra, dem Lahti Symphony Orchestra, der Kymi Sinfonietta, dem Oulu Symphony Orchestra und den Avanti aufgeführt!","Bisher wurden Zinovjevs Werke vom Oulu Symphony Orchestra, Lahti Symphony Orchestra, Kymi Sinfonietta, Finnish Radio Symphony Orchestra und Avanti aufgeführt!",1,1,0.5403071110649288,True
test_298,"Es wurde von Richard Creed entworfen, von Collins und Geoffrey gebaut und von George Edwards von Monmouth ausgestattet.","Es wurde von Richard Creed eingerichtet, von George Edwards gebaut und von Collins und Geoffrey aus Monmouth entworfen.",0,1,0.09744919621194381,False
test_299,"McCall und Lesiuk verließen die Band im Sommer 2007, wobei McCall durch Steven Tosh am Schlagzeug ersetzt wurde und Jamie Macleod den Bass übernahm.","McCall und Lesiuk verließen die Band im Sommer 2007, wobei McCall durch Steven Tosh am Schlagzeug ersetzt wurde und Jamie Macleod den Bass übernahm.",1,0,-0.023657864841107545,False
test_300,"Im Jahr 1886 ersetzte Miles General George Crook als Befehlshaber der Streitkräfte gegen Geronimo, einen Anführer der Chiricahua Apache, im Department von Arizona.","1886 ersetzte Miles General George Crook als Kommandant der Streitkräfte, die gegen Geronimo, einen Chiricahua-Apachenführer, im Department of Arizona kämpften.",1,0,-0.8952496618965619,False
test_301,"Barshi ist ein Erddamm am örtlichen Fluss, nahe dem Pathari Damm des Distriktes Solapur im indischen Bundesstaat Maharashtra.","Pathari Dam ist ein Erddamm am lokalen Fluss bei Barshi, Bezirk Solapur im Bundesstaat Maharashtra in Indien.",0,0,-1.4117296051822903,True
test_302,"Er heiratete Mary, die Tochter von Brooke aus Selston, Nottingham, und wurde von seinem ältesten Sohn Richard abgelöst.","Brooke heiratete Mary, die Tochter von Timothy Pusey aus Selston, Nottingham. Er wurde von seinem ältesten Sohn Richard abgelöst.",0,1,0.060953748390750295,False
test_303,"Luk oder Loke ist die chinesische Romanisierung mehrerer (aber nicht aller) kantonesischer Familiennamen, die auf Mandarin als als Lu romantisiert werden.","Luk oder Loke ist die chinesische Romanisierung mehrerer (aber nicht aller) kantonesischer Nachnamen, die in  Hochchinesisch zu Lu romanisiert werden.",1,0,-0.26341863228777906,False
test_304,"Die korrekten Rotationen des Würfels, die durch Permutationen der Körperdiagonalen charakterisiert werden können, werden auch durch Konjugation in ""S"" beschrieben.","Die richtigen Rotationen des Würfels, die durch Permutationen der Körperdiagonalen beschrieben werden können, sind auch durch Konjugation in ""S'""gekennzeichnet.",0,0,-0.39321304249420386,True
test_305,Beispielsweise ist Zerberus bei Amphibien im vorderen Dorsalendoderm und bei Mäusen im vorderen Viszeralendoderm ausgeprägt.,"Die Gattung Cerberus beispielsweise, äußert sich im anterioren dorsalen Entoderm bei Amphibien und bei Mäusen im anterioren viszeralen Entoderm.",1,0,-0.410712477998708,False
test_306,Er absolvierte eine klinische Ausbildung im Middlesex Hospital in London und qualifiizierte sich im Jahr 1943 als Arzt.,Er absolvierte eine klinische Ausbildung am Middlesex Hospital in London und wurde 1943 als Arzt zugelassen.,1,1,0.7654289076823767,True
test_307,"Sunny schnitt den Song im November 1973, Roger Greenaway produzierte ihn und Chris Gunning kümmerte sich um das Arrangement und die Leitung.","Im November 1973 schnitt Roger Sunny mit Roger Greenaway den Track ab, während Chris Gunning das Arrangement lieferte und leitete.",1,0,-0.9504103617302075,False
test_308,Damon Knight (zitiert von James Blish) meinte über die Interpretation der Geschichte der Knights:,James Blish (zitiert von Damon Knight) sagte über Knights Interpretation seiner Geschichte:,0,1,0.7222141638078409,False
test_309,"Der Film handelt von Rafael, einem neuen Sänger in der Malayalam-Filmindustrie.","Dieser Film handelt von Rafael, einem neuen Sänger der Malayalam-Filmindustrie.",1,1,0.61546960144028,True
test_310,"Es war die dritte Staffel, die mehr als zwei Jahre nach der Familienausgabe und mehr als drei Jahre nach der ersten Promi-Ausgabe übertragen wurde.","Es war die dritte Staffel, die auf Sendung ging - mehr als zwei Jahre nach der Familien-Edition und mehr als drei Jahre nach der ersten Promi-Edition.",1,0,-0.0036354493561413515,False
test_311,"Er starb am 19. September 1891 in Gallatin, Tennessee, und empfing einen Freimaurer in Gallatin.","Ammer starb am 19. September 1891 in Gallatin. Er erhielt eine freimaurerische Beerdigung in Gallatin, Tennessee.",1,0,-0.09275725544356228,False
test_312,"Der Ringer springt dann herum und schwingt nach vorne, um dann zurückzufallen und den Kopf des Gegners in die Matte fallen zu lassen.","Der Wrestler springt dann nach vorne, schwenkt herum, um sich zurückfallen zu lassen und lässt den Kopf des Gegners auf die Matte fallen.",0,0,-0.094951302909142,True
test_313,Sie zog als Dreijährige mit ihren Eltern von Finnland nach Estland und lebt derzeit in Helsinki.,Sie zog dreijährig mit ihren Eltern von Estland nach Finnland und wohnt derzeit in Helsinki.,0,1,0.3141838545590613,False
test_314,"Die Stadt liegt am westlichen Ende der Horta de València, am rechten Ufer des Flusses Turia.","Die Stadt liegt am rechten Ufer der „Horta de València“, am Westufer des Flusses Turia.",0,0,-1.1479333122412259,True
test_315,"Viele der Dämonen in Salomons Begegnungen entstammen griechischen, christlichen, jüdischen, ägyptischen, arabischen und weiteren Traditionen.","Viele der Dämonen in Salomos Begegnungen sind griechisch, christlich, jüdisch, ägyptisch, arabisch und aus anderen Traditionen.",1,0,-0.9712991386225256,False
test_316,Die Verwaltungsregion Chenzhou in der Tang-Dynastie steht unter der Verwaltung des modernen Zhoukou im östlichen Henan.,Der Distrikt Chenzhou in der Tang-Dynastie fällt unter die Verwaltungsbehörden des modernen Henan im Osten von Zhoukou:,0,0,-0.021904767611024112,True
test_317,Der Test geht so: „Als erstes beobachtest du die präganglionären Nervenfasern und stimulierst die eingeblendete Reaktion.,"Der Test ist der folgende: Zuerst stimulieren Sie die preganglionäre Faser und beobachten dann die Reaktion, die sichtbar wird.",0,0,-1.7127173274903922,True
test_318,Ukhrul ist auch ein touristischer Hotspot im Bundesstaat Manipur.,Manipur ist ebenfalls ein touristischer Hotspot des Staates Ukhrul.,0,0,-0.2588884069036749,True
test_319,"Caspar Peucer (ausgesprochen, 6. Januar 1525-25. September 1602) war ein sorbischer Reformer, Arzt und Gelehrter deutscher Herkunft.","Caspar Peucer (mutmaßlich 6. Januar 1525-25. September 1602) war ein sorbischer Reformer, Doktor und Gelehrter deutscher Abstammung.",1,1,0.1291889062576732,True
test_320,"Cornelius Olatunji Adebayo ist ein ehemaliger Senator von Nigeria, der Gouverneur und später Leiter des nigerianischen Bundesministeriums für Kommunikation wurde.","Cornelius Olatunji Adebayo ist ein ehemaliger Senator Nigerias, der Gouverneur wurde und später Leiter des nigerianischen Bundesministeriums für Kommunikation war.",1,0,-0.22880094429836972,False
test_321,"Massachusetts stimmte 1928 für Harry S. Truman, in den 1930ern und 1940ern viermal für Al Smith und 1948 für Franklin D. Roosevelt.","In den 1930er und 1940er Jahren wurde er viermal für Al Smith gewählt, 1928 für Franklin D. Roosevelt und 1948 für Harry S. Truman.",0,0,-0.3717770030963564,True
test_322,Ibn Amira wurde bei Alzira in der Provinz Valencia geboren.,"Ibn Amira wurde in Valencia, in der Provinz Alzira, geboren.",0,0,-0.20454391022537144,True
test_323,"Wenn wir eine alternierende Turingmaschine verwenden, haben wir die Ressource ATIME.","Wenn wir eine alternierende Turingmaschine haben, verwenden wir die Ressource ATIME.",0,1,0.2152983741153024,False
test_324,David Machado wurde am 13. November 2016 im Fox Grove Park in der Nähe der Stadt Hughson von Dennis Wallace ermordet.,Am 13. November 2016 wurde David Machados Stellvertreter Dennis Wallace im Fox Grove Park in der Nähe der Stadt Hughson ermordet.,0,0,-0.732625135438229,True
test_325,Bei seinem Tod im Jahr 1946 waren alle seine Papiere über das Projekt noch in der Rohfassung.,Nach seinem Tod 1946 waren seine Arbeiten zu diesem Projekt einheitlich in einem noch schlechten Zustand.,1,0,-1.2708255197592662,False
test_326,"Alexander Baumgartner (geboren 27. Juni 1841 in Luxemburg, Deutschland, gestorben 1910 in St. Gallen, Schweiz) war ein Dichter und Schriftsteller zum Thema Literaturgeschichte.","Alexander Baumgartner (geboren in St. Gallen, Schweiz, am 27. Juni 1841; gestorben in Luxemburg, 1910) war ein Dichter und Schriftsteller zur Literaturgeschichte.",0,0,-0.2054420974154647,True
test_327,Forscher des Geological Survey of Canada haben natürliche Arsen-Variationen im relativen Gefahrenpotenzial für die Provinz von New Brunsick entwickelt.,Forscher des Geological Survey of Canada haben für die Provinz New Brunswick natürliche Arsenvariationen im relativen Gefahrenpotential modelliert.,1,0,-0.24822067884881205,False
test_328,"Die Fluggesellschaft wurde von Irlandia entwickelt, welche auch fünf andere Fluggesellschaften gründete, nämlich VivaColombia, Ryanair, Allegiant Air, VivaAerobus und Tigerair.","Die Fluglinie wurde von Irelandia gegründet, die noch fünf weitere Fluglinien aufgebaut hat, nämlich VivaColombia, Ryanair, Allegiant Air, VivaAerobus und Tigerair.",0,0,-1.7011049972898733,True
test_329,Der Geamărtălui ist ein Nebenfluss des Breaza in Rumänien.,Der Fluss Breaza ist ein Nebenfluss des Flusses Geamărtălui in Rumänien.,0,0,-0.21456784795316652,True
test_330,Es wurde 1834 von C. R. Gregory im Kloster von Saba gekauft. Robert Curzon sah es 1883.,"Es wurde 1834 von C. R. Gregory im Kloster Saba gekauft, 1883 von Robert Curzon.",1,1,0.4453882474891798,True
test_331,"Prabhupada war erfreut, als Gopal Krishna ihm die ersten Exemplare von Srimad Bhagavatam überreichte, übersetzt in Hindi.","Gopal Krishna war sehr erfreut, als Prabhupada ihm die ersten Exemplare des in Hindi übersetzten Srimad Bhagavatam vorlegte.",0,0,-0.7196458637185498,True
test_332,Die St.George Bank (und ihre Tochtergesellschaft BankSA) wurde 1997 wieder von der Advance Bank übernommen.,Im Gegenzug wurde die Advance Bank (sowie deren Tochtergesellschaft BankSA) im Jahr 1997 von der St.George Bank übernommen.,0,0,-1.1998183478853637,True
test_333,"Er lehrte dann die Schule in Cleveland, OH, und von 1856-1859 war er der Superintendent der Schulen in Toledo der Schauspielerin.",Anschließend unterrichtete er in einer Schule in Cleveland in Ohio und war von 1856 bis 1859 verantwortlicher Schulleiter in Toledo.,0,1,0.12103068060299516,False
test_334,"Das Gedicht ist in vier zeitgenössischen Handschriften erhalten, von denen eine fragmentarisch ist:","Das Gedicht ist in vier zeitgenössischen Manuskripten erhalten, eines davon fragmentiert.",1,0,-0.6357438677255288,False
test_335,"Weitere Schwierigkeiten waren James Newton Howards Entscheidung, Howard Shore Komponisten sieben Wochen vor dem Filmwechsel auf Peter Jackson umzustellen.","Zu den weiteren Schwierigkeiten gehörte die Entscheidung von James Newton Howard, sieben Wochen vor der Filmpremiere die Komponisten von Howard Shore zu Peter Jackson zu wechseln.",0,0,-0.65347792569934,True
test_336,NS,"Dusty Baker war der erste schwarze Manager, der seit Cito Gaston für Toronto an einer World Series teilnahm.",0,0,-1.8317329029390028,True
test_337,"Sukumars Freund Stephen (Murugan) hilft ihnen in der Stunde der Krise, und Liebende vereinen sich in der Ehe.",Murugans Freund Stephen (Sukumar) hilft ihnen in ihrer schweren Stunde und die Liebenden finden in der Ehe zusammen.,0,0,-0.39771580782043026,True
test_338,"Dr. Adams verließ Miss Sarah Hunt, mit der er eine Tochter heiratete, heiratete B. Hyatt 1788, esq .","Dr. Adams heiratete Miss Sarah Hunt, von der er eine Tochter hinterließ, verheiratet, 1788 mit B. Hyatt, esq .",0,0,-0.6608628274043843,True
test_339,"Es wird manchmal als ad absurdum des bekannten Design-Arguments gebraucht, das wie folgt lautet:","Es wird manchmal als reductio ad absurdum des bekannten Design-Arguments verwendet, das wie folgt lautet:",1,1,0.9945678745830094,True
test_340,Kudawa ist ein Komitee für Dorf- und Dorfentwicklung in der Narayani-Zone im Bara - Bezirk im Südosten Nepals.,Kudawa ist ein Dorf- und Dorfentwicklungsausschuss in der Narayani-Zone des Bara-Distrikts im südöstlichen Nepal.,1,0,-1.1798919306502587,False
test_341,Nach der Schlacht im Korallenmeer transportierte die „Barnett” 1.360 Überlebende der USS Lexington (CV-2) von San Diego nach Nouméa.,Nach der Schlacht im Korallenmeer transportierte Barnett 1.360 Überlebende von der USS Lexington (CV-2) von Nouméa nach San Diego.,0,1,0.5345184394070112,False
test_342,"Die Straße R205 ist eine Landstraße in Irland, die von der Straße R199 in der Grafschaft Cavan bis zur nordirischen Grenze in der Grafschaft Leitrim verläuft, größtenteils in der Grafschaft Fermanagh.","Die Straße R205 ist eine Regionalstraße in Irland, die von der Straße R199 in der Grafschaft Leitrim bis zur nordirischen Grenze in der Grafschaft Fermanagh, hauptsächlich in der Grafschaft Cavan, reicht.",0,0,-0.12211633090650953,True
test_343,Schliemann entdeckte fünf Schächte und legte sie als die von Pausanias erwähnten Gräber frei.,Schliemann legte fünf Schächte frei und erkannte in ihnen die von Pausanias erwähnten Gräber.,0,0,-0.43422145268927836,True
test_344,"Die erste, Kai-sung, war Jin-Quas Tochter, die Mutter von Dirk Struan von Gordon Chen.","Die erste, Kai-sung, war Jin-Quas Tochter. Sie war die Mutter von Dirk Struan von Gordon Chen.",1,0,-1.0553008455940818,False
test_345,1974 wurde das Stadtviertel mit dem Landbezirk Repton und einem Teil des Landbezirks South East Derbyshire zusammengelegt woraus der gegenwärtige Bezirk South Derbyshire entstanden ist.,Der gegenwärtige Distrikt wurde 1974 mit dem Landbezirk Repton und einem Teil des Landbezirks South East Derbyshire zusammengelegt woraus der Stadtbezirk South Derbyshire entstand.,0,0,-0.9406999119905118,True
test_346,"Cerberus beispielsweise, kommt bei Amphibien im anterioren viszeralen Endoderm und bei Mäusen im anterioren dorsalen Endoderm zum Ausduck.",Zum Beispiel kommt Cerberus im vorderen dorsalen Endoderm bei Amphibien und bei Mäusen im vorderen viszeralen Endoderm zum Ausdruck.,0,0,-0.26894761412581747,True
test_347,"Abraham Hart war Präsident, und Mayer Sulzberger Sekretär des Kuratoriums.","Abraham Hart war Präsident, und Mayer Sulzberger Sekretär des Kuratoriums.",1,0,-0.764461071512056,False
test_348,"Er arbeitete mit zeitgenössischen Architekten wie Giovan Giacomo Di Conforto, Bartolomeo Picchiatti und Francesco Grimaldi zusammen.","Er arbeitete mit zeitgenössischen Architekten wie Giovan Giacomo Di Conforto, Bartolomeo Picchiatti und Francesco Grimaldi zusammen.",1,1,0.11091235656193499,True
test_349,"Geboren in Cochabamba, Bolivien, zog sie in den 1990er-Jahren nach Mexiko-Stadt und später nach Los Angeles.",Sie wurde in Cochabamba in Bolivien geboren. In den 1990er Jahren zog sie nach Mexico City und später nach Los Angeles.,1,0,-0.6814368576835031,False
test_350,"Der in Leiden geborene Ruiter hat für den FC Utrecht, den FC Den Bosch, Excelsior, den RKC Waalwijk und den FC Emmen gespielt.","de Ruiter wurde in Leiden geboren und spielte für RKC Waalwijk, FC Den Bosch, Excelsior, FC Utrecht und FC Emmen.",1,0,-0.603672127478046,False
test_351,"Vermont grenzt im Norden an Mitcham, im Westen an Nunawading und Forest Hill, im Süden an Vermont South und im Osten an Wantirna und Ringwood.","Vermont grenzt im Norden an Mitcham, im Westen an Nunawading und Forest Hill, im Süden an Vermont und im Osten an Wantirna und Ringwood.",1,0,-0.1334524328241985,False
test_352,"Dr. Julio Square Junqueira war der erste, der in Arapongas gebaut wurde, benannt nach Dr. Julio Junqueira, benannt nach dem ersten Bürgermeister von Arapongas.","Julio Junqueira wurde als erster in Arapongas gebaut und nach Dr. Julio Square Junqueira benannt, der nach dem ersten Bürgermeister von Araponga benannt wurde.",0,0,-0.9229263760623946,True
test_353,"Im August 2017 stieß auch Prakash Raj zum Team, vermeintlich um die Rolle des Produzenten Aluri Chakrapani zu spielen.","Im August 2017 schloss sich Aluri Chakrapani dem Team an, um auch die Rolle des Produzenten Prakash Raj zu übernehmen.",0,0,-0.3952542068352173,True
test_354,"Meridian beinhaltet die Bewohner von Daykin, Alexandria, Western, Fairbury und Tobias und bildet den 303 Nebraska School District.","Meridian besteht aus den Bewohnern von Daykin, Fairbury, Western, Alexandria und Tobias und bildet den 303 Nebraska Schuldistrikt.",1,0,-0.8614758075796297,False
test_355,"Juli ist im Durchschnitt der kälteste Monat, Januar der wärmste.",Juli ist im Mittel der heißeste und Januar der kälteste Monat.,0,1,0.035527201340020964,False
test_356,Eine andere Methode zur Regulierung der Hirschpopulation besteht in der Kontrolle der Fruchtbarkeit.,"Eine andere Alternative, die Population der Hirsche zu beherrschen, besteht in der Regulierung der Fertilitätsrate.",1,0,-0.5981054166629466,False
test_357,Die erste Runde fand am Wochenende vom 23. bis 25. September 2011 in der Slowakei (Prievidza) statt.,Die erste Runde fand am Wochenende vom 23. bis 25. September 2011 in der Slowakei (Prievidza) statt.,1,1,0.8491148176573998,True
test_358,"Er heiratete Marie Magdalene Schweigaard, Tochter von Tellef Dahll Schweigaard, Nichte des Spitzenpolitikers Anton Martin Schweigaard und Tante des späteren Premierministers Christian Homann Schweigaard.","Er heiratete Marie Magdalene Schweigaard, Tochter von Tellef Dahll Schweigaard, Nichte des führenden Politikers Christian Homann Schweigaard und Tante des späteren Premierministers Anton Martin Schweigaard.",0,0,-0.21783517492267068,True
test_359,"Es kann von Formia aus von Osten erreicht werden, und Maranola, ein „Frazione“ von Spigno Saturnia, von Westen.","Es kann von Formia aus von Osten erreicht werden, und Maranola, ein „Frazione""  von Spigno Saturnia, von Westen.",1,1,0.3405144092204707,True
test_360,"Als Phil Spector zum ersten Mal ""Stubborn Kind of Fellow"" hörte, war er so aufgeregt, dass er die Kontrolle über sein Auto verlor, als er mit Jack Nitzsche den Sunset Boulevard entlang fuhr.","Als Jack Nitzsche zum ersten Mal den Song ""Stubborn Kind of Fellow""  hörte, war er so begeistert, dass er die Kontrolle über sein Auto verlor, als er mit Phil Spector über den Sunset Boulevard fuhr.",0,1,0.29413146420643776,False
test_361,Einige Besatzungsmitglieder wurden in der Golden Bay getötet und es gab keinen lokalen Kontakt mit anderen Māori.,Einige der Besatzungsmitglieder wurden in der Goldenen Bucht getötet und es gab keinen anderen Kontakt mit der lokalen Māori.,0,1,0.39687891232557837,False
test_362,Die Single wurde am 31. Oktober 2015 angekündigt und am 13. November 2015 herausgebracht.,Die Single wurde am 31. Oktober 2015 angekündigt und am 13. November 2015 veröffentlicht.,1,0,-0.15667559155027588,False
test_363,In der neuen TV-Serie „Dead Gorgeous“ spielte Hazel die Rolle der jüngsten Schwester Alexandra Coppinger.,"Hazel spielte die Rolle von Alexandra Coppinger, der jüngsten Schwester in der neuen Fernsehserie „Die Geister von Ainsbury”.",1,1,0.1620398635304675,True
test_364,Einige von ihnen sind hier beschrieben und andere sind unter „Externe Links“ unten verlinkt.,Einige davon werden im Folgenden beschrieben und einige sind hier mit „External Links” verlinkt.,0,0,-0.9831887860031018,True
test_365,"Im schottischen Fußball treten semiprofessionelle Teams auf allen Ebenen unter der schottischen Premiership an, wobei die meisten Teams unter der schottischen Meisterschaft semiprofessionell sind.","Im schottischen Fußball treten semiprofessionelle Teams auf allen Ebenen unter der schottischen Premier League auf, wobei die meisten Teams unter der schottischen Meisterschaft semiprofessionell sind.",1,1,0.603390402764851,True
test_366,Das Lied ist ein Hook-Sample in der Single „Design in Malice“ der US-amerikanischen Hip-Hop-Gruppe Jedi Mind Tricks.,"Der Song ist ein Hook-Sample in ""Design in Malice"" einem amerikanischen Hip-Hop-Ensemble von Jedi Mind Tricks.",0,0,-0.6781007549695791,True
test_367,wobei Formel 5 eine von Horns endlichen Funktionen mit zwei Variablen ist und für alle konfluenten hypergeometrischen Werte von Formel 6 und Formel 7 konvergierend ist. Es ist gegeben durch:,Formel 5 ist eine von Horns konfluenten hypergeometrischen Funktionen mit zwei Variablen und konvergent für alle endlichen Werte aus Formel 6 und Formel 7. Sie ergibt sich aus:,0,1,0.09634151236356425,False
test_368,1830 wurde James vom Abolitionismus einiger Mitglieder der American Colonization Society (ACS) und von Schriften von Arthur Tappan beeinflusst.,Ab 1830 wurde James vom Abolitionismus einiger Mitglieder der American Colonization Society (ACS) und Schriften von Arthur Tappan beeinflusst.,1,0,-0.34005896741963737,False
test_369,"Sie wurden von Namco Bandai entwickelt und von CyberConnect2 veröffentlicht, beginnend mit „Naruto : Der ultimative Ninja“ im Jahr 2005.","Sie wurden von CyberConnect2 entwickelt und von Namco Bandai veröffentlicht, beginnend mit „Naruto: Ultimate Ninja” im Jahr 2005.",0,1,0.07735045038423716,False
test_370,Mit dem Ausbau der FM 1241 wurden die Pläne für die Fernstraße am 18. Oktober 1954 fallengelassen.,"Die Autobahn wurde am 18. Oktober 1954 aufgehoben, als die FM 1241 ausgebaut wurde.",1,0,-0.44040618325666336,False
test_371,Mit Mitteln der Solartechnik lässt sich diese Anforderung in einem konventionell angetriebenen Flugzeug durch die Nutzung von Sonnenkollektoren erfüllen.,Der konventionelle Ansatz zu dieser Anforderung ist der Einsatz von Sonnenkollektoren in einem Solarflugzeug.,0,0,-1.2894139235828286,True
test_372,"Sie war die Mutter von Val, Boris und Rosalind Lorwin, und ihre Tochter wurde Psychologieprofessorin.","Sie wurde die Mutter von Val, Boris und Rosalind Lorwin, ihre Tochter war Professorin für Psychologie.",0,1,0.2638618542364065,False
test_373,"Indirekte Belege für dunkle Materie stammen von seinem Gravitationseinfluss auf dunkle Materie, da keine anderen Partikel von Materie in Labors beobachtet wurden.","Ein indirekter Nachweis von dunkler Materie stammt von seinem Gravitationseinfluss auf sonstige Materie, da in Laboren keine Partikel von dunkler Materie beobachtet wurden.",0,0,-0.6142643869793295,True
test_374,Er wurde in aufeinanderfolgenden Coups durch Olusegun Obasanjo (1975) und Murtala Mohammed (1976) ersetzt.,Er wurde durch Olusegun Obasanjo (1975) und Murtala Mohammed (1976) in aufeinanderfolgenden Putschversuchen ersetzt.,1,0,-0.10563577402050717,False
test_375,"McMillan verbrachte zwei Jahre im Royal Medical Corp. bei Tidworth – und später bei Didcot, wo er einen MRS für verletzte Soldaten aus dem Koreakrieg leitete.","McMillan verbrachte zwei Jahre beim Royal Medical Corp. in Didcot und später in Tidworth, wo er ein MRS für im Koreakrieg verletzte Soldaten leitete.",0,0,-0.30242778288232974,True
test_376,"""Aku Ankka"" wird von Sanoma Media (ehemals Sanoma) herausgegeben, das zu Sanoma Magazines gehört.","„Aku Ankka“ wird von Sanoma Media (ehemals Sanoma Magazines) veröffentlicht, die Teil von Sanoma ist.",0,0,-0.28436760137544537,True
test_377,"Rakai ist der Hauptdistrikt von Uganda, der Anfang der achtziger Jahre das Epizentrum war und im Bezirk Rakai zuerst von der AIDS-Epidemie betroffen wurde.","Rakai ist der Hauptsitz des Distrikts Rakai, das Anfang der 1980er Jahre das Epizentrum war und erstmals von der AIDS-Epidemie in Uganda betroffen war.",0,0,-0.27456933806950257,True
test_378,"Die asiatischen Aktivitäten wurden Teil von Ebel, während die europäischen Aktivitäten an den Hongkonger Unternehmer Joseph Wong verkauft wurden und nun Teil von Stelux Holdings sind.","Die asiatischen Aktivitäten gehörten nun zu Ebel, während die europäischen Aktivitäten an den in Hongkong ansässigen Unternehmer Joseph Wong verkauft wurden und nun zu Stelux Holdings gehören.",1,0,-0.7447062356080144,False
test_379,"Die Mittel kamen von der Bill Melinda Gates Foundation, dem Finanzier George Soros und dem Technologieunternehmer Edward W. Scott.","Die Mittel für das Start-up kamen von der Bill & Melinda Gates Foundation, dem Finanzier George Soros und dem Technologieunternehmer Edward W. Scott.",1,1,0.44289443041296817,True
test_380,"Finale ist eine Stadt in Südafrika in der Provinz Mopani District Municipality, Limpopo .",Finale ist eine Stadt im Mopani District Municipality in der Provinz Limpopo in Südafrika.,0,1,0.18026674966279932,False
test_381,"Rashidi wurde nicht angeklagt, aber er wurde von den marokkanischen Behörden festgehalten, als er in die Heimat zurückgebracht wurde.","Rashidi wurde nicht angeklagt, aber er wurde von marokkanischen Autoritäten in seine Heimat zurückgeführt, als er verhaftet wurde.",0,1,0.30859968454963516,False
test_382,"Er wurde im Jahr 1824 zum Staatsanwalt für Seneca County ernannt, 1826 für Williams County und 1827 für Sandusky County.","Er wurde 1824 zum Staatsanwalt für Williams County ernannt, für Seneca County 1826 und Sandusky County 1827.",0,0,-0.7344681924154058,True
test_383,Der Lake Georgetown ist auch eine Trinkwasserquelle für Georgetown und die nahe gelegene Stadt Round Rock.,Lake Georgetown ist für Georgetown und die nahe gelegene Stadt Round Rock auch eine Trinkwasserquelle.,1,1,0.05312270060438118,True
test_384,Holly wurde musikalisch von Elton John beeinflusst.,Elton John wurde musikalisch von Holly beeinflusst.,0,1,0.49392176888604056,False
test_385,"Bei seinem Tod war Cardinal Beaton Lordkanzler von Schottland, Erzbischof von St. Andrews und Kardinallegat in Schottland.","Bei seinem Tod war David Cardinal Beaton Lordkanzler von Schottland, Erzbischof von St. Andrews und Kardinallegat von Schottland.",1,1,0.686840562576171,True
test_386,Kjeld Deichmann verstarb unerwartet im Jahr 1963 und Erica schloss das Atelier und gab die Töpferei auf.,1963 starb Kjeld Deichmann plötzlich und unerwartet und Erica schloss das Atelier und gab die Töpferkunst auf.,1,0,-1.0532878029679114,False
test_387,"Das Album wurde jedoch von Michael Jackson, Prince und Madonna beeinflusst.","Madonna , Prince und Michael Jackson waren jedoch Einflüsse auf dem Album.",1,0,-1.3224297747843843,False
test_388,Das einzige Tramdepot ist bei Miraflores. Endstationen sind San Antonio und Oriente.,"Das einzige Tramdepot ist in San Antonio, Endstationen sind Miraflores und Oriente.",0,0,-0.7088366192285375,True
test_389,"Er half auch bei der Gründung von Meditationszentren durch ganz Nord-, Mittel- und Südamerika sowie Europa.","Er half auch beim Aufbau von Meditationszentren in ganz Europa sowie in Nord-, Mittel- und Südamerika.",0,1,0.36456710621276234,False
test_390,In Sri Lanka kann der Titel des Chartered Accountant (CA Sri Lanka) nur von Mitgliedern des Institute of Chartered Accountants of Sri Lanka verwendet werden.,In CA darf der Titel Wirtschaftsprüfer (Sri Lanka Sri Lanka) ausschließlich von Mitgliedern des Institute of Accountants in Sri Lanka geführt werden.,0,1,1.0336354188701842,False
test_391,"Brown gründete auch das Solomon Episcopal Conference Center in Robert, Louisiana.",Robert gründete auch das Solomon Episcopal Conference Center in Brown in Louisiana.,0,1,0.7034570653858744,False
test_392,Das Lobethal Bierhaus ist eine regionale Bierbrauerei mit deutschen Einflüssen.,Das Lobethal Bierhaus ist eine regionale Brauerei mit deutschen Einflüssen auf den Stil.,1,1,0.5929094110991812,True
test_393,Die Finanzaufsichtsbehörden teilen manchmal die Weltsicht ihrer regulierten Unternehmen durch sektorale Regulierung.,Bei sektoralen Regulierungen teilen Finanzregulierungen manchmal die Weltanschauung ihrer beaufsichtigten Unternehmen.,1,0,-0.4184336547375044,False
test_394,"Im April 1942 kehrte Montagu Slater nach England zurück und bat Britten kurz nach seiner Rückkehr, Librettist für ""Peter Grimes"" zu sein.","Im April 1942 kehrte Britten nach England zurück, und kurz nach seiner Rückkehr bat er Montagu Slater, sein Librettist für „Peter Grimes'' zu werden.",0,1,0.0769211323243949,False
test_395,Drei Jahre später gewann er bei der Europameisterschaft in Hahnenklee für Westdeutschland eine Silbermedaille im gleichen Wettbewerb.,Bei den europäischen Meisterschaften in Hahnenklee gewann er drei Jahre darauf an derselben Veranstaltung die Silbermedaille für Westdeutschland.,1,0,-0.6553293808016057,False
test_396,"Die Band wurde 1999 in Dunwoody, Georgia, gegründet, nachdem der Gitarrist Cole Alexander und der Bassist Jared Swilley die Renegades verlassen hatten und der Gitarrist Ben Eberbaugh die Reruns verlassen hatte.","Die 1999 in Dunwoody, Georgia, gegründete Band, nachdem der Gitarrist Ben Eberbaugh und der Bassist Jared Swilley die Renegades verlassen hatten, und der Gitarrist Cole Alexander die Reruns.",0,1,0.7611467618039313,False
test_397,Einige von ihnen sind hier beschrieben und andere sind unter „Externe Links'' unten verlinkt.,Einige von ihnen sind unten beschrieben und einige hier unter „Externe Links” verknüpft.,0,0,-0.4444156775446034,True
test_398,"Herbert Wessels ist (seit 2009) zweite Redakteur, Markus Ermert ist (seit 2002) Chefredakteur.","Herbert Wessels ist (seit 2009) zweiter Redakteur, Markus Ermert ist (seit 2002) Chefredakteur.",1,0,-0.37644870225740956,False
test_399,Ochrosis ventralis ist eine Blattkäferart die in Nordafrika und Teilen Europas heimisch ist.,Ochrosis ventralis ist eine einheimische Art von Blattkäfern in Europa und Teilen Nordafrikas.,0,1,0.2575007489764104,False
test_400,Einige Besatzungsmitglieder wurden in Golden Bay getötet und mit anderen Māori gab es vor Ort keinen Kontakt.,Ein Teil der Besatzung wurde in Golden Bay getötet und es gab keinen lokalen Kontakt zu anderen Māori.,1,0,-0.8092935756167075,False
test_401,Diese drei väterlichen Dynastien regierten das Königreich Waalo gemeinsam mit der mütterlichen Familie Mbooj.,Diese drei mütterlichen Dynastien regierten das Königreich Waalo gemeinsam mit der väterlichen Familie Mbooj.,0,1,0.4321688018069997,False
test_402,"In den frühen 1950ern begann Fiaminghi Arbeiten, die zur abstrakten Kunst gehörten und Elemente der","In den frühen 1950ern begann Fiaminghi mit Arbeiten, die zur abstrakten Kunst gehörten und Elemente des Konstruktivismus einbezogen.",1,1,0.12015559261884423,True
test_403,Die Pennsylvania Route 268 führt vom westlichen Ende der Brücke nach Süden zu Parker und nach Norden zu Emlenton.,Die Pennsylvania Route 268 führt vom westlichen Ende der Brücke in Richtung Norden nach Parker und in Richtung Süden nach Emlenton.,0,0,-0.7665375050565383,True
test_404,"Sein Name, Afolabi, heißt ""In Reichtum geboren"". Sein Spitzname in Nigeria bedeutet Robocop, wegen seiner steifen Bewegungen.","Sein Name, Afolabi, bedeutet „In Reichtum geborener”, wegen seines steifen Gangs trägt er in Nigeria den Spitznamen Robocop.",0,0,-0.28821932314855314,True
test_405,"Im April 1942 kehrte Britten nach England zurück und bald nach seiner Rückkehr bat er Montagu Slater, sein Librettist für „Peter Grimes“ zu werden.","Im April 1942 kehrte Montagu Slater nach England zurück. Bald nach seiner Rückkehr bat er Britten, sein Librettist für ""Peter Grimes"" zu sein.",0,0,-0.34094777015068545,True
test_406,"Er wurde posthum als Kind von Sir John Lade, 1. Baron, geboren. Seine Mutter war die Schwester des Brauers Henry Thrale.","Er wurde als Kind von Sir Henry Thrale, 1. Baronet, geboren, seine Mutter war die Schwester des Braumeisters John Lade.",0,0,-0.72458200048058,True
test_407,"Ausnahme waren die Jahre Ende 2005 - 2009, als er in Schweden für Carlstad United BK, in Serbien für den FC Terek Grozny und in Russland für FK Borac Čačak spielte.","Zwischen Ende 2005 und 2009 gab es eine Ausnahme, als er in Schweden bei Carlstad United BK spielte, in Serbien bei FK Borac Čačak und bei dem russischen FC Terek Grozny.",0,0,-0.43844076886345407,True
test_408,Die Folge wurde von Chuck Tatham geschrieben und von Fred Savage gedreht.,Die Episode war von Chuck Tatham geschrieben und inszeniert durch Fred Savage.,1,0,-0.5921965722517942,False
test_409,Die Besprechung wird von der Ankunft mehrerer Boten aus verschiedenen mächtigen oder einflussreichen Mardukans in der Stadt unterbrochen mit vielen Einladungen zum Abendessen für den Prinzen.,Das Treffen wird durch die Ankunft vieler Boten aus unterschiedlichen mächtigen oder einflussreichen Mardukans in der Stadt mit verschiedenen Einladungen zum Abendessen für den Prinzen unterbrochen.,1,0,-1.1207852841219905,False
test_410,"Beximco produziert Textilien, Basischemikalien, Pharmazeutika, Jute und Meeresfrüchte, und das Unternehmen besitzt auch Beteiligungen in der Immobilien- und Landentwicklung.","Beximco produziert Textilien, einfache Chemikalien, Arzneimittel, Jute und Meeresfrüchte; das Unternehmen ist auch an Immobilien und Grundstückserschließungen beteiligt.",1,0,-0.7682789229982073,False
test_411,„The Rider's Digest“ ist jetzt ein monatliches Magazin mit zwei Versionen: die Retail-Version und die 60-seitige kostenlose Ausgabe.,"""The Rider's Digest"" ist jetzt eine Monatszeitschrift, die zwei Ausführungen veröffentlicht: eine kostenfreie Auflage und eine 60-seitige Einzelhandelsausgabe.",0,0,-1.6540875657284828,True
test_412,"Seine Frau war Klára Csabi, und ihr Sohn Ferenc Wathay war auch ein berühmter Kommandant und Autor des „Liederbuch von Ferenc Wathay“.","Seine Frau war Klára Csabi, und ihr Sohn Ferenc Wathay war auch ein berühmter Kommandant und Autor des ""Songbook of Ferenc Wathay"".",1,1,0.2692531588817705,True
test_413,"Ein Verhältnis von 2,5:1 reduzierte kolorektale Zellproliferation bei Patienten mit Rektumkarzinom, während ein Verhältnis von 4:1 keinen Effekt hatte.","Ein 2,5 : 1 Verhältnis reduzierte die kolorektale Zellproliferation bei Patienten mit rektangulärem Krebs, wohingegen ein 4 : 1 Verhältnis keine Auswirkungen hatte.",0,0,-0.4544028998550459,True
test_414,"Er wurde in London, England, als Charles Wyndham Standing geboren und starb in Los Angeles, Kalifornien.","Er wurde in London, England, geboren und starb in Los Angeles, Kalifornien, Charles Wyndham.",1,0,-0.09680091131250335,False
test_415,"Berks County, Pennsylvania, Vereinigte Staaten, ist eine Gemeinde in Robeson Township.","Berks County, Pennsylvania, Vereinigte Staaten ist eine Gemeinde in Robeson Township.",1,1,0.18314049569665192,True
test_416,"Vermont wird im Norden von Mitcham, im Westen von Nunawading und Forest Hill, im Süden von Vermont und im Osten von Wantirna und Ringwood begrenzt.","Vermont South wird im Norden von Mitcham, im Westen von Nunawading und Forest Hill, im Süden von Vermont und im Osten von Wantirna und Ringwood begrenzt.",0,0,-0.7249386557329743,True
test_417,"Der Cook Pond, auch bekannt als South Watuppa Pond, liegt südöstlich des Laurel Lake und westlich des Taunton River.","Der Cook Pond, früher auch bekannt als Laurel Lake, liegt am südlichen Ende des Taunton River und westlich des South Watuppa Pond.",0,0,-1.1788781311472474,True
test_418,Nur Ronnie Fields absolvierte kein einziges Spiel in der NCAA oder der NBA.,Ronnie Fields hat kein einziges Spiel in der NBA oder in der NCAA gespielt.,1,1,1.0837834594418894,True
test_419,"Duncan McIntyre wurde am 6. Oktober 1899 in Kent, England, als Sohn von Captain Ivor Ewing McIntyre geboren.","Ivor Ewing McIntyre wurde am 6. Oktober 1899 in Kent, England, als Sohn von Captain Duncan McIntyre geboren.",0,0,-0.17191998461485414,True
test_420,"Es gibt auch eine Atemwegserkrankung bei Wiederkäuern, die Tiere können die Nahrungsaufnahme verweigern, scheinen lethargisch und entwickeln auch neurologische Symptome.","Bei den Wiederkäuern liegen ebenfalls Atemwegserkrankungen vor. Die Tiere verweigern die Nahrungsaufnahme, wirken lethargisch und entwickeln auch neurologische Symptome.",1,0,-0.4608232912318052,False
test_421,"Die Partitur wurde vom Komponisten Maury Yeston mit der Choreographie von William Whitener, künstlerischer Leiter des Kansas City Ballet, erstellt.","Die Partitur stammte von dem Komponisten William Whitener und die Choreographie von Maury Yeston, dem künstlerischen Leiter des Kansas City Ballet.",0,1,0.1799266499890132,False
test_422,"„Dream” wurde 1961 im Royal Opera House, Covent Garden aufgeführt, von John Gielgud produziert und von Georg Solti dirigiert.","""Dream"" wurde im Jahr 1961 im Royal Opera House in Covent Garden aufgeführt, produziert von John Gielgud und inszeniert von Georg Solti.",1,0,-0.9706386151155283,False
test_423,Am 22. September 1918 wurde die erste drahtlose Telegrafennachricht an Snowdonia aus Australien geschickt.,Am 22. September 1918 wurde die erste kabellose Telegrafennachricht von Australien nach Snowdonia gesendet.,1,0,-0.8146897965490983,False
test_424,"Cook Pond, auch bekannt als South Watuppa Pond, ist südöstlich von Laurel Lake und westlich des Taunton River gelegen.","Im Süden befindet sich Cook Pond, auch bekannt als South Watuppa Pond, östlich des Laurel Lake und westlich des Taunton River.",1,0,-0.7793310009668432,False
test_425,"Sie haben 13 weiche Analstacheln, 11 bis 13 weiche Dorsalstrahlen, 2 Dorsalstacheln und 11 bis 13 Analstrahlen.","Sie verfügen über 13 dorsale Gräten, 11 bis 12 dorsale weiche Flossenstrahlen, 2 anale Gräten und 11 bis 13 anale weiche Flossenstrahlen.",0,0,-0.35029609671164896,True
test_426,"Die Kombination von potentieller und totaler Energie wird als ""kinetische Energie"" oder ""Energiepaket"" bezeichnet.",Die kombinierte potentielle und kinetische Energie wird Gesamtenergie oder das „Energiepaket“ genannt.,0,0,-0.8205999836706159,True
test_427,"Sie waren da, damit wir beten konnten, und sie waren da, um sich an uns zu erfreuen.","Sie waren da, damit wir beten konnten, und sie waren da, damit wir uns freuen konnten.",1,1,0.39206259639630303,True
test_428,"Bei premalignanten Läsionen handelt es sich offensichtlich um ein typisches Gewebe, das bei der mikroskopischen Untersuchung abnorm erscheint und bei dem Krebs häufiger auftritt als sein morphologisch normaler Gegenpart.","Prämaligne Wunden sind scheinbar ein typisches Problem, das abnormal bei Mikroskopuntersuchungen auftritt und bei dem Krebs mit größerer Wahrscheinlichkeit auftritt als sein morphologisch normales Gegenstück.",1,0,-0.09291608112500305,False
test_429,"„R. satarae“ hat ein goldbraunes Fell mit einem langen, weichen Rücken und einer weißen Unterseite.","„R. satarae“ hat ein goldbraunes Fell mit einem langen, weichen Rücken und einer weißen Unterseite.",1,1,0.22243546613985188,True
test_430,Es bleiben zwei kleine unabhängige Ligen übrig mit nur einer Hand voll Mitgliedern: die Highland Alliance League und die Grampian Alliance League.,"Es bleiben zwei kleine, unabhängige Ligen mit nur einer Handvoll Mitgliedern übrig: die Grampian Alliance League und die Highland Alliance League.",1,1,0.43439806828000915,True
test_431,"Das „Fallbeil” wurde 1949 zum letzten Mal in der Bundesrepublik Deutschland eingesetzt, 1966 in der DDR.","Das Fallbeil wurde letztmals 1949 in Ostdeutschland, 1966 in Westdeutschland eingesetzt.",0,1,0.21643805110470427,False
test_432,"Annette Amelia Crum heiratete Bryant, die Tochter von Samuel Crum, am 29. September 1874. Sie hatten eine Tochter.","Am 29. September 1874 heiratete Annette Amelia Crum Bryant, die Tochter von Samuel Crum.  Sie hatten eine gemeinsame Tochter.",0,0,-0.3134946742602832,True
test_433,"Außerdem fand ein dreifaches Bedrohungsspiel für die United States Championship zwischen Champion Jack Swagger, The Miz und Kofi Kingston statt.","Als nächstes kam ein Triple Threat Match für die United States Championship zwischen Champion Kofi Kingston, The Miz und Jack Swagger.",0,1,0.3637612118266361,False
test_434,"Zu hören war Song erstmals im sechsten Werbefilm für die zweite Staffel von „Sons of Anarchy”, einer Fernsehserie auf FX Network.","Der Song wurde in sechsten Promotionaktion für die zweite Staffel von „Sons of Anarchy”, einer Fernsehserie des Senders FX, vorgestellt.",1,0,-0.22474465497608886,False
test_435,Er spielte am Anfang seiner Karriere in Australien zog aber nach Schottland um in der Victorian State League für Frankston City  zu spielen.,"Er spielte zu Beginn seiner Karriere in Schottland, zog aber nach Australien, um dort in der Victorian State League für Frankston City zu spielen.",0,0,-0.9134826546467797,True
test_436,Der letzte Titel „Every Morning” ist die Akustikgitarrenversion des ersten Titels „Morning”.,Der letzte Track „Every Morning” ist die akustische Gitarrenversion des ersten Tracks „Morning”.,1,0,-0.5635530286025506,False
test_437,"Das Buschhuhn oder Halsband-Talegalla (""Talegalla jobiensis"") ist eine Vogelart aus der Gattung der Megapodiidae.","Die Halsbandtalegalla oder das Talegallahuhn (""Talegalla jobiensis"") ist eine Spezies aus der Familie der Megapodiidae.",1,0,-0.6170363534502552,False
test_438,"Duncan McIntyre wurde am 6. Oktober 1899 als Sohn von Captain Ivor Ewing McIntyre in Kent, England, geboren.","Ivor Ewing McIntyre wurde am 6. Oktober 1899 in Kent, England, als Sohn des Kapitäns Duncan McIntyre geboren.",0,0,-0.35992290985695374,True
test_439,"Die Geschichte der 46. Raketenabteilung beginnt am 29. April 1941, als die Gründung der 188. Schützenabteilung in Kaunas abgeschlossen wurde.","Die Geschichte der 46. Raketendivision beginnt am 29. April 1941, als die Bildung der 188. Waffendivision in Kaunas abgeschlossen wurde.",1,1,0.10786391341075685,True
test_440,"Whitlam, der Malcolm Fraser bei den Abgeordnetenhauswahlen im Dezember 1975 überwältigend besiegt hatte, bot Egerton den Ritterstand für Dienste an der Gewerkschaftsbewegung an.","Whitlam, der Malcolm Fraser bei den Bundestagswahlen im Dezember 1975 in einem Erdrutsch besiegt hatte, bot Egerton das Rittertum an, um der Gewerkschaftsbewegung zu dienen.",1,0,-0.5442702532079228,False
test_441,Diese Regionen gelten mit geringfügigen Zahlen von 56 bzw. 96 als arme bis marginale Lebensräume.,Diese Standorte werden als periphäre bis arme Regionen mit Bewertungen von 56 bzw. 96 betrachtet.,0,1,0.5908466633392643,False
test_442,"Der JoyKey hat keine beweglichen Teile, keine Korken, die verschleißen können, oder Federn, die brechen können.","Der JoyKey hat keine beweglichen Teile, keine Korken, die brechen können, oder Federn, die abgenutzt werden können.",0,0,-0.4571530171715027,True
test_443,In der neuen TV-Serie „Dead Gorgeous” spielte Hazel die Rolle der jüngsten Schwester Alexandra Coppinger.,In der neuen TV-Serie „Dead Gorgeous” spielte Alexandra Coppinger die Rolle der jüngsten Schwester Hazel.,0,1,0.6997974505285082,False
test_444,"Komponenten potentiell elastischer Systeme speichern mechanische Energie, wenn sie sich auf das System verformt haben und Kräften ausgesetzt werden.",Bestandteile mechanischer Systeme speichern elastische Potentialenergie falls sie durch Kraftausübung auf das System deformiert werden.,0,1,0.25912554050809355,False
test_445,Ochrosis ventralis ist eine einheimische Art von Blattkäfern in Europa und Teilen Nordafrikas.,"Ochrosis ventralis ist eine Art von Blattkäfern, die in Europa und Teilen Nordafrikas heimisch ist.",1,1,0.0373911256153977,True
test_446,Die Saison begann am 6. Januar 1984 im schwedischen Falun und endete am 11. März 1984 im norwegischen Lygna.,"Die Saison begann am 6. Januar 1984 in Falun, Schweden, und endete am 11. März 1984 in Lygna, Norwegen.",1,0,-0.2704831820306608,False
test_447,"Der in Leiden geborene de Ruiter spielte für den FC Utrecht, den FC Den Bosch, Excelsior, den RKC Waalwijk und FC Emmen.","De Ruiter, der in Leiden geboren war, spielte für den FC Utrecht, den FC Den Bosch, Excelsior, den RKC Waalwijk und für den FC Emmen.",1,0,-0.07669760090941125,False
test_448,"Die zweiten Silbenstrukturen sind V, CV oder CCV, wo sich der mögliche Konsonant befindet.","Die möglichen Silbenstrukturen sind V, CV oder CCV, wogegen der zweite Konsonant ist.",0,0,-1.2135914278619382,True
test_449,Der Maler und Romanautor Paul Bowles hörte die Musik aus der Gegend erstmals zusammen mit dem amerikanischen Schriftsteller Brion Gysin bei einem Festival in Sidi Kacem im Jahr 1950.,Paul Bowles hörte 1950 auf einem Festival in Sidi Kacem zusammen mit dem amerikanischen Schriftsteller Brion Gysin Musik aus der Region.,0,0,-0.5644285514769217,True
test_450,"Farrell kontert mit Gabriels Hacks, während McClane seine Männer eliminiert.","Farrell tritt Gabriels Schmierfinken entgegen, während McClane seine Männer eliminiert.",1,0,-1.211695028446536,False
test_451,Es ist auf dem größten Teil der Südinsel und von Westland bis zur Halbinsel der Zentralbanken auf der Nordinsel zu finden.,Es ist in den meisten Teilen der Nordinsel und von der Uferhalbinsel bis zum zentralen Westland auf der Südinsel zu finden.,0,0,-0.8411553208089313,True
test_452,"Die Assaf-Dynastie (auch Banu Assaf genannt) war eine sunnitische muslimische und ethnisch turkmenische Dynastie von Häuptlingen, die in der Region Mount Lebanon von Keserwan ansässig waren.","Die Assaf-Dynastie (auch Banu Assaf genannt) war eine sunnitisch-muslimische und ethnisch-turkmenische Dynastie von Anführern, die in der Region Keserwan im gebirgigen Libanon ansässig waren.",0,1,0.2696794132395527,False
test_453,Die Single wurde am 12. Oktober 2012 auf Radio Airplay in Italien veröffentlicht und am 3. Dezember 2012 weltweit ausgeliefert.,Die Single wurde am 12. Oktober 2012 in Italien zum Radio Airplay veröffentlicht und am 3. Dezember 2012 weltweit verschickt.,1,0,-0.7965889287029054,False
test_454,"Die zweite Tochter von Octavius ​​Warre Malet, Alice Anna Catherine, trat am 24. Juni 1852 im britischen Konsulat in Köln mit Thomas in den Ehestand.","Octavius ​​Warre Malets zweite Tochter, Alice Anna Catherine, heiratete Thomas am 24. Juni 1852 im Britischen Konsulat in Köln.",1,0,-0.1431375709844681,False
test_455,"Probuccinum tenerum ist eine Art Seeschnecke, eine echte Gastropodenmuschel aus der Familie der Buccinidae, die im Meer lebende Wellhornschnecke.","Probuccinum tenerum ist eine Meeresschneckenart, ein echtes gastropodenartiges Weichtier aus der Familie der Buccinidae, der Meereswellhornschnecken.",1,1,0.06436393281065211,True
test_456,David David Godwin wird  bei DGA Associates von Emma Townshend vertreten.,David Godwin wird durch Emma Townshend bei DGA Associates vertreten.,1,0,-0.7957915627529709,False
test_457,"Er spendete außerdem 34.000 US-Dollar an Mitt Romney und 7.000 US-Dollar an Ted Cruz, auch für seine Präsidentschaftskampagne im Jahr 2016.","Er spendete 34.000 US-Dollar an Ted Cruz und 7.000 US-Dollar an Mitt Romney, einschließlich seiner Präsidentschaftskampagne für 2016.",0,1,0.2138292460378245,False
test_458,Das einfache Medium kann mit effektiven Querschnitten von Absorption und Emission bei den Frequenzen Formel _ 2 und Formel _ 3 charakterisiert werden.,Das einfache Medium kann durch effektive Durchschnittswerte der Absorption und der Emission bei den Frequenzen Formel 2 und Formel 3 charakterisiert werden.,1,1,0.6856764840720607,True
test_459,"Ethnisch setzt sich Hilltown zu 93 % aus Weißen, zu 3 % aus Chinesen und zu 1 % aus Asiaten zusammen.","Ethnisch besteht Hilltown zu 93 % überwiegend aus Weißen, zu 3 % aus Asiaten und zu 1 % aus Chinesen.",0,1,0.15350803987850836,False
test_460,"de Ruiter, geboren in Leiden, spielte für den FC Utrecht, den FC Den Bosch, Excelsior, den RKC Waalwijk und den FC Emmen.","Der in Leiden geborene de Ruiter hat für den RKC Waalwijk, den FC Den Bosch, Excelsior, den FC Utrecht und den FC Emmen gespielt.",1,0,-0.2911171221884118,False
test_461,NS,NS,0,1,0.46795547600951715,False
test_462,"1974 gründete Lao PDR mit Unterstützung der Vereinten Nationen, der Asian Development Bank und der Weltbank den Stage II Fund.","Mit der Unterstützung der Weltbank, der Vereinten Nationen und der Asiatischen Entwicklungsbank gründete Lao PDR 1974 den Stage II Fund.",1,0,-0.17203081263859998,False
test_463,Die zweite Serie wurde von Kritikern besser aufgenommen als die erste.,Die erste Serie wurde von Kritikern besser aufgenommen als die zweite.,0,0,-0.14986854534795635,True
test_464,"Das ""Fallbeil"" wurde zum letzten Mal in Westdeutschland im Jahre 1949, in Ostdeutschland 1966 verwendet.","Das ""Fallbeil"" wurde zuletzt 1949 in der DDR verwendet, 1966 in Westdeutschland.",0,1,0.03761215463826162,False
test_465,Es gibt auch eine isolierte Schmalspureisenbahn auff der Eyre-Halbinsel von Ceduna nach Port Lincoln.,There is also an isolated narrow gauge railway on the Eyre Peninsula from Port Lincoln to Ceduna.,0,0,-1.2919059653597345,True
test_466,"Der Stadtrat von Webster Groves bestand aus den Ratsmitgliedern Debi Salberg, Kathy Hart, Greg Mueller, Ken Burns, Toni Hunt und Anne Tolan.","Der Stadtrat von Webster Groves bestand aus den Ratsmitgliedern Greg Mueller, Ken Burns, Kathy Hart, Debi Salberg, Toni Hunt und Anne Tolan.",1,0,-0.08142192523300207,False
test_467,Die Gruppe spielte oft und wurde in Israel berühmt. 2007 tourte sie sogar in New York City.,"Die Gruppe tourte landauf, landab, wurde in Israel berühmt und spielte 2007 sogar in New York.",0,0,-0.6481962659630432,True
test_468,Elton John wurde von Holly musikalisch beeinflusst.,Elton John wurde musikalisch von Holly beeinflusst.,1,1,0.3004035719196897,True
test_469,Er nahm mit Billy Eckstines Band auf und 1946 spielte er mit der Lionel Hampton Band.,Er spielte bei der Band von Lionel Hampton und machte 1946 Aufnahmen mit der Band von Billy Eckstine.,0,1,0.01417155290223937,False
test_470,Ihre Musik wird von vielen für Alternative Metal mit Einflüssen von Rap Metal und Industrial Metal gehalten. In früheren Interviews bezeichnen sie sich selbst als „Murder Rock”.,"Ihre Musik wird von vielen als alternativer Metal mit Rap Metal- und Industrial Metal-Einflüssen angesehen, die sich laut früheren Interviews als „murder - rock“ bezeichnen.",1,0,-0.38002806958704693,False
test_471,Sir Roberts Sohn Anthony war der Vater des ersten der Jenkinson Baronets von Hawkesbury in Gloucestershire.,"Sir Robert, der Sohn von Anthony, war Vater des ersten Jenkinson   Baronets von Hawkesbury, Gloucestershire.",0,0,-1.3400732796076058,True
test_472,"Chandler betrachtete den Computer als Lernwerkzeug, aber er lehnte den vorherrschenden Objektivismus ab, der Daten als Informationen und Informationen als Wissen betrachtete.","Chandler erkannte den Computer als Lernmittel, aber er wies den vorherrschenden Objektivismus, der Daten als Information und Information als Wissen betrachtete, zurück.",0,0,-0.1128482641970514,True
test_473,Sie überquert dann den Arm des Lake Texoma des Washita River.,Dann überquert sie den Arm des Lake Texoma des Washita River.,1,1,0.1577878863975053,True
test_474,Georgetown ist auch eine Trinkwasserquelle für Lake Georgetown und die Nachbarstadt Round Rock.,Lake Georgetown ist auch die Trinkwasserquelle für Georgetown und die nahe gelegene Stadt Round Rock.,0,0,-0.4090156676660651,True
test_475,Die folgende Tabelle vergleicht die Leistung des LOD-fähigen Renderings mit einer vollständigen Detailmethode („brute - force”).,"Die folgende Tabelle vergleicht die Leistungen von LOD-fähigem Rendering und einer vollständigen Detailmethode (""brute force"").",1,0,-1.0449298920352872,False
test_476,"Die Volare Group hat ihren Sitz in Thiene, Mailand und seine Handelsverwaltung und Charterverwaltung in Italien.","Die Volare Group hat ihren Hauptsitz in Thiene, Mailand, und die Handelsverwaltung und die Charterverwaltung in Italien.",1,1,0.19123239387807744,True
test_477,"In dieser Nacht kehrte er zurück zum Standort westlich von Tecumseh und ritt anschließend mit einem anderen Pferd nach Violet Springs, bevor seine Nachbarn misstrauisch werden konnten.","Er würde in dieser Nacht westlich von Tecumseh zum Bahnhof gehen und dann mit einem anderen Pferd nach Violet Springs zurückkehren, bevor seine Nachbarn misstrauisch werden könnten.",0,0,-0.8509047697125757,True
test_478,Sarjiyo wurde der neue Anführer der Gerakan Tiga Daerah und Oberregent von Pekalongan.,"Der Hauptanführer von „Gerakan Tiga Daerah“ war Sarjiyo, der zum neuen Regenten von Pekalongan wurde.",0,0,-1.914726455166973,True
test_479,Am 25. Juni 1866 wurde er zum Titularbischof von Nisa in Lycia und zum Bischof von Velletri ernannt.,Er wurde am 25. Juni 1866 zum Weihbischof von „Nisa in Lycia” und Titularbischof von Velletri ernannt.,0,0,-0.2005005240514529,True
test_480,"Cher und MCA waren die Labels, mit denen Kapp in den 1970er Jahren mehr Erfolg hatte und er blieb bis 1974 bei ihnen.","Bei Kapp und MCA handelt es sich um die Labels, mit denen Cher in den Siebzigern mehr Erfolg hatte und sie blieb bis 1974 bei ihnen.",0,1,0.20286087423725851,False
test_481,"Es ist auch erwähnenswert, dass der folgende Code ohne ADL funktionieren würde (er wird ohnehin auf ihn angewendet).","Es ist auch erwähnenswert, dass der folgende Code ohne ADL funktionieren würde (er wird sowieso auf ihn angewendet).",1,1,0.7493781931751394,True
test_482,"Sie wurden von CyberConnect2 entwickelt und von Namco Bandai veröffentlicht, den Auftakt machte „Naruto: Ultimate Ninja“ im Jahr 2005.",Sie wurden von CyberConnect2 entwickelt und von Namco Bandai ab 2005 mit  „Naruto: Ultimate Ninja” veröffentlicht.,1,0,-0.4372243420685876,False
test_483,"John Milton bezieht sich auf Shakespeare und zitiert Angela Warren „Comus“: „Unter der glasigen, kühlen, lichtübertragenen Welle“.","Angela Warren bezieht sich auf Shakespeare und zitiert John Milton's „Comus“: „Unter der glasigen, kühlen, durchsichtigen Welle“.",0,0,-0.07446865155440097,True
test_484,"AleX ist eine italienische Fernsehserie. Die Serie wurde von Alfredo Castelli, Guglielmo Duccoli und Giorgio Schottler geschrieben und von Videotime produziert.","Die italienische Fernsehserie AleX wurde von Alfredo Castelli, Guglielmo Duccoli, Giorgio Schottler und Videotime produziert.",1,0,-1.2940977203264916,False
test_485,"Enotheken verbreiteten sich bis nach Österreich nördlich der Alpen unter dem deutschen Ausdruck ""Vinothek"", sowie von Deutschland nach Österreich.","Nördlich der Alpen bis nach Österreich und von Deutschland nach Österreich haben sich ""Enotheken"" unter dem deutschen Ausdruck ""Vinothek"" verbreitet.",1,1,0.6544024691404581,True
test_486,Maharajganj ist ein Abgeordnetenwahlkreis im Distrikt Siwan im indischen Bundesstaat Bihar.,Siwan ist ein Versammlungsbezirk im Bezirk Maharajganj im indischen Bundesstaat Bihar.,0,0,-0.1383317531266972,True
test_487,"Smartass ist ein Film von Jena Serbu, in dem Joey King eine Rolle spielt.",Smartass ist ein Film von Jena Serbu und Joey King.,1,0,-1.060192558481738,False
test_488,"65 Soldaten wurden während der Mission getötet: 34 Nigerianer, 28 Tschadianer, 2 Togolesen und 1 Burkinabé.","Während der Mission wurden 65 Soldaten getötet: 34 Nigerianer, 28 Tschadianer, 2 Togolesen und 1 Burkinabé.",1,0,-0.06785600230635147,False
test_489,"In „Der Mörder von nebenan“, einem Kriminalroman von Georgette Heyer, wird eine Figur mit Armstrong verglichen.","In „Der Mörder von nebenan“, einem Kriminalroman von Armstrong, wird eine Figur mit Georgette Heyer verglichen.",0,0,-0.2303070027972095,True
test_490,"Die Division wurde in der Schlacht um die Normandie vernichtet, die letzten Elementen gingen infolge der Eroberung von Cherbourg verloren.","Die Division wurde in der Schlacht um die Normandie vernichtet, ihre letzten Elemente gingen bei der Eroberung von Cherbourg verloren.",1,1,0.04906936888391078,True
test_491,Vempati Chinna Satyam (15. Oktober 1929 – 29 Juli 2012) war ein Kuchipudi-Tänzer und ein indischer Tanz-Guru.,Vempati Chinna Satyam (15. Oktober 1929 bis 29. Juli 2012) war ein Kuchipudi-Tänzer und ein Guru der indischen Tanzform.,1,0,-0.5487211063884553,False
test_492,"Massé wurde in Westchester County, New York, geboren, wuchs in Holland, Michigan, auf und lebte während ihrer Jugend in Europa.",Massé wurde in Holland in Michigan geboren und wuchs in Westchester County in New York auf und lebte in ihrer Jugend in Europa.,0,0,-1.091879539122849,True
test_493,Ein Multiversum ist eine Ansammlung alternativer Universen mit universaler Natur und einer ähnlichen Hierarchie.,Ein Multiversum ist eine Ansammlung alternativer Universen mit ähnlicher Beschaffenheit und einer universellen Hierarchie.,0,0,-0.10744691696717834,True
test_494,"Der Jidanul ist ein Nebenfluss des Jiul de Vest, Rumänien.",Der Jiul de Vest ist ein Nebenfluss des Jidanul in Rumänien.,0,1,0.10957940664661936,False
test_495,"Shook war ein unabhängig produziertes elektronisches Underground-Musikmagazin mit Sitz in London, das verschiedene Formen der britischen Musik und der schwarzen Musik abdeckte.",Shook war ein britisches Musikmagazin mit Sitz in London und deckte verschiedene Arten von Black Music und elektronischer Underground-Musik ab.,0,0,-1.6000448446372157,True
test_496,"Der Motor wiegt und ist 54 Zoll lang, 29 Zoll breit und 41 Zoll hoch.",NS,0,0,-1.0543084287416935,True
test_497,"Im Jahr 1977 reiste Barber gemeinsam mit Rob Taylor nach Schottland und Norwegen, um Wasserfälle zu besteigen.","1977 reiste Rob Taylor mit Barber nach Schottland und Norwegen, um Wasserfälle zu erklimmen.",0,0,-0.4892628786765393,True
test_498,Bei „Basie Land” handelt es sich um ein Studioalbum von 1964 von Billy Byers und seinem Orchester. Die Musik wurde von Count Basie komponiert und arrangiert.,"Basie Land ist ein Studioalbum von Count Basie und seinem Orchester aus dem Jahr 1964, dessen Musik von Billy Byers komponiert und arrangiert wurde.",0,0,-0.5725404185197761,True
test_499,"Für eine feste messbare Funktionsformel 18, ist Formel 19 eine Mittelvariable mit Zufallsformel 20 und Varianzformel 21.",Für eine feste messbare Funktion der Formel 18 ist die Formel 19 eine beliebige Variable mit der Mittelformel 20 und der Varianzformel 21.,0,0,-1.1083173362711518,True
test_500,"„Cosmic Explorer“ wurde am 6. April 2016 in vier unterschiedlichen Formaten von Universal J Japan, Universal Music und Perfume Records veröffentlicht.","„Cosmic Explorer“ wurde am 6. April 2016 von Universal Music Japan, Universal J, und Perfume Records in vier verschiedenen Formaten veröffentlicht.",0,0,-0.7356576215868561,True
test_501,"Er starb in Milwaukee, Wisconsin, wo er am 5. Mai 1903 in den Ruhestand ging.","Er starb in Milwaukee, Wisconsin, wo er sich am 5. Mai 1903 zur Ruhe gesetzt hatte.",1,1,0.18781580760307526,True
test_502,Bettencourt spielte Gitarre und wurde von Chris Gehringer in den Sterling Sound Studios in New York City gemastert.,Bettencourt beherrschte die Gitarre und Chris Gehringer spielte sie in den Sterling Sound Studios in New York City.,0,0,-1.0920918979628707,True
test_503,"Er wurde in Tiburon, Kalifornien, geboren und er verstarb in Brooklyn, New York.","Es wurde in Tiburon, Kalifornien, geboren und verstarb in Brooklyn, New York.",1,0,-0.16942243942000346,False
test_504,"Nach seinem Wehrdienst lebte Lockhart in Florida, zog jedoch kürzlich um nach Texas.","Nach seinem Einsatz lebte Lockhart in Texas, doch er zog vor Kurzem nach Florida.",0,0,-0.6817242554971891,True
test_505,"Die Abdeckung wurde nur von intimen Zuschauern entfernt, sodass diese Szenen vielleicht privilegierter gewesen wären.","Der Deckel wurde nur von privilegierten Betrachtern entfernt, sodass diese Szenen möglicherweise intimer waren.",0,0,-0.45490816792408073,True
test_506,"Humes wurde in Bethesda, Maryland, geboren und verbrachte seine Kindheit in Kanada sowie in mehreren anderen Ländern, darunter Mexiko, Nigeria, Marokko und Chile.","Humes wurde in Mexiko geboren und verbrachte seine Kindheit in Kanada sowie in diversen anderen Ländern, u.a. Chile, Nigeria, Marokko, Bethesda und Maryland.",0,0,-0.22985931797805226,True
test_507,"Die Saison 2008/09 Colorado Avalanche war die 37. Saison der Franchise, die 14. in der National Hockey League und die 30. als Colorado Avalanche.","Die Spielzeit 2008 – 09 war die 37. Spielzeit des Profivereins Colorado Avalanche, die 30. in der National Hockey League und die 14. als Colorado Avalanche.",0,1,0.393362018911536,False
test_508,Die Serie hatte am 18. April 2009 in Australien auf Nickelodeon (Neuseeland und Neuseeland) Premiere.,Die Serie debütierte am 18. April 2009 in Australien über Nickelodeon (Neuseeland und Neuseeland).,1,1,0.3851988858715817,True
test_509,Der Petkeljärvi-Nationalpark ist ein Nationalpark in Ilomantsi in der nordkarelischen Region Finnlands.,"Petkeljärvi National Park ist ein Nationalpark in der Region Ilomantsi in Nordkarelien, Finnland.",0,0,-1.8434056453645136,True
test_510,"Dies ist der Zen-Stil zum Servieren und Verspeisen von Mahlzeiten, so wie er in offiziellen Tempeln praktiziert wird.","Dies ist der Zen-Stil des Servierens und Essens, der in formalen Tempeln praktiziert wird.",1,0,-0.3646382621421793,False
test_511,"Am 5. März 2011 postete MTV Hive einen Streaming-Link zu Anni Rossi, die Rihannas „Rude Boy” performte.",Am 5. März 2011 veröffentlichte MTV Hive einen Streaming-Link zu Rihanna mit Anni Rossi's „Rude Boy''.,0,0,-0.6045897937826464,True
test_512,"Der neue Anführer von Gerakan Tiga Daerah war Sarjiyo, der zum Hauptregenten von Pekalongan wurde.","Der neue Anführer von Gerakan Tiga Daerah war Sarjiyo, der der Hauptregent von Pekalongan wurde.",1,0,-0.7878066977948531,False
test_513,"Maritsa Lazari wurde im Oktober 1943 in Zypern geboren. Sie emigrierte mit ihrer Familie nach London, Großbritannien im Alter von 16 Jahren.",Maritsa Lazari wurde im Oktober 1943 in London geboren und wanderte sechzehnjährig mit ihrer Familie nach Zypern aus.,0,1,0.5727883812827613,False
test_514,"Während seiner Kampagne debattierte er McCain zweimal, einmal im Flagstaff, und einmal in Tucson.","Während seines Wahlkampfs debattierte er zweimal über McCain, einmal in Tucson und einmal in Flagstaff.",1,0,-0.40998291864564584,False
test_515,"Im Mai 1983 begann die Tour im Vereinigten Königreich, gemeinsam mit dem zusätzlichen Gitarristen Robin George für Live-Auftritte.",Im Mai 1983 begann eine UK-Tournee mit dem Live-Gitarristen Robin George für zusätzliche Auftritte.,0,0,-0.6416000232957809,True
test_516,"Der Property Manager ist ein in Großbritannien weit verbreiteter Begriff, der die ständigen Unterschiede in den relativen Begriffen von billigerem zu teurerem Wohnen beschreibt.","Property Manager ist ein Begriff, der im Vereinigten Königreich häufig verwendet wird, um in konstanter Form die relativen Unterschiede zwischen billigerem und teurerem Wohnraum zu beschreiben.",0,1,0.05970049532848243,False
test_517,Die Gesamtsieger der Juniorenklasse 1 erhalten den James Delahunt Cup.,Die Gewinner der Junior Division 1 erhalten den James Delahunt Cup.,1,0,-0.3958611688833401,False
test_518,Serbische Familien verließen das Dorf vor der Rückkehr albanischer Flüchtlinge im Jahr 1999.,Vor der Rückkehr der serbischen Flüchtlinge im Jahr 1999 verließen albanische Familien die Stadt.,0,0,-0.5466845890737503,True
test_519,"Der JoyKey hat keine beweglichen Teile, keine Korken, die verschleißen können, oder Federn, die brechen können.","Der JoyKey hat keine beweglichen Teile, keine Korken, die brechen können, oder Federn, die sich abnutzen können.",0,0,-0.6939809448119464,True
test_520,Es wurde am 22. Dezember 2011 veröffentlicht und im Februar 2012 angekündigt.,Es wurde am 22. Dezember 2011 registriert und im Februar 2012 veröffentlicht.,0,0,-0.37669794976316184,True
test_521,"Sie wurden von CyberConnect2 entwickelt und von Namco Bandai veröffentlicht, beginnend mit ""Naruto: Ultimate Ninja"" im Jahr 2005.","Sie wurden von Namco Bandai entwickelt und von CyberConnect2 veröffentlicht, beginnend mit „Naruto: Ultimate Ninja” im Jahr 2005.",0,1,0.09084746881533456,False
test_522,"Das Ensemble besteht aus einem grünem Jersey mit weißem Kragen, blauen Shorts und blauen Socken.","Das Set bestand aus einem grünen Trikot mit weißem Kragen, blauen Shorts und blauen Socken.",1,0,-0.9138390326690758,False
test_523,"Das Event wurde von Boutique @ hs Ambassador, Teresa Palmer Michala Banas und der australischen Schauspielerin Kyly Clarke besucht.","Die Veranstaltung wurde von Boutique @ hs Botschafterin, Teresa Palmer Michala Banas und der australischen Schauspielerin Kyly Clarke besucht.",1,0,-0.4794883985895534,False
test_524,"Duminda Silva, auch unter den Namen Arumadura Lawrence Romelo Duminda Silva und R. Dumindha Silva bekannt, ist ein Politiker aus Sri Lanka und ehemaliges Parlamentsmitglied.","Arumadura Lawrence Romelo Duminda Silva, auch bekannt als Duminda Silva und R. Dumindha Silva, ist ein sri-lankischer Politiker und ehemaliger Vertreter des Parlaments.",1,0,-0.10983504278477041,False
test_525,Sie dient dem südöstlichen Vorort Edithvale von Melbourne und wurde am 20. September 1919 eröffnet.,"Es dient dem südöstlichen Edithvale, Vorort von Melbourne, das am 20. September 1919 eröffnet wird.",1,0,-0.3977181396122781,False
test_526,"In der Praxis sind Mesquite-Module Java-Klassen, in der Regel abstrakte Unterklassen von konkreten Klassendefinitionen.","Moschee-„Module” sind in der Praxis Java-Klassen, und zwar normalerweise konkrete Teilklassen abstrakter Klassendefinitionen.",0,0,-0.3553270145952391,True
test_527,"Am 11. September 1814 heiratete John Peter DeWint Caroline Smith, die Enkelin von John Adams.","Caroline Smith heiratete John Peter DeWint, Enkelin von John Adams, im September 1814.",0,0,-0.33043312644243106,True
test_528,"Bei diesen Abendessen wird oft edler Wein getrunken, normalerweise zusammen mit Champagner oder ähnlichen Schaumweinen.","Bei solchen Abendessen wird in der Regel Qualitätswein getrunken, oft mit Champagner oder ähnlichen Schaumweinen als Abschluss.",1,0,-0.12061462846162063,False
test_529,NS,"Laut dem Statistischen Bundesamt der USA hat Kennesaw eine Gesamtfläche wovon Land und 1,08 % Wasser sind.",0,0,-1.1506222607271794,True
test_530,"Joe R. Campa Jr. ist ein ehemaliger Seemann der U.S. Navy, der als 11. Master Chief Petty Officer der United States Navy tätig war.","Joe R. Campa Jr. ist ein ehemaliger Seemann der United States Navy, der als elfter Master Chief Petty Officer der U.S. Navy tätig war.",1,0,-0.439990404035708,False
test_531,Poonam Devi von der Partei RJD gewann 2000 gegen Dharmendra Yadav von JDU.,"Im Jahr 2000 besiegte Poonam Devi von RJD Dharmendra Yadav, der JDU repräsentierte.",1,0,-0.8866914105547422,False
test_532,"Mark Knowles und Daniel Nestor gewannen den Titel als sie Jonathan Erlich und Andy Ram im Finale mit 5: 3, 5: 4 besiegten.","Mark Knowles und Daniel Nestor gewannen den Titel, als sie Jonathan Erlich und Andy Ram mit 5: 3, 5: 4 im Finale besiegten.",1,1,0.8532000615768479,True
test_533,Mit Terry als Ophelia und Portia belebte er „Hamlet“ und produzierte „The Merchant of Venice'' (Der Kaufmann von Venedig) ( 1879 ).,"Mit Terry als Ophelia und Portia griff er ""Hamlet"" wieder auf und produzierte ""Der Kaufmann von Venedig"" (1879).",1,1,0.6110092015946266,True
test_534,"Er half auch bei der Gründung von Meditationszentren in ganz Europa sowie in Nord-, Mittel- und Südamerika.","Er half auch beim Aufbau von Meditationszentren in ganz Europa sowie in Nord-, Mittel- und Südamerika.",1,1,0.3150852032582746,True
test_535,Mit dem Ausbau der FM 1241 wurden die Pläne für die Fernstraße am 18. Oktober 1954 fallengelassen.,"Die Autobahn wurde am 18. Oktober 1954 gestrichen, als die FM 1241 erweitert wurde.",1,0,-0.3311041901597901,False
test_536,Fanwood liegt im 22. Kongressbezirk und gehört zum 12. Regierungsbezirk von New Jersey.,Fanwood befindet sich im 12. Kongressbezirk und ist Teil des 22. staatlichen Legislativbezirks von New Jersey.,0,0,-1.1464098650609813,True
test_537,„Taunton Castle” war am 1. August in Rio de Janeiro und am 31. Oktober in Penang.,„Taunton Castle“ war am 1. August in Penang und am 31. Oktober in Rio de Janeiro. .,0,0,-0.23236332628194012,True
test_538,Bonnie Bedelia Culkin (geboren am 25. März 1948) ist eine amerikanische Schauspielerin.,Bonnie Bedelia (geboren am 25. März 1948 als Bonnie Bedelia Culkin) ist eine amerikanische Schauspielerin.,0,0,-0.5404801921381582,True
test_539,Madiun liegt an der Hauptstraße nach Yogyakarta und Jakarta.,Yogyakarta und Jakarta liegen an der Hauptstraße nach Madiun.,0,1,0.4899068287924494,False
test_540,"Während seiner Zeit in Savannah, erfuhr Charles Celestine aus einer Zeitung, dass sein Sohn Sherman während des Savannah-Feldzugs starb. Der General hatte sein Kind nie gesehen.","Während er in Savannah verblieb, erfuhr Sherman aus der Zeitung, dass sein neugeborener Sohn Charles Celestine in der Zeit des Savannah-Feldzuges verstorben war; der General hatte das Kind noch nie gesehen.",0,0,-1.0336771853339757,True
test_541,"McCarthy wurde in Auckland geboren, zog aber im Alter von vier Jahren mit seinen Eltern nach San Francisco in Kalifornien.","McCarthy wurde in Auckland geboren, zog aber im Alter von vier Jahren zusammen mit seinen Eltern nach San Francisco, Kalifornien.",1,0,-0.2495671704111414,False
test_542,"Scrivener datierte die Handschrift auf das 12. Jahrhundert, C. R. Gregory auf das 13. Jahrhundert. Derzeit wird die Handschrift von der INTF auf das 12. Jahrhundert datiert.","Scrivener datiert das Manuskript auf das 13. Jahrhundert, C.R. Gregory auf das 12. Jahrhundert, derzeit wird die Entstehungszeit des Manuskripts von INTF auf das 12. Jahrhundert festgelegt.",0,1,0.428120100580205,False
test_543,"Phnom Penh – Vietnams Versöhnungsdenkmal in Kambodscha, der Hauptstadt von Kambodscha, ist ein großes Betondenkmal, das an das ehemalige Bündnis zwischen Vietnam und Kambodscha erinnert.","Das Phnom Penh -- Vietnam Friendship Monument in Kambodscha, der Hauptstadt Kambodschas, ist ein großes Betonmonument, das an das ehemalige Bündnis zwischen Vietnam und Kambodscha erinnert.",1,1,0.8346084694453803,True
test_544,"Die Grafschaft Brewarrina umfasst Brewarrina und die Dörfer Gongolgon, Angledool und Goodooga sowie die Geisterstadt Tarcoon.","Brewarrina Shire und die Dörfer Gongolgon, Angledool, Goodooga und die Geisterstadt Tarcoon.",0,0,-1.4192481934147851,True
test_545,"Am 1. August 1699 übergab Bickerstaffe sein Eigentum in Chirton an Sir William Blackett, der die Halle an Archibald Campbell, 1. Herzog von Argyll, verkaufte.","Am 1. August 1699 übergab William Blackett sein Eigentum in Chirton an Sir Archibald Campbell, der die Halle an den ersten Herzog von Argyll, Bickerstaffe, verkaufte.",0,0,-0.9600314193490292,True
test_546,"Sher Ahmed Akhundzada (auch bekannt als Sher Mohammed Akhundzada) ist ein Stammesführer, der von 2001 bis 2005 Gouverneur von Helmand in Afghanistan war.","Sher Ahmed Akhundzada (auch bekannt als Sher Mohammed Akhundzada) ist ein Stammesführer, der von 2001 bis 2005 Gouverneur von Helmand in Afghanistan war.",1,1,0.07204809917683297,True
test_547,"Rakai ist die Hauptstadt des Distrikts Rakai, der Anfang der 1980er-Jahre Ausgangspunkt der Aids-Epidemie und in Uganda als erster betroffen war.","Rakai ist die Hauptstadst des Distrikts Rakai, der in den frühen 1980ern das Epizentrum und der erste Distrikt in Uganda war, der von der AIDS-Epidemie betroffen war.",1,1,0.11988589086070478,True
test_548,Ihr Urenkel war der Schauspieler Alexander Molchanoff (geb. Richard Marner).,Ihr Urenkel war der Schauspieler Richard Marner (geb. Alexander Molchanoff).,0,1,0.42667380685408596,False
test_549,"Neben den Nationalparks gibt es zehn Staatsparks, fünf städtische Einrichtungen und mehrere andere Gärten und Arboretrien in der Region.","Neben den Stadtparks liegen zehn Nationalparks, fünf nationale Einrichtungen und diverse andere Gärten und Arboreten in der Gegend.",0,0,-0.26309364583789396,True
test_550,"Es hat seinen Sitz in Mondercange, im Süden von Luxemburg.","Sie hat ihren Sitz in Luxemburg - Stadt, südlich von Mondercange.",0,0,-0.39043420205075496,True
test_551,"Bei Wiederkäuern kommt auch eine neurologische Erkrankung vor, bei der die Tiere sich weigern können, zu fressen, lethargisch wirken und außerdem Symptome in den Atemwegen entwickeln.","Es gibt auch eine Atemwegskrankheit bei Wiederkäuern, bei der die Tiere möglicherweise nicht essen, lethargisch wirken und neurologische Anzeichen entwickeln.",0,0,-0.5310193889686725,True
test_552,"Das BBC College of Journalism wurde im Juni 2005 als eine E-Learning-Serie eröffnet, mit Kevin Marsh als Chefredakteur, dessen erster Direktor Vin Ray war.",Im Juni 2005 wurde das BBC College of Journalism als E-Learning-Serie mit Vin Ray als Executive Editor eröffnet. Erster Direktor war Kevin Marsh.,0,0,-0.6622742587843454,True
test_553,Bei der Betrachtung des impliziten Profits werden die expliziten Kosten gemeinsam mit den wirtschaftlichen Kosten berücksichtigt.,Bei der Betrachtung des impliziten Gewinns werden neben den wirtschaftlichen auch die expliziten Kosten berücksichtigt.,1,0,-0.1850998016335571,False
test_554,Rami Nieminen (geboren am 25. Februar 1966) ist ein finnischer Fußballspieler.,Rami Nieminen (* 25. Februar 1966) ist ein finnischer Fußballspieler.,1,1,0.4985721795471473,True
test_555,"Prang Ku ist ein Distrikt (""Amphoe"") im westlichen Teil der Provinz Sisaket im nordöstlichen Thailand.",Prang Ku ist ein Bezirk („Amphoe“) im westlichen Teil der Provinz Sisaket im Nordosten von Thailand.,1,1,0.10529580117088988,True
test_556,"Die 14., 16. und 117. Linie hatten jeweils zwei Bataillone im Kampf.","Die 14., 16. und 117. Kolonne hatten jeweils zwei Bataillone im Kampf.",1,1,0.7148223590214419,True
test_557,"Mount DeVoe ist ein Berg auf Vancouver Island, British Columbia, Kanada, der südöstlich des Gold River und im Süden von Rambler Peak gelegen ist.","Der Mount DeVoe ist ein Berg auf Vancouver Island in British Columbia in Kanada, südöstlich des Rambler Peak und südlich des Gold River.",0,0,-0.5461562703567228,True
test_558,Der Olt River ist ein Nebenfluss des Flusses Seghes in Rumänien.,Der Fluss Segheș ist ein Nebenfluss des Flusses Olt in Rumänien.,0,0,-0.8032495235339149,True
test_559,"Die Montreal Montreal Stars gewannen den Clarkson Cup, indem sie die Minnesota Whitecaps (WWHL) mit 3:1 besiegten.",Die Montreal Stars gewannen den Clarkson Cup durch Ihren 3-zu-1-Sieg gegen die Minnesota Whitecaps (WWHL).,1,1,0.5453802743125359,True
test_560,"wobei der Stern die unnatürliche Gruppe bezeichnet. Wenn „G“ endlich ist, gibt es einen algebraischen dualen Isomorphismus.","Wenn der Stern die algebraische Dualgruppe benötigt, ergibt sich bei endlichem „G” ein unnatürlicher Isomorphismus.",0,0,-0.3270790867552529,True
test_561,Nachdem er sich zur Ruhe setzte blieb er in Krzemieniec und verstarb dort.,"Nach seiner Pensionierung , starb er in Krzemieniec und blieb dort.",0,0,-1.2963196991852781,True
test_562,"Es ist auch bemerkenswert, dass der folgende Code auch ohne ADL funktionieren würde (er wird trotzdem darauf angewendet).","Es gilt außerdem zu beachten, dass der folgende Code ohne ADL funktionieren könnte (er wird ohnehin darauf angewendet).",1,1,0.2273996209831649,True
test_563,"Die Fluggesellschaft wurde von Irelandia gebildet, die auch fünf weitere Fluggesellschaften hervorgebracht hat, nämlich VivaColombia, Ryanair, Allegiant Air, VivaAerobus und Tigerair.","Die Fluggesellschaft wurde von Irelandia gegründet, die daneben fünf weitere Fluggesellschaften entwickelt hat, nämlich VivaColombia, Ryanair, Allegiant Air, VivaAerobus und Tigerair.",1,0,-0.04978455971082896,False
test_564,Die römisch-katholische Diözese von Bungoma ist in der Stadt Kisumu in der Kirchenprovinz von Bungoma in Kenia gelegen.,"Die römisch-katholische Diözese Bungoma ist eine Diözese in der Stadt Kisumu in der Kirchenprovinz Bungoma, Kenia.",1,0,-0.8722399271519478,False
test_565,"Sonntags gibt es einen stündlichen Service nach Glasgow, aber keinen Service nach Edinburgh und Dunblane.","Sonntags gibt es einen stündlichen Service nach Edinburgh und Dunblane, aber keinen Service nach Glasgow.",0,1,0.698254194745248,False
test_566,"Buccinum pulchellum ist eine Meeresschneckenart, ein echtes gastropodenartiges Weichtier aus der Familie der Buccinidae, der Meereswellhornschnecken.","Buccinum pulchellum ist eine Art Meeresschnecke, ein Meeresbauchfüßer-Weichtier aus der Familie der Buccinidae, der echten Wellhornschnecken.",0,1,0.8565340396666173,False
test_567,Martin Damm und Radek Štěpánek gewannen im Finale 6 : 2 und 6 : 4 gegen Jonas Björkman und Fabrice Santoro.,"Martin Damm und Radek Štěpánek siegten im Finale gegen Jonas Björkman und Fabrice Santoro mit 6: 2, 6: 4.",1,0,-0.7633650297110081,False
test_568,Er wurde am 21. Dezember 1965 in Oxon Hill in Maryland geboren und besuchte die High School in New Haven in Connecticut.,"Alston wurde am 21. Dezember 1965 in New Haven, Connecticut geboren. Er besuchte die Oxon Hill High School in Oxon Hill, Maryland.",0,1,0.019886695037071744,False
test_569,"Der erste „Every Morning“-Track ist die Akustikgitarrenversion des letzten Tracks „Morning"" .","Der neueste Track ""Every Morning"" ist die Akustikgitarren-Version des ersten Tracks ""Morning"".",0,0,-0.3070111056988407,True
test_570,"Er spielte zu Beginn seiner Karriere in Australien, zog aber nach Schottland, um für Frankston City in der Victorian State League zu spielen.","Er spielte früh in seiner Karriere in Australien, zog aber nach Schottland, um für Frankston City in der Victorian State League zu spielen.",1,0,-0.03239311227749253,False
test_571,"Wenn eine Oberfläche eine konstante Gaußsche Krümmung von Null aufweist, handelt es sich um eine entwickelbare Oberfläche, und die Geometrie der Oberfläche ist die euklidische Geometrie.","Wenn eine Oberfläche eine konstante Null-Gauss-Kurve aufweist, handelt es sich um eine entwickelbare Oberfläche und die Geometrie der Oberfläche ist eine euklidische Geometrie.",1,1,1.0358418985517424,True
test_572,"Obwohl Soni Sori vor Gericht erklärte dass sie sich Sorgen um ihre Sicherheit machte, wurde sie in den Gewahrsam der Polizei des Bundesstaates Chhattisgarh in Dantewada übergeben.","Trotz der Aussage Soni Soris vor  Gericht, dass sie sich um ihre Sicherheit sorgt, wurde sie in das Gefängnis der Chhattisgarh State Police in Dantewada verlegt.",1,0,-1.561057097322276,False
test_573,Dann überquert es den Washita-Flussarm des Sees Texoma.,Dann überquert es den Arm des Lake Texoma des Washita River.,0,1,0.0895042019315383,False
test_574,Kudawa ist ein Dorf- und Dorfentwicklungskomitee in der Narayani-Zone im Bara-Distrikt in Südost-Nepal.,Kudawa ist ein Dorf- und ein Dorfentwicklungskomitee in der Narayani-Zone des Bara-Distrikts im Südosten von Nepal.,1,0,-0.14768371948817316,False
test_575,"Santa Cruz County war ein Flughafen im Scotts Valley, Kalifornien, im Santa Cruz Sky Park.","Santa Cruz Sky Park war ein Flughafen in Scotts Valley, Kalifornien, im Bezirk Santa Cruz.",0,1,0.029969829787863222,False
test_576,Eine CD mit Titelmelodien aus vierzehn seiner Filme wurde 2008 von Philip Powers veröffentlicht und von 1M1 Records produziert.,Eine CD mit Titelmusik von 14 seiner Filme wurde 2008 von Philip Powers produziert und von 1M1 Records veröffentlicht.,0,0,-0.9634256848963442,True
test_577,"Die Partitur wurde vom Komponisten Maury Yeston entwickelt, die Choreografie stammt von William Whitener, dem Künstlerischen Leiter des Kansas City Ballets.","Die Partitur stammte vom Komponisten Maury Yeston und die Choreographie stammt von William Whitener, dem künstlerischen Leiter des Kansas City Ballet.",1,1,0.00872305266394613,True
test_578,Chuck Rainey (erster Bassist von Aretha Franklin und Marvin Gaye) war der Electric Director von BIT.,Chuck Rainey (erster Bassist für Aretha Franklin und Marvin Gaye) war der elektrische Leiter von BIT.,1,0,-0.10241549572188624,False
test_579,Dotty wurde im Jahr 1923 in Boston geboren und verschied 2014 in Gloucester.,Dotty wurde 1923 in Gloucester geboren und starb 2014 in Boston.,0,0,-1.1977550908726107,True
test_580,"Bei der Eröffnung war David Nixon der Direktor der Fernsehgesellschaft BBC und die erste Sendung war ""First Night"" mit Gerald Beadle im Studio Drei.","Bei der Eröffnung von BBC-TV war Gerald Beadle Director und die erste Sendung war ""First Night"" mit David Nixon in Studio Drei.",0,0,-1.0843831938161448,True
test_581,Farmer besiegte Armstrong-Kandidat Wesley Lobb mit 180 Stimmen und blieb nach der Wahl im Amt.,Farmer besiegte den Armstrong-Kandidaten Wesley Lobb mit 180 Stimmen und wurde nach der Wahl im Amt belassen.,1,0,-0.2981644347645801,False
test_582,"Sie haben einigen Erfolg mit Live-Shows in Shepparton, Geelong und Melbourne erzielt.","Sie erzielten einige Erfolge und spielten Live-Shows in Shepparton, Geelong und Melbourne.",1,0,-0.3155513828458596,False
test_583,In den nachfolgenden Rezensionen wird die höchste Beurteilung für die Show in Rot und die niedrigste wird in blauer Folge wiedergegeben.,In den folgenden Bewertungen wird die höchste Bewertung für die Show in Rot angezeigt und die niedrigste Bewertung für die Show wird in Blau angezeigt.,1,0,-0.4283561061922915,False
test_584,Er wurde im NBA Draft von 1967 in der 7. Runde (77. Pick insgesamt) von den Philadelphia 76ers ausgewählt.,Er wurde von den Philadelphia 76ers in der 7. Runde (77. Pick insgesamt) des NBA Draft 1967 ausgewählt.,1,1,0.14963746149338086,True
test_585,Im Vereinigten Königreich wurde es am 28. Januar 2008 von der Angular Recording Corporation und am 18. März 2008 in den Vereinigten Staaten von Domino Records veröffentlicht.,Es wurde von der Angular Recording Corporation am 28. Januar 2008 im Vereinigten Königreich und von Domino Records am 18. März 2008 in den Vereinigten Staaten veröffentlicht.,1,0,-0.5054847697146513,False
test_586,"Longo wurde in Bayonne, New Jersey, geboren und besuchte die Marist High School in Jersey City, New Jersey und an der University of Rhode Island.","Geboren in Jersey City, New Jersey, besuchte Longo die Marist High School in Bayonne, New Jersey und die University of Rhode Island.",0,0,-0.39267406395776316,True
test_587,J. Chlor - Radikal -- Freies Chlor reagiert in der Atmosphäre auch mit Methan.,J. Chlorradikal - Freies Chlor in der Atmosphäre reagiert auch mit Methan.,1,1,0.5343133646438908,True
test_588,Schließlich veröffentlichte er im „Western Republican” eine der ersten in Ohio erstellten botanischen Sammlungen eines professionellen Botanikers.,Er veröffentlichte schließlich im „Western Republican” eine der ersten in Ohio erstellten botanischen Sammlungen eines professionellen Botanikers.,1,0,-0.6390546898011916,False
test_589,"Lee hat als Prof in Italien, Russland, Griechenland, Frankreich, Indonesien und Griechenland gespielt. Er gewann nationale Meisterschaften in Puerto Rico, Portugal und Indonesien.","Er spielte professionell in Italien, Russland, Griechenland, Frankreich, Indonesien und Griechenland und gewann nationale Meisterschaften in Puerto Rico, Portugal und Indonesien.",1,0,-0.36669347841236,False
test_590,"Am 30. April 1983 stürzte eine C-131, die an NAS Jacksonville verbunden war, auf NAS Guantanamo Bay auf Cuba ab. Dabei verloren 13 Menschen das Leben.","Am 30. April 1983 stürzte AC-311 auf dem Weg nach NAS Guantanamo Bay, Kuba, bei NAS Jacksonville ab, dabei kamen 13 Menschen ums Leben.",0,0,-0.11406425375187224,True
test_591,Der Fluss Neajlov ist ein Nebenfluss des Flusses Neajlovel in Rumänien.,Der Neajlov River ist ein Nebenfluss des Flusses Neajlovel in Rumänien.,1,0,-0.5905392760902183,False
test_592,Die Pflanze könnte einige medizinische Eigenschaften haben und wurde in der traditionellen Medizin in Südasien und in der traditionellen chinesischen Medizin verwendet.,Die Anlage kann einige medizinische Eigentümer umfassen und wurde in der traditionellen chinesischen Medizin in Südasien und in der traditionellen Medizin verwendet.,0,0,-0.1370260087762456,True
test_593,Der Milcov ist ein rechter Nebenfluss des Dilcov in Rumänien.,Der Milcov River ist ein Nebenfluss des Dilcov River in Rumänien.,1,0,-0.18048937661576003,False
test_594,"Die Ausnahme war zwischen Ende 2005 und 2009, als er in Schweden mit Carlstad United BK, Serbien mit FK Borac Čačak und dem russischen FC Terek Grozny spielte.","Die Ausnahme war zwischen Ende 2005 und 2009, als er in Schweden bei Carlstad United BK, in Serbien beim FC Terek Grozny und bei dem russischen FK Borac Čačak spielte.",0,1,0.011608221673822583,False
test_595,"Cape Don wurde 1818 von George Don benannt, als Kompliment an General Sir Phillip Parker King, den Lieutenant Governor von Gibraltar.","Cape Don wurde 1818 von Phillip Parker King als Kompliment für General Sir George Don, dem Vizegouverneur von Gibraltar, benannt.",0,0,-1.2632684159031315,True
test_596,Drei Jahre später gewann er für Westdeutschland im selben Wettbewerb bei der Europameisterschaft in Hahnenklee eine Silbermedaille.,Drei Jahre später gewann er für Hahnenklee bei den Europameisterschaften in Westdeutschland eine Silbermedaille.,0,0,-0.8345925129739534,True
test_597,Sie brachten auch den zweiten Titel des Albums „Vices” am 13. Juni als 5. Singleauskopplung heraus.,"Sie veröffentlichten auch den 5. Track auf dem Album, „Vices“, als zweite Single des Albums am 13. Juni.",0,0,-1.7557284106471465,True
test_598,"Die Episode von Cabot Trail wurde vor Ort in Cape Breton gedreht, inclusive Peggys Cove und die Highlands von Neuschottland an der Ostküste.","Die Cabot Trail - Episode wurde vor Ort in Cape Breton gedreht, einschließlich Peggys Cove und den Highlands von Nova Scotia, entlang der Ostküste.",1,0,-1.0072354878349103,False
test_599,Vincent Goldsborough wurde am 3. Oktober 1937 in Chicago als Sohn des Architekten Robert Goldsborough und Wilma (Janak) in Goldsborough geboren.,Robert Goldsborough wurde am 3. Oktober 1937 in Chicago als Sohn der Architekten Robert Vincent Goldsborough und Wilma (Janak) Goldsborough geboren.,0,0,-0.12739917279492963,True
test_600,"Johan Ludvig war der Sohn von Johan Georg Holstein, der selbst Dänischer Premierminister werden sollte, und Ida Frederikke Joachime aus der Familie Bülow.","Johan Ludvig war der Sohn von Johan Georg Holstein, der selbst dänischer Premierminister wurde, und Ida Frederikke Joachime der Familie Bülow.",1,0,-0.09818532300902527,False
test_601,Es wurde 1983 von den Architekten John Burgee (University Alumnus) und Philip Johnson entworfen.,Es wurde 1983 von den Architekten Philip Johnson (Alumnus der Universität) und John Burgee entworfen.,0,1,0.29061383906892424,False
test_602,"Die 99. unterstützte die Ooperation Urgent Wury, die kurz nach ihrer Aktivierung das stalinistische Regime in Grenada ablöste.","Kurz nach der Aktivierung unterstützte die 99. die Operation Urgent Fury, die das stalinistische Regime in Grenada ablöste.",1,0,-0.34950493698801754,False
test_603,"Alfaro war die dritte Frau, die zum Tode in der Gaskammer verurteilt wurde. Zum Zeitpunkt ihrer Verurteilung war sie die erste Frau in der Todeszelle in Kalifornien.","Alfaro war die erste Frau, die zum Tod in der Gaskammer verurteilt wurde, und zum Zeitpunkt der Verurteilung war sie die dritte Frau in Kalifornien in der Todeszelle.",0,0,-0.29832167229701356,True
test_604,Als Belohnung für seine Treue zu Henry erwarb er lukrative Ländereien und viele Büros in Südwales.,Als Belohnung für seine Treue zu Henry erwarb er lukrative Ländereien und viele Büros in Südwales.,1,1,0.13300236974387225,True
test_605,Eine neue religiöse Idee einer dreifachen Göttin ist von zentraler Bedeutung für die moderne Bewegung der Wicca.,Eine moderne Idee einer Dreifachgöttin ist für die neue Religionsbewegung Wicca von zentraler Bedeutung.,0,0,-0.5676495109160338,True
test_606,"McCarthy wurde in San Francisco, Kalifornien, geboren, aber er zog im Alter von vier Jahren mit seinen Eltern nach Auckland.",McCarthy wurde in Auckland geboren. Er zog jedoch im Alter von vier Jahren mit seinen Eltern nach San Francisco in Kalifornien.,0,0,-0.004304378903133288,True
test_607,"Mitglieder waren Henri Barbet, Léon Talabot, Eugène Schneider und Jules Hochet.","Mitglieder waren Eugène Schneider, Léon Talabot, Henri Barbet und Jules Hochet.",1,1,1.3355350133893724,True
test_608,Das Team bereiste Australien 1953 und Asien im August 1959.,Das Team tourte 1953 auch in Asien und im August 1959 in Australien.,0,0,-0.003964308624020529,True
test_609,Eine Phasentransformation von einem Ferromagneten zu einem Paramagneten ist kontinuierlich und ist die zweite Ordnung.,Ein Phasenübergang von einem Ferromagnet zu einem Paramagnet ist fließend und von zweiter Ordnung.,0,0,-0.5069128161234623,True
test_610,Es ist eine vorgelagerte Insel Baffin - Insel in der Cornelius Grinnell Bay.,Es ist eine Offshore-Insel von Baffin Island in der Cornelius Grinnell Bay.,1,0,-0.0380562026821486,False
test_611,Der Fluss Valea lui Lambă oder Șimon ist ein Nebenfluss des Flusses Lom in Rumänien.,Der Valea lui Lambă oder „Unk Imon“ ist ein Nebenfluss des Lom in Rumänien.,0,0,-0.8506093028023273,True
test_612,"Frank James trat einer sezessionistischen Firma bei, die für die örtliche Drew Lobbs Army rekrutiert wurde, und kämpfte im August 1861 in der Schlacht am Wilson's Creek.","Frank James trat einer sezessionistischen Kompanie bei, rekrutiertefür die örtliche Drew Lobbs Army und kämpfte im August 1861 in der Schlacht von Wilson's Creek.",1,0,-0.40126597449587387,False
test_613,"Ab 1958 war Melkus Professor für Violine, historische Violine, Viola und Barockaufführungspraxis an der Musikhochschule Wien.","Ab 1958 war Melkus Professor für Violine, historische Violine, Viola und Barock-Performance an der Wiener Musikakademie.",1,1,0.5042884009513721,True
test_614,"Regisseur Hayao Miyazaki und sein langjähriger Kollege Isao Takahata erhielten die Genehmigung, ihr eigenes Studio unter der Leitung des ehemaligen ""Anime""-Redakteurs Toshio Suzuki aufzurichten.",Das ermöglichte Regisseur Hayao Miyazaki und seinem langjährigen Kollegen Isao Takahata auch ihr eigenes Studio unter der Aufsicht des ehemaligen „Animage”-Herausgebers Toshio Suzuki zu gründen.,1,0,-1.1058808928780586,False
test_615,"Zu den vorherigen Sekretären gehören Alison Murison, Tom Mabbott, Träger eines MBE für Dienste am schottischen Gartenbau, Colonel-Major, John MacLennan, und Dr. John MacKay.","Frühere Sekretäre waren John MacKay, der einen MBE für Dienstleistungen für den schottischen Gartenbau erhielt, Alison Murison, Tom Mabbott und Dr. John MacLennan.",0,0,-0.778930683586882,True
test_616,"Diese Gattung gehört aktuell zur Familie der Eidechsen, oder Iguanidae, Unterfamilie der Polychrotinae, und nicht länger zur mittlerweile ungültigen Familie der Polychrotidae.","Diese Art gehört jetzt zur Familie der Eidechsen, oder Iguanidae, Unterfamilie der Polychrotinae, und nicht mehr zur mittlerweile ungültigen Familie der Polychrotidae.",1,1,0.07222866165696495,True
test_617,"Mai 1976: „It is a lemon“, geschrrieben und zusammengestellt von Bob Austin, gedreht von Bob Austin und Colin Williams.","Mai 1976: „It 's a Lemon'', geschrieben und zusammengestellt von Bob Austin & Colin Williams, Regie Bob Austin",0,0,-0.10235306598265059,True
test_618,Nach dem Umzug nach Ogden Utah in den 1920er-Jahren und darauf nach Salt Lake City ließen sich Robertson und seine Familie  1937 in Mapleton Utah nieder.,"Nach dem Umzug in den 20er Jahren nach Ogden Utah und anschließend nach Salt Lake City, ließen sich Robertson und seine Familie im Jahr 1937 in Mapleton, Utah nieder.",0,0,-0.5233240209637905,True
test_619,"Er heiratete Marie Magdalene Schweigaard, die Tochter von Tellef Dahll Schweigaard und Nichte des führenden Politikers Anton Martin Schweigaard sowie Tante des späteren Premierministers Christian Homann Schweigaard.","Er heiratete Marie Magdalene Schweigaard, Tochter von Tellef Dahll Schweigaard, Nichte des Spitzenpolitikers Christian Homann Schweigaard und Tante des späteren Premierministers Anton Martin Schweigaard.",0,0,-0.2328069015936426,True
test_620,"Der folgende Besitzer war Steen Brahe, Bruder des Astronomen Tyge Brahe.","Der nächste Besitzer war Steen Brahe, ein Bruder des Astronomen Tyge Brahe.",1,0,-0.5152746053758951,False
test_621,Der Seghe ist ein Nebenfluss des Olt in Rumänien.,Der Olt ist ein Nebenfluss des Seghes in Rumänien.,0,1,0.07869583522699608,False
test_622,Der Lufttransport erfolgt lokal mit kleineren Flugzeugen in New Bedford in Berkley und an dem Regionalflughafen in East Taunton.,"Der Lufttransport wird lokal mit kleineren Flugzeugen in New Bedford, Berkley, und den regionalen Flughafen in East Taunton bewältigt.",1,1,0.05279505433294085,True
test_623,"Die Earth 2-Version von Connor Hawke in der New 52 ähnelt Roy Harper mehr als der Vorgänger seines ""Flashpoint""-Gegenspielers, mit heller Haut und rotem Haar.",Die Earth 2-Version von Connor Hawke in New 52 ähnelt Roy Harper mehr als sein Vorgänger „Flashpoint“ mit heller Haut und roten Haaren.,0,0,-0.031483683160574594,True
test_624,Es dient dem Panchkula-Gebiet der Stadt Chandimandir Cantonment .,Es bedient den Bereich Panchkula des Kantonals Chandimandir.,1,0,-1.876151184349324,False
test_625,Es wurde 1605 an Lord Cromwell verkauft und 1636 Sir Francis Blundell vermacht.,Es wurde im Jahr 1605 an Lord Cromwell verkauft und 1636 an Sir Francis Blundell überreicht.,1,0,-0.5917829813860233,False
test_626,Neuerungen durch iranische Frauen sind nicht auf westliche klassische Musik beschränkt. Lily Afshar arbeitet beispielsweise gerade an einer Kombination von Persisch und persischer Musik.,Innovationen iranischer Frauen beschränken sich nicht nur auf die klassische westliche Musik. Lily Afshar arbeitet beispielsweise an einer Kombination aus persischer und persischer Musik.,1,0,-1.0920764413885817,False
test_627,"Zu den Fossilien, die häufig in St. Louis gefunden werden, gehören die Bryozoaner - Korallen „Lithostrostrotion“ und „Lithostrotionella“ und die Rugosaner „Fenestrellina“.",Zu den häufig in St. Louis vorkommenden Fossilien gehören die rugosanischen Korallen „Lithostrotion“ und „Lithostrotionella“ und die bryozoanischen „Fenestrellina“.,0,1,0.1718553978527827,False
test_628,Erzählen Sie es seinem Vater Zac MacGuire (Charlie Clausen) und Evie unverzüglich.,"Sag ihm sofort seinen Vater, Charlie Clausen ( Zac MacGuire ) und Evie.",1,0,-1.1266371867325249,False
test_629,Der Seghe ist ein Nebenfluss des Olt in Rumänien.,Der Olt ist ein Nebenfluss des Seghes in Rumänien.,0,1,0.07869583522699608,False
test_630,"Autism Speaks sponsert und vertreibt den Kurzfilm „Autism Every Day"", produziert von Lauren Thierry und Eric Solomon.","Der Kurzfilm „Autism Every Day”, der von Lauren Thierry und Eric Solomon produziert wurde, wurde von Autism Speaks gesponsert und verteilt.",1,1,0.4202461413093658,True
test_631,Earl St. Vincent war ein britisches Schiff das 1803 gekapert und zu einem französischen Handelsschiff wurde.,"Earl St. Vincent war ein französisches Schiff, das erobert wurde und 1803 britischer Handelsvertreter wurde.",0,1,0.2050537930531463,False
test_632,"Die Senatswahl 1962 der Vereinigten Staaten von Amerika fand am 6. November 1962 statt, um die South Carolina auszuwählen.","Die Wahl des US-Senats von 1962 fand am 6. November 1962 statt, um die South Carolina auszuwählen.",1,0,-0.6099040713076024,False
test_633,Die nächstfolgende Fassung wurde im Jahr 1986 von Rons Bruder Robert Fuller erstellt.,Die nächste Version wurde 1986 von Ron’s Bruder Robert Fuller produziert.,1,0,-0.5627463116281142,False
test_634,Diese Gruppe war stimmiger in ihrem Beitritt zur Socialist Labour League und zu der von Gerry Healy und dem British International Committee geführten Linie.,Diese Gruppe war angemessener in ihrem Beitritt zum Internationalen Komitee und zu der von Gerry Healy und der British Socialist Labour League vorgegebenen Richtlinie.,0,0,-0.2783709325972298,True
test_635,"Bevor man ihn ziehen ließ war Michael Kelly Smith Teil der Startformation der Band Cinderella aus Philadelphia, und später spielte auch Tony Destra bei ihnen.","Michael Kelly Smith war zuvor in einer frühen Version der Band Tony Destra aus Philadelphia, und zwar bis zu seiner Veröffentlichung und später spielte Cinderella auch mit ihnen.",0,0,-1.2134167611994109,True
test_636,"Die Serie wurde von Daniel Petrie, Jack Donohue und Richard Irving produziert und stand unter der Regie von Donald Davis, seiner Frau Dorothy Matthews und Rene Williams.","Die Serie stand unter der Regie von Daniel Petrie, Jack Donohue und Richard Irving und wurde von Donald Davis, seiner Frau Dorothy Matthews und Rene Williams produziert.",0,0,-1.3459915221094336,True
test_637,Der kirchliche Prälat von Itaituba ist eine territoriale Prälatur in der Stadt Itaituba in der römisch-katholischen Provinz Belém do Pará in Brasilien.,"Die territoriale Prälatur von Itaituba ist eine römisch-katholische Prälatur in der Stadt Itaituba, die in der sakralen Provinz Belém do Pará in Brasilien gelegen ist.",0,0,-0.19590245310479426,True
test_638,Im Jahr 2009 zog er zurück nach Philadelphia und lebt jetzt in New York City.,"2009 zog er zurück nach New York City, heute lebt er in Philadelphia.",0,0,-0.32630489806002094,True
test_639,Vor seiner Unabhängigkeit war Finnland ein autonomes Großherzogtum im kaiserlichen Russland.,Finnland war vor seiner Unabhängigkeit ein unabhängiges Großherzogtum des Russischen Kaiserreichs.,1,0,-0.8460449775962374,False
test_640,"Er machte am 1. März 2008 sein Debüt in dem A PFG mit Botev Plovdiv in einem Spiel gegen Spartak Varna, in dem er offiziell 90 Minuten spielte.","Sein offizielles Debüt in der A PFG war mit Botev Plovdiv in einem Match gegen Spartak Varna, und zwar am 1. März 2008. Er spielte volle 90 Minuten.",0,0,-0.31962327983360395,True
test_641,Eine vorgeschlagene Umleitung des Flusses Mahadayi (Mandovi) und das Projekt des Wasserkraftwerks führte zur Überflutung von Teilen oder des gesamten Dorfs Gavali.,Das vorgeschlagene Umleitungs- und Kraftwerkprojekt im Fluss Mandovi (Fluss Mahadayi) würde zur teilweisen oder vollständigen Überschwemmung von Gavali führen.,1,0,-1.4986278860906352,False
test_642,In der Computerfluiddynamik ist die MacCormack-Methode ein häufig verwendetes Diskretisierungsschema für die hyperbolische partielle Differentiallösung von numerischen Gleichungen.,In der rechnerischen Fluiddynamik ist die MacCormack-Methode ein weit verbreitetes Diskretisierungsschema für die hyperbolischen partiellen Differentialgleichungen numerischer Gleichungen.,1,1,0.0981954832624029,True
test_643,Er spielte eher die kubanischen Tres als die spanische Gitarre und entwickelte seine eigene Technik für diese kubanische Gitarre.,Er spielte die Cuban Tres lieber als die kubanische Gitarre und entwickelte für diese spanische Gitarre seine eigene Technik.,0,1,0.4777493673311862,False
test_644,"Podkriváň ist ein Dorf und eine Gemeinde im Kreis Detva, in der Region Banská Bystrica in der Zentralslowakei.",Podkriváň ist ein Dorf und Stadtbezirk in der Region Banská Bystrica im Distrikt Detva in der zentralen Slowakei.,0,0,-0.660524984446291,True
test_645,"Wäre die Parlamentswahl 1983 eine Kommunalwahl gewesen, hätte die sozialistische Linke 8 Sitze im Parlament gewonnen.","Wären die Gemeindewahlen 1983 Parlamentswahlen gewesen, hätte die sozialistische Linke 8 Parlamentssitze erhalten.",0,0,-0.6508170728380217,True
test_646,Malta ist eine Bucht an der Nordostküste der Balluta Bay innerhalb von St. Julian's.,Malta ist eine Bucht an der Nordostküste von Balluta Bay in St. Julian.,1,1,0.3993617064509528,True
test_647,Nach seiner Grund- und Sekundarschulzeit in Isparta absolvierte er die Pertevniyal High School in Istanbul.,Nach seiner Primär- und Sekundärschulbildung in Istanbul absolvierte er die Pertevniyal High School in Isparta.,0,0,-0.7177316192156055,True
test_648,Er starb am 6. Januar 1976 in Alicante und wurde in der Kirche der „Kirche von Madrid“ begraben.,Er starb am 6. Januar 1976 in Madrid und wurde in der Kirche von Alicante begraben.,0,0,-0.20581286825724943,True
test_649,"Dave Tomar ist das Pseudonym von Ed Dante, einem Absolventen von Rutgers, der jetzt als freier Schriftsteller in Philadelphia lebt.","Ed Dante ist das Pseudonym von Dave Tomar, einem Absolventen von Rutgers, der heute als freier Schriftsteller in Philadelphia lebt.",0,0,-0.4013176386199723,True
test_650,Im Mai 1983 begann eine UK-Tournee mit dem Live-Gitarristen Robin George für zusätzliche Auftritte.,Im Mai 1983 begann eine UK-Tournee mit dem zusätzlichen Gitarristen Robin George für Live-Auftritte.,0,0,-0.05114233038833671,True
test_651,Diese Innovationen erhöhten die maximal erreichte Kapazität eines Schnellbussystems auf 35.000 Passagiere pro Stunde.,Mit diesen Innovationen wurde die maximale Kapazität eines BRT-Systems auf 35.000 Passagiere pro Stunde erhöht.,1,0,-0.6411374976966803,False
test_652,"Seine postmoderne Geschichte der australischen Philosophie, „Corrupting the Youth“ (2003), lobte die australische realistische Tradition in der Philosophie und attackierte polemische und relativistische Trends.","Seine postmodernistische Geschichte der australischen Philosophie ""Corrupting the Youth"" (2003) pries die realistische australische Tradition in der Philosophie und griff polemische und relativistische Strömungen an.",1,0,-0.08605713025280737,False
test_653,"Duminda Silva, auch bekannt als Arumadura Lawrence Romelo Duminda Silva und R. Dumindha Silva, ist eine sri-lankische Politikerin und ehemalige Abgeordnete.","Arumadura Lawrence Romelo Duminda Silva, auch als Duminda Silva und R. Dumindha Silva bekannt, ist ein Politiker aus Sri Lanka und ein ehemaliges Parlamentsmitglied.",1,1,0.1864055530042089,True
test_654,"Als Teil des Übernahmeangebots für die Fernsehsender von Canwest versprach Shaw Communications lokale Morgennachrichten auf mehreren globalen Kanälen auszustrahlen, darunter auch CKMI.","Als Teil des Übernahmeangebots für die Fernsehsparte von Canwest versprach Shaw Communications örtliche Morgennachrichten auf mehreren globalen Sendern zu schalten, einschließlich CKMI.",1,0,-0.8115745929049912,False
test_655,Die Serie läuft dann praktisch überall zusammen.,Die Serie läuft fast überall zusammen.,1,0,-0.5843178246445399,False
test_656,1963 trat Roy der Kommunistischen Partei von Indien bei und führte Gewerkschaftsbewegungen in Bansdroni in Kolkata an.,"1963 trat Roy der Kommunistischen Partei Indiens bei und leitete Gewerkschaftsbewegungen in Kalkutta, einem Gebiet in Bansdroni.",0,0,-0.2324525418538197,True
test_657,"Rõuge Valgjärv ist ein See in Lettlands südöstlichem Kreis Voru, nahe der Grenze zu Estland.","Rõuge Valgjärv ist ein See im südöstlichen Bezirk Voru in Estland, nicht weit von der Grenze zu Lettland entfernt.",0,0,-0.016246151088266436,True
test_658,Es wurde nach seinem Tod am 28. Juli 2006 von seiner Frau Stella Gemmell veröffentlicht und unter der gemeinsamen Autorschaft von David und Stella Gemmell abgeschlossen.,Nach seinem Tod am 28. Juli 2006 wurde es von seiner Frau Stella Gemmell vollendet und unter der Co-Autorschaft von David und Stella Gemmell veröffentlicht.,0,0,-0.6559129265401779,True
test_659,"Das Houston Main Building (HMB) war früher das Prudential Building, ein Wolkenkratzer im Texas Medical Center in Houston in Texas.",Frau Glad hatte 1901 - 1919 und 1926 - 1936 in Ovamboland gearbeitet und war dort als erste Inspektorin von Schulen tätig.,0,0,-1.5663965972146732,True
test_660,"Cai Feng hatte auch einen Sohn, Cai Mao.","Cai Mao hatte auch einen Sohn, Cai Feng.",0,1,0.5406765947870155,False
test_661,Anhand der analytischen Hypothesen kann der Linguist neue Sätze bilden und ein Übersetzungshandbuch erstellen.,"Der Linguist kann die neuen Hypothesen nutzen, um analytische Sätze zu bilden und ein Übersetzungshandbuch zu erstellen.",0,0,-0.4034581927109268,True
test_662,Sarah Paulson lobte die Serie und nannte Marcia Clarks Darstellung ihres „Phänomens“.,Sarah Paulson lobte die Serie und nannte Marcia Clark’s Darstellung ihrer selbst „phänomenal”.,1,0,-0.1384795467355262,False
test_663,"Nach Ansicht von Tobe und Gunnar Hansen war der Grund, warum er eine Maske trug, die Tatsache, dass die Maske tatsächlich seine Persönlichkeit definierte.","Kim kommentierte: „Der Grund, warum er eine Maske trug, laut Tobe und Gunnar Hansen, war, dass die Maske wirklich seine Persönlichkeit bestimmte“.",1,0,-0.2722736010864103,False
test_664,"Lang wurde in Australien geboren, immigrierte als junger Mann nach Israel und ließ sich dort im Jahr 1961 nieder.","Lang wurde in Israel geboren, zog als junger Mann nach Australien und ließ sich dort im Jahr 1961 nieder.",0,0,-0.43420023930452867,True
test_665,Kathy Kathy und ihr Mann Peter Dean (Pete Beale) sind finanziell stabil.,Kathy ihr Ehemann Peter Dean (Pete Beale) sind in einer finanziell stabilen Situation.,1,0,-0.5315923324597688,False
test_666,"ACVM befindet sich in Edinburgh und verfügt über Büros in Glasgow, Aberdeen, Newcastle, Manchester und Milton Keynes.","ACVM hat seinen Hauptsitz in Edinburgh und unterhält Niederlassungen in Glasgow, Aberdeen, Newcastle, Manchester und Milton Keynes.",1,0,-1.4145655258251468,False
test_667,"Mit Terry als Ophelia und Portia erweckte er ""Hamlet"" wieder zum Leben produzierte „Der Kaufmann von Venedig“ (1879).","Mit Terry als Ophelia und Portia ließ er ""Hamlet"" und ""Der Kaufmann von Venedig"" (1879) wieder wieder aufleben.",1,1,0.5600896623785426,True
test_668,"Im Louvre-Gemälde ist das Licht weicher und scheint wärmer, aber das liegt möglicherweise an der Farbe der äußeren Firnisschicht.","Das Licht im Louvre-Gemälde ist wärmer und scheint weicher, aber das kann an der Farbe der äußeren Firnisschicht liegen.",0,0,-0.3075239913668123,True
test_669,"Der Schleier wurde nur vor privilegierten Zuschauern gelüftet, diese Szenen dürfte also intimer gewesen sein.","Der Deckel wurde nur von intiemeren Betrachtern entfernt, so dass diese Szenen möglicherweise privilegierter waren.",0,0,-0.9339133916026299,True
test_670,"Wie auch andere Opel-Modelle der damaligen Zeit wurde der 2-Liter von der Muttergesellschaft des Herstellers, General Motors, in Nordamerika für Opel entworfen und entwickelt.","Wie andere Opel der damaligen Zeit wurde der 2-Liter-Motor von der Muttergesellschaft des Herstellers, General Motors, in Nordamerika für Opel entworfen und entwickelt.",1,1,0.30681289548499013,True
test_671,"Die Passagiere des Flugzeugs waren Colonel Lieutenant Donald Grant Millard, Captain Gerald K. Hannaford und Captain John F. Lorraine.","Die Insassen des Flugzeuges waren Oberstleutnant Gerald K. Hannaford, Captain Donald Grant Millard und Captain John F. Lorraine.",0,0,-0.7791629586409962,True
test_672,"Verglichen mit einem WB-Programm mit einer ähnlichen Handlung mit dem Namen ""Do Over"", wurde ""That Was Often"" 'nach nur zwei Episoden eingestellt.",NS,0,0,-1.1893711747026496,True
test_673,Die erste Serie wurde von den Kritikern besser aufgenommen als die zweite.,Die erste Serie wurden von Kritikern besser aufgenommen als die zweite.,1,0,-0.48359535061706593,False
test_674,Das Gebäude stammt aus der zweiten Hälfte des ersten Jahrhunderts oder mindestens fünfzig Jahre nach der Gründung von Caesarodunum (Tours).,"Der Bau stammt aus der zweiten Hälfte des ersten Jahrhunderts, also mindestens fünfzig Jahre nach der Gründung von Caesarodunum (Tours).",1,0,-0.5151908093580803,False
test_675,Am 20. Februar 1959 beendete Premierminister John Diefenbaker das Projekt und die fünf Pfeile waren fertig.,Am 20. Februar 1959 beendete Premierminister John Diefenbaker das Projekt und die fünf verschrotteten Arrows wurden fertiggestellt.,1,0,-0.535429184694253,False
test_676,"Sein Vater starb in seiner Jugend, und seine Mutter, Samuel Adams, heiratete 1842 Catherine A. Fagan, die später zwei Jahre später Gouverneurin von Arkansas wurde.","Sein Vater verstarb während seiner Jugend und seine Mutter, Samuel Adams, trat 1842 in die Ehe mit Catherine A. Fagan, die zwei Jahre später Gouverneur von Arkansas wurde.",1,0,-1.077663809104492,False
test_677,Als eine der am besten trainierten und ausgerüsteten Einheiten der italienischen Armee haben die Alpini Paracadutisti kürzlich in Afghanistan gedient und eine Kompanie wird permanent im Irak eingesetzt.,Als eine der am besten ausgebildeten und ausgestatteten Einheiten der italienischen Armee haben die Alpini Paracadutisti kürzlich im Irak gedient und ein Unternehmen wird ständig nach Afghanistan geschickt.,0,0,-0.17686082435628037,True
test_678,Die internationale spanische Squash-Mannschaft der Frauen vertritt Spanien bei nationalen Squash-Turnieren und untersteht der Real Federación Española de Squash.,Die spanische Damen-Nationalmannschaft vertritt Spanien in internationalen Squashmannschaftswettbewerben und wird von der Real Federación Española de Squash verwaltet.,0,1,0.015347842430278202,False
test_679,Wobei „G“ für Newtons Quantum und Formel _ 4 für den konstanten Zustand der Materiefelder stehen.,"Wobei ""G"" Newtons Quantum indiziert und Formel 4 den konstanten Status der materiellen Felder darstellt.",1,1,0.49381456587889005,True
test_680,"Am 30. April 1983 stürzte eine C-311, die NAS NASAvilleville, Kuba, in NAS Guantanamo Bay ab und 13 Menschen starben.","Am 30. April 1983 stürzte AC-131 auf dem Weg nach NAS Jacksonville, Kuba bei NAS Guantanamo Bay ab, dabei kamen 13 Menschen ums Leben.",1,0,-0.010069757861185358,False
test_681,Die Titelverteidiger waren Brian Gottfried und Raúl Ramirez und sie gewannen im Finale mit 6 zu 3 und 6 zu 3 gegen Tian Viljoen und Danie Visser.,"Brian Gottfried und Raúl Ramirez waren die Titelverteidiger und gewannen im Finale 6:3, 6:3 gegen Tian Viljoen und Danie Visser.",1,0,-0.5965898122951746,False
test_682,Dharmendra Yadav von der RJD besiegte im Jahr 2000 Poonam Devi von der JDU.,"2000 besiegte Dharmendra Yadav von der RJD Poonam Devi, der die JDU vertrat.",0,0,-0.4098175043497031,True
test_683,"Sie wurde Mutter von Val, Boris und Rosalind Lorwin, ihre Tochter war Psychologieprofessorin.","Sie wurde Mutter von Val, Boris und Rosalind Lorwin. Ihre Tochter war Psychologie-Professorin.",1,1,0.6126571990640813,True
test_684,"Das Album wurde in Los Angeles, Kalifornien, von Aníbal Kerpel aufgenommen und im Studio „La Casa“ in Los Angeles abgemischt.","Dieses Album wurde in Los Angeles, Kalifornien, von Aníbal Kerpel aufgenommen, gemischt bei ""La Casa"" -Studien in Los Angeles.",1,0,-0.09325324613982877,False
test_685,Die Single wurde am 12. Oktober 2012 auf Radio Airplay in Italien veröffentlicht und am 3. Dezember 2012 weltweit ausgeliefert.,Die Single wurde am 12. Oktober 2012 an das italienische Radio Airplay gesendet und am 3. Dezember 2012 weltweit veröffentlicht.,0,0,-0.6192311038915806,True
test_686,Die Stadt liegt am westlichen Ende der „Horta de Valènci“ am rechten Ufer des Flusses Turia.,"Die Stadt liegt am rechten Ufer der Horta de València, am Westufer des Flusses Turia.",0,0,-1.1479333122412259,True
test_687,Am 22. September 1918 wurde die erste drahtlose Telegrafennachricht an Snowdonia aus Australien geschickt.,Am 22. September 1918 sendete Snowdonia die erste kabellose Telegraphennachricht nach Australien.,0,0,-0.9196614244043392,True
test_688,Martin Gould gewann das Finale mit 1:0 (104:0) gegen Mark Allen.,Mark Allen gewann das Finale mit 1:0 (104:0) gegen Martin Gould.,0,1,0.4974465757836172,False
test_689,1982 verlagerte sie ihre Hauptaktivitäten nach Chicago und 1995 nach Los Angeles.,1982 verlegte er seine Hauptaktivitäten nach Chicago und 1995 nach Los Angeles.,1,0,-0.49979639213924265,False
test_690,"Sie war Mutter von Val, Boris und Rosalind Lorwin. Ihre Tochter wurde Psychologieprofessorin.","Sie war Mutter von Val, Boris und Rosalind Lorwin, ihre Tochter wurde Psychologieprofessorin.",1,1,0.3635233864952313,True
test_691,"Sie segelte am 12. September 1943 in Galveston, Texas los und kam am 16. September in Key West an.","Sie segelte am 12. September 1934 von Key West los und kam am 16. September in Galveston, Texas an.",0,1,0.17027117571120065,False
test_692,"Sie wurde für ihre Verbrechen um 9:55 Uhr am 3. Mai 1947, 24 Minuten nach Elisabeth Marschall, von Albert Pierrepoint im Gefängnis Hameln hingerichtet.","Sie wurde am 3. Mai 1947 um 9:55 von Albert Pierrepoint im Gefängnis von Hameln hingerichtet, 24 Minuten nach Elisabeth Marschall.",1,1,0.601380742586587,True
test_693,NS,NS,0,1,0.46795547600951715,False
test_694,"Nach der ersten Runde des Duells schlug Heine Totland die Skanksters und traf in der zweiten Runde auf Gout Ormåsen, der Bjørn Johan Muri besiegt hatte.","Nach der ersten Runde der Duelle besiegte Bjørn Johan Muri die Skanksters und traf in der zweiten Runde auf Gaute Ormåsen, der Heine Totland besiegte.",0,0,-0.13895548221850473,True
test_695,"Der brasilianische Dunkelsäger (""Mergus octosetaceus"") ist ein Entenvogel der charakteristischen Gattung Merganser.","Der brasilianische Dunkelsäger (""Mergus octosetaceus"") ist ein Entenvogel der typischen Mergus merganser Gattung.",1,1,0.49002894801404795,True
test_696,"Aamir Khan willigte direkt ein, eine Rolle in ""Rang De Basanti"" zu spielen, nachdem er das Drehbuch von Mehra gelesen hatte.","Mehra stimmte direkt zu, in ""Rang De Basanti"" zu handeln, nachdem er Aamir Khans Skript gelesen hatte.",0,0,-1.9221173870670443,True
test_697,"Adamsville grenzt im Westen an Coleman, im Osten an Lake County, im Norden an Wildwood und im Süden an Sumterville.","Adamsville wird im Westen von Coleman, im Osten von Sumterville, im Norden von Wildwood und im Süden von Lake County begrenzt.",0,0,-0.8216765796706126,True
test_698,In echter Kontinuität trifft Superman in „Last Son“ zum ersten Mal auf den aktuellen Zod.,In der aktuellen Fortsetzung trifft Superman in „Last Son” zum ersten Mal den echten Zod.,0,0,-0.37942835558592647,True
test_699,Die kohäsive Faktoren mit wesentlicher Kontrolle und Einfluss sind:,Der zusammenhängende Befehl und Einfluss sind Schlüsselfaktoren:,0,1,0.3668174348827594,False
test_700,"Der typische Dunkelsäger (""Mergus octosetaceus"") ist ein Entenvogel der brasilianischen Gattung Merganser.",Der Dunkelsäger („Mergus octosetaceus“) ist ein Entenvogel aus der Klasse der Säger.,0,0,-1.9666831101299018,True
test_701,Blake ist seit 1984 mit Patricia Meyer verheiratet und hat zwei Söhne: Ryan (geboren 1988) und Dale (geboren 1992).,Dale ist seit 1984 mit Patricia Meyer verheiratet und die beiden haben gemeinsam zwei Söhne: Ryan (geboren 1988) und Blake (geboren 1992).,0,0,-0.5905462405005301,True
test_702,"Es war die dritte Staffel, die mehr als zwei Jahre nach der Familienausgabe und mehr als drei Jahre nach der ersten Celebrity-Ausgabe ausgestrahlt wurde.","Es war die erste Saison, die mehr als zwei Jahre nach dem Re­lease der Familien-Ausgabe und mehr als drei Jahre nach der dritten Celebrity-Ausgabe ausgestrahlt wurde.",0,0,-0.5937469297163248,True
test_703,"Frühere Sekretärinnen waren John MacKay, der einen MBE für Dienstleistungen für den schottischen Gartenbau erhielt, Alison Murison, Tom Mabbott und Dr. John MacLennan.","Zu den vorherigen Ministern gehören John MacKay, der einen MBE für seine Verdienste am schottischen Gartenbau erhielt, Alison Murison, Tom Mabbott und Dr. John MacLennan.",1,0,-1.3286738661506563,False
test_704,Audio wird mit direkter digitaler Aufnahme transkribiert  (sodass die Audio-Qualität beibehalten wird).,"Audio wird bei direkter, digitaler Aufnahme beibehalten (für die Audioqualität erfolgte somit eine Transskription).",0,1,0.26113558278708104,False
test_705,Der Bresnic ist ein Nebenfluss des Slatina in Rumänien.,Die Slatina ist ein Nebenfluss des Bresnic in Rumänien.,0,1,0.49469733918112857,False
test_706,"Françoise Dürr besiegte Goolagong Evonne 6:4, 6:2",Evonne Goolagong besiegte Françoise Dürr mit 6 zu 4 und 6 zu 2 .,0,0,-0.7055652565404363,True
test_707,"Dakota City ist Teil der Metropolitan Statistical Area von Sioux City, IA - NE, SD.","Dakota City ist Teil der NE -- Sioux City, IA -- SD Metropolitan Statistical Area .",0,0,-0.06914911218338926,True
test_708,Von 1863 bis 1866 gehörten Dunedin und Suburbs North zu dem Parlamentswahlbereich der Stadt Dunedin in Otago in Neuseelandn und eine Wählerschaft mit mehreren Mitgliedern.,"Otago, Neuseeland und die Vororte Nord, waren von 1863 bis 1866 Parlamentswahlkreis in der Stadt Dunedin in Dunedin. Es war eine Wählerschaft mit mehreren Mitgliedern.",0,0,-0.2516083893421295,True
test_709,Ein biblisches Verderben ist ein negativer Segen im formalsten Sinne.,Eine biblische Verdammnis ist in ihrem formalsten Sinne ein negativer Segen.,1,0,-0.12034762500996221,False
test_710,"2011 veröffentlichte er auch die Biografie der Sängerin Madonna mit dem Titel ""Mad for Madonna. The queen of pop"", herausgegeben von Castelvecchi.","2011 schrieb er auch die Biographie der Sängerin Madonna mit dem Titel ""Mad for Madonna The Queen of Pop"", veröffentlicht vom Herausgeber Castelvecchi.",0,0,-0.28231400204554313,True
test_711,Lito spielte für den Zingone Club Football.,Zingone spielte für den Club Lito Fußball.,0,0,-0.36278644187195497,True
test_712,"Das Kit bestand aus einem grünen Trikot mit blauem Kragen, blauen Shorts und weißen Socken.","Das Set bestand aus grünem Jersey mit weißem Kragen, blauen Shorts und blauen Socken.",0,0,-0.5159694738957162,True
test_713,"Die Abdeckung wurde nur von privilegierten Zuschauern entfernt, so dass diese Szenen vielleicht intimer gewesen wären.","Die Kappe wurde nur von privilegierten Zuschauern abgenommen, sodass diese Szenen möglicherweise intimer waren.",1,0,-0.7397827436848562,False
test_714,"Sie wurden von Namco Bandai entwickelt und von CyberConnect2 veröffentlicht, angefangen mit „Naruto: Ultimate Ninja” 2005.","Sie wurden von Namco Bandai entwickelt und von CyberConnect2 veröffentlicht, angefangen mit ""Naruto: Ultimate Ninja"" im Jahr 2005.",1,0,-0.08362595601092415,False
test_715,"Die Rassenzusammensetzung des Dorfes war 98,8 % weiß, 0,6 % asiatisch, 0,2 % indianisch und 0,4 % aus zwei oder mehr Rassen.","Die ethnische Zusammensetzung des Dorfes bestand aus 98,8% Kaukasiern, 0,6% Asiaten, 0,2% amerikanischen Ureinwohnern und 0,4% aus zwei oder mehr Rassen.",1,1,0.17474540974485886,True
test_716,"Der Status der Regionen Südkurdufan im Nuba-Gebirge und am Blauen Nil ist weniger deutlich, dies wegen der übermäßigen Vielschichtigkeit der ethnischen Daten.","Der Status der Region South Kordofan im Nuba-Gebirge und des Blauen Nils sind weniger klar, da die ethnischen Daten komplexer sind.",1,0,-0.6652225975004048,False
test_717,Die Serie startete am 18. April 2009 in Neuseeland über Nickelodeon (Australien und Neuseeland).,Die Serie debütierte in Australien am 18. April 2009 auf Nickelodeon (Neuseeland und Neuseeland).,0,1,0.02722043390736395,False
test_718,Die Single wurde am 31. Oktober 2015 angekündigt und wird am 13. November 2015 veröffentlicht.,Die Single wurde am 31. Oktober 2015 angekündigt und am 13. November 2015 veröffentlicht.,1,0,-0.17846085671533285,False
test_719,"Er würde in dieser Nacht zur Station westlich von Tecumseh reiten und dann mit einem anderen Pferd nach Violet Springs zurückkehren, bevor seine Nachbarn misstrauisch werden könnten.","Er würde in dieser Nacht zur Station westlich von Tecumseh zurückkehren und dann mit einem anderen Pferd nach Violet Springs reiten, bevor seine Nachbarn misstrauisch werden konnten.",0,1,0.03193868523392129,False
test_720,"Alexander Alexander war 1978 und 1992 Streckenmeister auf dem historischen Nashville International Raceway, heute bekannt als Fairgrounds Speedway.","Alexander wurde 1978 und 1992 Streckenchampion beim historischen Fairgrounds Speedway, heute bekannt als ""Nashville International Raceway"".",0,1,0.6259950688823271,False
test_721,"McCall und Lesiuk verließen die Band im Sommer 2007, wobei McCall durch Steven Tosh am Schlagzeug ersetzt wurde und Jamie Macleod die den Bass spielte.","McCall und Lesiuk verließen die Band im Sommer 2007, wobei McCall am Schlagzeug durch Jamie Macleod ersetzt wurde und Steven Tosh den Bass übernahm.",0,0,-0.4278021164086857,True
test_722,Der Titel „Astrud” auf Gilbertos Album „Time and Tide” aus dem Jahr 1987 ist ein Tribut an Basia Trzetrzelewska.,"Der Track ""Astrud"" auf Gilbertos' Album aus 1987‚ ""Time and Tide"", ist eine Hommage an Basia Trzetrzelewska.",1,0,-0.28584797885660906,False
test_723,Alexandra Coppinger spielte in der neuesten TV-Serie „Dead Gorgeous” die Rolle der jüngsten Schwester Hazel.,"In der neuen Fernsehserie ""Dead Gorgeous"" spielte Hazel die Rolle der jüngeren Schwester Alexandra Coppinger.",0,0,-0.34100286142441993,True
test_724,"Die Propilidium pelseneeri ist eine Spezies der Meeresschnecke, eine echte Napfschnecke, eine echte Gastropoden-Molluske aus der Familie der Lepetidae, einer der Familien der marinen Napfschnecken.","Propilidium pelseneeri ist eine Meeresschneckenart, eine Echte Napfschnecke, ein meeresgastropodenartiges Weichtier aus der Familie der Lepetidae, eine der Familien der Echten Napfschnecken.",0,0,-0.6527845709706518,True
test_725,"Bradd Crellin vertrat BARLA Cumbria auf einer Australien-Tournee mit sechs weiteren britischen Spielern, die sich auch auf einer Australien-Tournee befanden.",Als Vertreter von BARLA Great Britain ging Bradd Crellin mit sechs anderen Cumbria vertretenden Spielern auch auf Australien-Tournee.,0,0,-1.2895529200831852,True
test_726,Es wurde am 22. Dezember 2011 veröffentlicht und im Februar 2012 angekündigt.,Es wurde am 22. Dezember 2011 registriert und im Februar 2012 veröffentlicht.,0,0,-0.37669794976316184,True
test_727,"Der Charakter und die Besetzung wurden am 20. November enthüllt, als Fotiou in einem ""Behind the scenes-Video"", veröffentlicht von ""Nachbarn"" auf deren Youtube-Kanal, gesehen wurde.","Die Rolle und das En­sem­ble wurden am 20. November enthüllt, als auf Fotious YouTube-Kanal ein Video veröffentlicht wurde, auf dem man ""Neighbours"" hinter den Kulissen sehen konnte.",0,0,-0.9136965148188149,True
test_728,"Zumal der Ausschluss von schwarzen Spielern keine niedergeschriebene Regel war, spielte seit dem Jahr 1933 kein Afroamerikaner in der National Football League.","Obwohl der Ausschluss afrikanischer Spieler keine schriftliche Regel darstellte, hatte seit 1933 kein schwarzer Amerikaner mehr in der National Football League gespielt.",0,0,-0.8898645611373118,True
test_729,Die ursprüngliche Mannschaft wurde durch den Autor Sal Buscema und den Künstler Roy Thomas in Nr. 71 von „The Avengers” (Dezember 1969) produziert.,"Die Original-Besetzung wurde vom Schriftsteller Roy Thomas und Künstler Sal Buscema in ""The Avengers"" # 71 (Dezember 1969) kreiert.",0,0,-0.2340198669281257,True
test_730,Es gibt eine Reihe moderner Variationen des traditionellen  „Suikinkutsu”. Die Liste unten zeigt einige der Möglichkeiten für modernes  „Suikinkutsu”.,Es gibt viele moderne Variationen die das moderne „Suikinkutsu” bilden: Die folgende Liste zeigt einige der Möglichkeiten für das traditionelle „Suikinkutsu”.,0,0,-1.6318825229767087,True
test_731,Beddgelert ist ein See in der Nähe von Llyn Dinas in Gwynedd im Norden von Wales. Er entsteht durch den Fluss Glaslyn.,"Llyn Dinas ist ein See in der Nähe von Beddgelert, Gwynedd in North Wales, und wird durch den Fluss Glaslyn gebildet.",0,0,-0.5427208378898739,True
test_732,Es wurde 1983 von den Architekten Philip Johnson (Absolvent der Universität) und John Burgee entworfen.,Es wurde 1983 durch die Architekten John Burgee (Universitätsabsolvent) und Philip Johnson entworfen.,0,0,-0.5262116542761441,True
test_733,"Der erste Abschnitt, von Hokitika bis Ruatapu, wurde am 9. November 1906 fertiggestellt, und am 1. April 1909 wurde die komplette Linie für Ross eröffnet.",Der erste Abschnitt von Hokitika nach Ruatapu war am 9. November 1906 fertiggestellt und die gesamte Trasse nach Ross wurde am 1. April 1909 eröffnet.,1,0,-1.4231558148437427,False
test_734,"1781, Illinois: Gouverneur Thomas Jefferson Clark beförderte den Brigadegeneral und überließ ihm das Kommando über die gesamt Miliz in den Counties von Kentucky und Virginia.","1781 beförderte Thomas Jefferson, Gouverneur von Virginia, Clark zum Brigadegeneral und gab ihm das Kommando über alle Milizen in den Countys Kentucky und Illinois.",0,0,-0.1904906013473484,True
test_735,Er blieb nach seiner Pensionierung in Krzemieniec und starb dort.,Nach seiner Pensionierung blieb er in Krzemieniec und starb dort.,1,0,-0.7323568201469596,False
test_736,Cabo Cassiporé ist ein weiter Küstenvorsprung östlich des niedrigen Flusses.,Cabo Cassiporé ist ein großes Kap ungefähr östlich der unteren Flussmündung.,0,1,0.04379652740219997,False
test_737,"Octavius Warre Malets zweite Tochter, Alice Anna Catherine, heiratete Thomas am 24. Juni 1852 im britischen Konsulat, Köln.","Alice Anna Catherine, die zweite Tochter von Octavius Warre Malet, heiratete Thomas am 24. Juni 1852 im britischen Konsulat in Köln.",1,1,0.00887541483068266,True
test_738,"Lee spielte professionell in Griechenland, Russland, Italien, Frankreich, Puerto Rico, Portugal und Indonesien.  In Indonesien und Griechenland gewann er die nationalen Meisterschaften.","Er spielte als Profi in Italien, Russland, Griechenland, Frankreich, Indonesien und Griechenland und gewann nationale Meisterschaften sowohl in Puerto Rico, Portugal als auch Indonesien.",0,0,-0.9823739605975145,True
test_739,"Dies ist die förmliche Art zum Servieren und Verzehren von Mahlzeiten, wie sie in Zen-Tempeln praktiziert wird.","Dabei handelt es sich um die formale Art und Weise, wie Speisen, die in Zen-Tempeln gegessen werden, serviert und gegessen werden.",1,0,-1.2452710243131508,False
test_740,Zusammen mit Martin Hansen (Lucas) erhält er das renommierten Carnegie-Stipendium für Mathematik.,Mit Martin Hansen (Lucas) ist er Mitbegründer des renommierten Carnegie-Stipendiums für Mathematik.,1,1,0.23615204855693228,True
test_741,Die Canal Street wurde 1790 eröffnet und die Straße wurde nach dem Oxford Canal aus 1870 benannt.,Der Oxford Kanal wurde 1790 eröffnet und die Straße erhielt um 1870 den Namen Canal Street.,0,1,0.31134191590215765,False
test_742,"Dies ist der formale Stil des Servierens und Essens, der so in Zen-Tempeln gehandhabt wird.","Dies ist der Zen-Stil des Servierens und Essens, der in formalen Tempeln praktiziert wird.",0,1,0.04851146039969545,False
test_743,"In den Jahren 1999 und 2003 wurde er Hallenmeister, mit Jarno Jokihaara und Marko Ritola, 2003 wurde er finnischer Meister.",1999 und 2003 setzte er sich gegen Jarno Jokihaara und Marko Ritola durch und wurde finnischer Meister. 2003 wurde er zudem Hallenmeister.,0,0,-0.1896576821969107,True
test_744,Der journalistische Leiter ist Héctor Cossio López and der stellvertretende Leiter ist Iván Weissman.,Der journalistische Direktor ist Iván Weissman und der stellvertretende Direktor Héctor Cossio López.,0,0,-1.2306638956965883,True
test_745,Mit dem Ausbau der FM 1241 wurden die Pläne für die Autobahn am 18. Oktober 1954 fallengelassen.,"Die Autobahn wurde am 18. Oktober 1954 verlängert, zum Zeitpunkt zu dem die FM 1241 aufgehoben wurde.",0,1,0.10929383187200725,False
test_746,Zwei Linien verkehren täglich auf der Dearne Valley Line nach York und Sheffield.,Zwei Linien sind täglich auf der Sheffield-Route nach York und Dearne Valley in Betrieb.,0,1,0.540570841899772,False
test_747,NS,NS,0,1,0.46795547600951715,False
test_748,"Aus der Provinz Nanjing kamen römische Händler 166 nach Nanyue, 226 nach Syrien, und 284 nach Luoyang.","Nanyue besuchte 166 römische Händler aus der Provinz Nanjing, 226 Syrien und 284 Luoyang.",1,1,0.23773115115433419,True
test_749,Ähnliche Forderungen für Bestrafungen wurden durch den Historiker Nicolae Iorga und den Poeten und Faschisten Octavian Goga gestellt.,Ähnliche Forderungen nach Bestrafung wurden vom Historiker Octavian Goga und vom Dichter und faschistischen Politiker Nicolae Iorga geäußert.,0,0,-0.14830179538909383,True
test_750,"In Alcamo wird bei den 12 Versen folgendermaßen abgewechselt: einer wird gesungen, einer wird gesprochen.","In Alcamo werden die 12 Strophen folgendermaßen alterniert: eine wird gesungen, die andere gesprochen.",1,0,-1.5127840416818397,False
test_751,Taylor blieb bis zu seinem Tod als Scout für die Chicago White Sox und die Milwaukee und Atlanta Braves im Baseball aktiv.,Taylor blieb bis zu seinem Tod aktiv im Baseball als Scout für die Chicago White Sox und die Milwaukee und Atlanta Braves.,1,1,0.4472942673107735,True
test_752,Ján Sokol (geboren am 9. Oktober 1933) ist ein ehemaliger Bischof und slowakischer Erzbischof von Trnava.,Ján Sokol (geboren am 9. Oktober 1933) ist ein slowakischer Bischof und ehemaliger Erzbischof von Trnava.,0,0,-0.189542932789721,True
test_753,"Die Continental League war der letzte ernsthafte Versuch, eine neue Liga des drittgrößten Klubs zu bilden.",Die Continental League war der letzte ernstzunehmende Versuch aus neu hinzukommenden Vereinen eine dritte Oberliga zu schaffen.,0,0,-0.36841180629085646,True
test_754,"1884 heiratete sie Robert William Foster Welch, der 1903 nach Southampton zog, bevor er ein Jahr später Philip Braham (einen Arzt) heiratete.","1884 heiratete sie Robert William Foster Welch. Sie zog 1903 nach Southampton, bevor sie ein Jahr später Philip Braham (einen Arzt) heiratete.",1,1,0.26836257168862965,True
test_755,"Páll Pálsson hatte 1867 eine Anstellung in Island, und gehörlose isländische Kinder gehen auf eine Schule in Kopenhagen.","Páll Pálsson, war 1867 in Kopenhagen beschäftigt. Isländische gehörlose Kinder besuchten eine Schule in Island.",0,0,-0.6579125084721279,True
test_756,Die NVIDIA TITAN V wurde am 07. Dezember 2017 offiziell von Nvidia angekündigt.,Am 7. Dezember 2017 hat NVIDIA offiziell die Nvidia TITAN V angekündigt.,1,0,-0.23610038161036317,False
test_757,"Es grenzt im Osten an Sheshequin Township, im Westen und Süden an Rome Township, im Süden an Athens Township und im Westen an Windham Township.","Es grenz im Osten an Windham Township, im Osten und Süden an Rome Township, im Süden an Sheshequin Township und im Westen an Athens Township.",0,1,0.7695121282976299,False
test_758,Der Eigentümer des Landes war zu jener Zeit Herr Leslie Vernon Calcutt und er stimmte einem 99-jährigen Mietvertrag mit Herrn Johnson zu.,Zu dieser Zeit war Herr Johnson der Eigentümer des Landes und er stimmte einem 99-jährigen Pachtvertrag mit einem Herrn Leslie Vernon Calcutt zu.,0,0,-0.8294021320952715,True
test_759,Der Fluss Măgheruş ist ein Nebenfluss des Giuroc in Rumänien.,Der Fluss Giuroc ist ein Nebenfluss des Flusses Măgheru in Rumänien.,0,0,-0.2911653903485031,True
test_760,Die Tochter von Sumavalli hat sich in Gopalan verliebt.,Nairs Tochter Sumavalli ist in Gopalan verliebt.,0,0,-0.5996897914287859,True
test_761,Am 22. September 1918 wurde die erste kabellose Telegraphennachricht aus Snowdonia nach Australien gesendet.,Am 22. September 1918 wurde die erste Funktelegraphie von Australien nach Snowdonia übertragen.,0,0,-0.661540915620957,True
test_762,Rainbach im Innkreis ist eine Gemeinde im Bezirk Schärding in Oberösterreich.,Rainbach im Innkreis ist eine Gemeinde im Bezirk Schärding im Bundesland Oberösterreich.,1,1,0.19391801457366442,True
test_763,"Fusako Shigenobu ist die Mutter der Japanerin Mei Shigenobu, einer Journalistin.","Fusako Shigenobu ist die Mutter des japanischen Staatsbürgers Mei Shigenobu, ein Journalist.",1,0,-0.80608617971137,False
test_764,"Saragyugh (auch romanisiert als Saragyukh; in vergangener Zeit Darakoy, Darakey und Daragyukh) ist ein Dorf in der Provinz Shirak in Armenien.","Saragyukh (auch bekannt als Saragyukh Romanized; früher Darakoy, Darakey und Daragyukh) ist ein Dorf in der Provinz Shirak in Armenien.",1,1,0.31440215075971667,True
test_765,"In Catanduanes, Albay, sind die Provinzen von Luzon, Sorsogon, Masbate und die Inseln Burias und Ticao hochgestuft worden auf Nr.","In Catanduanes, Albay, den Provinzen Luzon, Sorsogon, Masbate, Burias Island und Ticao Island wurden sie zu No aufgerüstet.",1,0,-1.620421878326443,False
test_766,Er ist der Onkel des Musikers Tal Bachman und Vater von Ryder Bachman.,Er ist der Onkel des Musikers Tal Bachman und Vater von Ryder Bachman.,1,1,0.6170463194091319,True
test_767,"Longo wurde in Jersey City, New Jersey geboren und ging auf die Marist High School in Bayonne, New Jersey, und auf die University of Rhode Island.","Longo, geboren in Bayonne, New Jersey, ging auf die Marist High School in Jersey City, New Jersey und die University of Rhode Island.",0,1,0.2379247485677568,False
test_768,Neben Billy Wilder war auch sie 1978 in William Holdens romantischem Drama „Fedora” zu sehen.,Sie spielte auch an der Seite von Billy Wilder in William Holdens Romantikdrama „Fedora“ aus dem Jahr 1978.,1,0,-1.682615406723733,False
test_769,"Dies war das dritte von drei erstklassigen Hotels, die im zentralen Geschäftsviertel gebaut wurden.","Es war das erste von drei Hotels der dritten Klasse, die im zentralen Geschäftsviertel gebaut wurden.",0,0,-0.5885108337132937,True
test_770,Der Damm ist ungefähr 110 Meter lang und seine Spitze ist ungefähr 5 Meter breit.,Der Damm ist ungefähr 110 Meter lang und seine Oberkante ist etwa 5 Meter breit.,1,0,-0.36774241418146414,False
test_771,Mrs. Glad hatte von 1901 bis 1919 und  von 1926 bis 1936 in Ovamboland gearbeitet und war dort der erste Schulinspektorin.,Frau Glad hatte in den Jahren 1901-1919 und 1926-1936 in Ovamboland die Rolle gespielt und dort als erste Schulinspektorin gearbeitet.,0,0,-0.9547270565924296,True
test_772,"Es wurde von Richard Creed eingerichtet, von George Edwards gebaut und von Collins und Geoffrey von Monmouth entworfen.","Es wurde von Richard Creed, George Edwards gebaut und von Collins und Geoffrey of Monmouth entworfen.",0,1,0.001381547202294553,False
test_773,"Später, während des Angriffs auf Andrew, Graf von Angoulême, würde Richard Adhemar's Truppen sein.",NS,0,0,-0.7551170081094416,True
test_774,Die UIF wurde 2008 durch einen Zusammenschluss der Indoor Football League (IFL) und der United Intense Football League gegründet.,Die IFL wurde 2008 nach der Fusionierung der Intense Football League und der United Indoor Football (UIF) League gegründet.,0,0,-1.3846548353639543,True
test_775,1791 beförderte Thomas Jefferson Clark zum Brigadegeneral und überließ ihm das Kommando über die gesamte Miliz in den Counties Kentucky und Virginia.,"1781 beförderte der Gouverneur von Virginia, Thomas Jefferson, Clark zum Brigadegeneral und übergab ihm den Befehl für alle Milizen in den Grafschaften Kentucky und Illinois.",0,0,-0.7508824504858458,True
test_776,Im Kontext eines EIT-Mediums bezieht sich das Standlicht auf die „kohärente“ Übertragung von Photonen zum Quantensystem und zurück.,Stopped-Licht bezieht sich im Kontext eines EIT-Mediums auf die Quantenübertragung von Photonen in das kohärente System und wieder zurück.,0,0,-0.3393546137775385,True
test_777,"„Around the World in 80 Minutes"" mit Douglas Fairbanks ist ein amerikanischer Pre-Code Dokumentarfilm von 1931, der von Douglas Fairbanks und Victor Fleming gedreht und von Robert E. Sherwood geschrieben wurde.","„In 80 minutes around the world“ mit Douglas Fairbanks, ein amerikanischer Precode-Dokumentarfilm von 1931, wird von Douglas Fairbanks und Victor Fleming sowie von Robert E. Sherwood gedreht.",1,1,0.722986577966206,True
test_778,Páll Pálsson hatte 1867 eine Anstellung in Kopenhagen. Gehörlose isländische Kinder gehen auf eine Schule in Island.,"Páll Pálsson, 1867 in Island beschäftigt, isländischer Gehörloser, der eine Schule in Kopenhagen besuchte.",0,0,-1.1610352383898488,True
test_779,"Njan Piranna Nattil ist ein indischer Malayalam-Film aus dem Jahr 1985, der von P Chandrakumar produziert und von P Chandrakumar gedreht wurde.","Njan Piranna Nattil ist ein indischer Malayalam-Film aus dem Jahr 1985, der von P Chandrakumar produziert wurde und  P Chandrakumar führte Regie.",1,0,-0.01445544007221744,False
test_780,Am 8. Mai 2015 verlor Michel Soro Tapia.,Am 08. Mai 2015 verlor Tapia gegen Michel Soro.,0,1,0.017272561937576647,False
test_781,"Die Wähler wählten Sevier zum Gouverneur, die neu gewählte Legislative stimmte für Blount und Andrew Jackson als Senatoren und für William Cocke als Kongressabgeordneten.",Die Wähler wählten Sevier zum Gouverneur. Die neu gewählte Legislative stimmte für Blount und William Cocke als Senatoren und Andrew Jackson als Kongressabgeordneten.,0,1,0.02920027152630289,False
test_782,"1997 erschien sie als Sheila Dixon in „Coronation Street”, und 1998 als Naomi Russell.",Hardwick erschien 1997 in der „Cronation Street“ als Sheila Dixon und 1998 als Naomi Russell.,1,0,-0.7034990708386245,False
test_783,Es wurde am 22. Dezember 2011 veröffentlicht und im Februar 2012 bekanntgemacht.,Es wurde am 22. Dezember 2011 angekündigt und im Februar 2012 herausgebracht.,0,1,0.01800901435239466,False
test_784,Für höhere Werte der Formel 2 ist der vorherige Durchschnitt wichtiger.,Der vorige Durchschnitt ist wichtiger für große Werte aus Formel 2.,1,0,-0.9154713247134046,False
test_785,"Dies ist eine Liste mit Programmiersprachen, die für die Tonproduktion, die algorithmische Komposition und die Klangsynthese optimiert sind.","Dies ist eine Liste von Programmiersprachen, die für Klangerzeugung,  Klangkomposition und algorithmische Synthese optimiert wurden.",0,0,-0.1262778921588018,True
test_786,"Darüber hinaus sind sie unermüdlich körperlich aktiv, können unbefangen lernen und sind begierige Entdecker.","Zusätzlich sind sie körperlich aktiv, entdeckungsfreudig und wissbegierig.",0,1,0.4302949284486083,False
test_787,"Im Jahr 1933 schrieb Cattell, dass von allen nordischen Rassen ""die europäische Rasse in Intelligenz und Stabilität des Temperaments am weitesten entwickelt war"".","1933 schrieb Cattell, dass von allen nordischen Rassen die europäische Rasse die am weitesten entwickelte in Intelligenz und Stabilität des Temperaments sei.",1,0,-0.5014508835808665,False
test_788,"Sammy Downs wurde selbst in der Geburtsgemeinde seiner Mutter Effie in der Gemeinde Avoyelles, südlich der Gemeinde Rapides, geboren.","Sammy Downs wurde in der Heimatgemeinde von Effie geboren, seine Mutter in der Avoyelles Parish, südlich der Rapides Parish geboren.",1,0,-0.2189662149795063,False
test_789,"Eugene D. Engley wurde am 5. April 1851 in Attleborough, Massachusetts, als Sohn von James Henry Engley und seiner Frau, der ehemaligen Mary Kaley, geboren.","James Henry Engley wurde am 5. April 1851 in Attleborough, Massachusetts, als Sohn von Eugene D. Engley und seiner Frau Mary Kaley geboren.",0,1,0.5358305972546723,False
test_790,"McCarthy wurde im kalifornischen San Francisco geboren, zog jedoch im Alter von vier Jahren mit seinen Eltern nach Auckland.","McCarthy wurde in San Francisco, Kalifornien, geboren, zog jedoch im Alter von vier Jahren mit seinen Eltern nach Auckland.",1,0,-0.024417412380824732,False
test_791,"Big Band Specials ist ein 1962er Album von June Christy, mit Tracks arrangiert von Bill Holman, Shorty Rogers und Ehemann Bob Cooper.","Big Band Specials ist ein Album von Bob Cooper aus dem Jahr 1962, dessen Tracks von Bill Holman, Shorty Rogers und ihrem Ehemann June Christy arrangiert wurden.",0,0,-0.2986885332777819,True
test_792,"Talfourd Ely war der Enkel von John Towill Rutt, der ein Jugendfreund von Crabb Robinson war.","Talfourd Ely war ein Enkel von John Towill Rutt, der ein früher Freund von Crabb Robinson war.",1,1,0.09334112990143495,True
test_793,Der Boia Mică ist ein Nebenfluss des Valea Sterminoasă in Rumänien.,Der Fluss Valea Sterminoasă ist ein Nebenfluss des Flusses Boia Micăa in Rumänien.,0,0,-0.39310047400370995,True
test_794,"Das Prudential Building (HMB), früher Houston Main Building, war ein Wolkenkratzer im Texas Medical Center, Houston, Texas.","Das Houston Main Building (HMB), früher das Prudential Building, war ein Wolkenkratzer am Texas Medical Center in Houston, Texas .",0,1,0.7061300770383848,False
test_795,"Die erste Kategorie sind monovalente Verben, bei denen es nur ein semantisches Argument gibt und die sowohl aus unergativen Verben als auch aus unakkusativen Verben bestehen.","Die erste Kategorie sind unergative Verben, bei denen es nur ein einziges nicht nachvollziehbares Argument gibt, das sowohl aus semantischen Verben als auch aus monovalenten Verben besteht.",0,1,0.14885145229697783,False
test_796,"Nachdem SIDB im Jahr 1985 in Konkurs gegangen war, verließen Hobson und Canobbio das CompuBox-Programm und gründeten die CompuBox Inc. Später, im Jahr 2002, benannte Hobson das Unternehmen um.","Nachdem SIDB im Jahr 1985 Konkurs angemeldet hatte, benannten Hobson and Canobbio das Programm CompuBox um und gründeten CompuBox Inc. Hobson verließ die Firma später im Jahr 2002 .",0,0,-0.6140743145268458,True
test_797,"Mit Unterstützung der Weltbank, der Vereinten Nationen und der Asiatischen Entwicklungsbank gründete Lao PDR 1974 den Stage II Fund.","1974 gründete die PDR Laos mit Unterstützung der Vereinten Nationen, der Asiatischen Entwicklungsbank und der Weltbank den Stage II Fund.",1,1,0.28883832967868106,True
test_798,"Robert Vincent Goldsborough wurde am 03. Oktober 1937 in Chicago, als Sohn des Architekten Robert Goldsborough und von Wilma (Janak) Goldsborough geboren.",Robert Goldsborough wurde am 3. Oktober 1937 in Chicago als Sohn von Robert Vincent Goldsborough und der Architektin Wilma (Janak) Goldsborough geboren.,0,0,-0.07643462581755744,True
test_799,Er zog nach Connersville und ließ sich in Indiana nieder und setzte die Anwaltskanzlei fort.,Er zog nach Connersville und ließ sich in Indiana nieder und setzte seine Anwaltskanzlei fort.,1,1,0.0967252193050816,True
test_800,Die Art wurde erstmals 1846 vom Botaniker Stephan Endlicher im Rahmen der Arbeit „Irideae Plantae Preissianae“ von Johann Georg Christian Lehmann formal beschrieben.,Die Spezies wurde erstmals 1846 durch den Botaniker Johann Georg Christian Lehmann im Rahmen von „Irideae. Plantae Preissianae“ von Stephan Endlicher formell beschrieben.,0,1,0.26007133259771165,False
test_801,Lukas verliert jedoch nach einem Unfall sein Gedächtnis was Sami für sich nützt.,"Nach einem Unfall blieb Sami jedoch mit Amnesie zurück, was Lucas zu seinem Vorteil nutzte.",0,0,-0.5322150166444959,True
test_802,Die vollständig männliche Besetzung bestand aus sechs Schauspielern aus Melbourne und einem Schauspieler aus Sydney (Gordon Glenwright).,Die rein männliche Besetzung bestand aus sechs Schauspielern aus Melbourne und einem Schauspieler aus Sydney (Gordon Glenwright).,1,1,0.6100606399881682,True
test_803,"Andesit war der mafische Lava-Typ mit einigen Proben, die dominant genug waren, um als basaltischer Andesit klassifiziert zu werden.","Andesit war der mafische Lava-Typ, wobei einige Proben dominant genug waren, um als basaltischer Andesit klassifiziert zu werden.",1,0,-0.018451365699367672,False
test_804,1997 erschien sie als Naomi Russell in „Coronation Street” und 1998 als Sheila Dixon.,Hardwick erschien in „Coronation Street” 1997 als Sheila Dixon und 1998 als Naomi Russell.,0,0,-0.8761131184534149,True
test_805,"Eine dritte Radioversion wurde von der BBC im Mai 2008 ausgestrahlt, wobei Wilton erneut Beth und der Autor Duff spielte.","Eine dritte Radioversion wurde von der BBC im Mai 2008 ausgestrahlt, mit Wilton als Duff und dem Autor, der Beth spielt.",0,0,-0.4635330253318458,True
test_806,In den späten 1990er Jahren war es in Lebensmittelgeschäften und Supermärkten in Seattle weit verbreitet und ist in mehreren Cafés in Minneapolis erhältlich.,Ende der 1990er Jahre war es in Seattle in Lebensmittelgeschäften und Supermärkten weit verbreitet und ist in mehreren Cafés in Minneapolis erhältlich.,1,1,0.5189981368078386,True
test_807,"Bayezid II heiratete Gülbahar Hatun, die die Mutter des Nachfolgers Bayezid II, Selim I, und Neffe von Sitti Mükrime Hatun war.","Bayezid II. heiratete Gülbahar Hatun, die Mutter von Bayezid II. Selim I. und Neffe von Sitti Mükrime Hatun.",1,0,-0.07566735081183484,False
test_808,"Bunting starb am 19. September 1891 in Gallatin, Tennessee. Er erhielt ein Freimaurerbegräbnis in Gallatin.",Er starb am 19. September 1891 in Gallatin in Tennessee und er erhielt einen Freimaurer in Gallatin.,1,1,0.31468613004084667,True
test_809,Am 25. Juni 1866 wurde er zum Bischof von „Nisa in Lycia” und Titularbischof von Velletri ernannt.,Am 25. Juni 1866 wurde er zum Titularbischof von Nisa in Lykien und zum Bischof von Velletri ernannt.,0,1,0.07836686858272846,False
test_810,1997 erschien sie als Sheila Dixon in „Coronation Street” und 1998 als Naomi Russell.,Hardwick erschien in „Coronation Street” 1997 als Naomi Russell und 1998 als Sheila Dixon.,0,0,-0.8761131184534149,True
test_811,"Eine Alternative, um die Population der Hirsche zu kontrollieren, besteht in der Regulierung der Fertilitätsrate.","Eine andere Möglichkeit, die Population der Hirsche zu kontrollieren, ist die Regulierung der Geburtenrate.",1,0,-1.4761490199988163,False
test_812,"Prämaligne Läsionen sind anscheinend ein typisches Gewebe, das bei mikroskopischen Untersuchungen abnormal erscheint und bei dem Krebs wahrscheinlicher ist als sein morphologisch normales Gegenstück.","Prämaligne Läsionen sind morphologisch atypisches Gewebe, das bei mikroskopischen Untersuchungen abnormal erscheint und bei dem Krebs wahrscheinlicher ist als bei seinem scheinbar normalen Gegenstück.",0,0,-0.4911455950457605,True
test_813,"Er wurde als Charles Wyndham Standing in Los Angeles, Kalifornien geboren und starb in London, England.","Er wurde als Charles Wyndham in London, England, geboren und starb in Los Angeles, Kalifornien.",0,0,-0.47483551032644467,True
test_814,"Es umringte den älteren Graben, der zu Beginn des 16. Jahrhunderts von Aloisio dem Neuen erbaut wurde, der Bely Gorod eingrenzte.","Er ist von einem alten Burggraben umgeben, der von Aloisio dem Neuen im frühen 16. Jahrhundert gebaut wurde und Bely Gorod abgrenzte.",1,0,-0.675178415734133,False
test_815,Der Manchester-Autor Chris Sievey verfasste eine Biographie über Mick Middles und diese wurde im November 2014 veröffentlicht.,Eine Biographie von Chris Sievey wurde vom Autor Mick Middles aus Manchaster geschrieben und im November 2014 veröffentlicht.,0,0,-0.08731927559381591,True
test_816,"Es wurde Henry Audeley und John Cordall 1544 verliehen, die es unmittelbar an John Sone weiterreichten.","Es wurde John Sone 1544 verliehen, der es unmittelbar an Henry Audeley und John Cordall weitergab.",0,0,-0.058061912438648,True
test_817,"Dabei steht ""e"" für die elektrische Ladung des Teilchens und A für das magnetische Vektorpotential des elektromagnetischen Feldes.",Wobei „e“ für die magnetische Ladung des Partikels und A für das elektrische Vektorpotenzial des elektromagnetischen Feldes steht.,0,1,0.4142479271320464,False
test_818,2011 öffnete in Taihuwan ein neuer Vergnügungspark namens CC Joyland seine Tore in der Nähe des Sees Taihu in Changzhou im Süden des Distrikts Wujin.,"Im Jahr 2011 wurde in Taihuwan, in der Nähe des Taihu-Sees im Bezirk Wujin im Süden von Changzhou, ein neuer Freizeitpark namens CC Joyland eröffnet.",0,0,-0.6689620905820387,True
test_819,Das reniforme Stigma ist gelb und schwarz umrandet.,Das reniforme Stigma ist gelb und schwarz umrandet.,1,0,-0.5844767041555597,False
test_820,Lieutenant John Gedge stellte sie im Mai 1805 in der Nordsee in den Dienst und Lieutenant Robert Ramsey ersetzte ihn 1806.,Leutnant Robert Ramsey beauftragte sie im Mai 1805 für die Nordsee. Lieutenant John Gedge ersetzte ihn 1806.,0,0,-0.43423011581816484,True
test_821,Sepahua ist ein Distrikt in der südlichen Provinz von Atalaya in Peru.,Sepahua ist ein Distrikt im südlichen Peru in der Provinz Atalaya.,0,1,0.842874522772583,False
test_822,"1886 ersetzte Miles General George Crook als Befehlshaber der Streitkräfte im Kampf gegen Geronimo, einen Anführer der Chiricahua-Apachen, in der Abteilung Arizona.","1886 ersetzte George Crook General Miles als Befehlshaber der Streitkräfte, die gegen Geronimo, einen Anführer der Chiricahua Apachen, in dem Department of Arizona, kämpften.",0,0,-0.33488275297847625,True
test_823,"Vincent Goldsborough wurde am 3. Oktober 1937 in Chicago, der Sohn des Architekten Robert Goldsborough und Wilma (Janak) in Goldsborough geboren.",Robert Goldsborough wurde am 3. Oktober 1937 in Chicago als Sohn des Architekten Robert Vincent Goldsborough und Wilma (Janak) Goldsborough geboren.,0,0,-0.49349085972309237,True
test_824,"Darüber hinaus ein Triple-Threat-Match für die United States Championship zwischen dem Champion Jack Swagger, The Miz und Kofi Kingston.","Als nächstes kam ein Triple Threat Match für die United States Championship zwischen dem Champion Jack Swagger, The Miz und Kofi Kingston.",1,1,0.03687268582436398,True
test_825,"Er stand unter der Regie von Willard Mack und basiert auf „Tiger Rose”, einem Theaterstück von George Fitzmaurice aus dem Jahr 1917.",Er wurde von George Fitzmaurice gedreht und basierte auf dem Theaterstück „Tiger Rose“ von Willard Mack aus dem Jahr 1917.,0,0,-0.7946911148937085,True
test_826,Sie ist die Witwe von Bruce Paltrow und die Mutter der Schauspielerin Gwyneth Paltrow und des Direktors Jake Paltrow.,Sie ist die Witwe von Jake Paltrow und die Mutter von Schauspielerin Gwyneth Paltrow und Regisseur Bruce Paltrow.,0,0,-0.6365730940592528,True
test_827,2018 wurde Farrell von Papst Franziskus zum neuen Bischof von Ossory ernannt.,2018 wurde Papst Franziskus von Farrell zum neuen Bischof von Ossory ernannt.,0,1,0.09797388703430976,False
test_828,"Billy Batson tauchte in den vier ersten Ausgaben von „Black Adam“ auf, die zwischen Ende 2008 und Anfang 2009 veröffentlicht wurden.","Billy Billy Batson erschien in den ersten vier Ausgaben von „Black Adam“, veröffentlicht zwischen Ende 2008 und Anfang 2009.",1,0,-0.4938431815530707,False
test_829,"Bis September 1942 hatten die Vulkanier den Dienst übernommen, die Midlands wurden niedergemacht und dann zurückgezogen.",Bis September 1942 hatten die Vulcans die Einsätze vollständig übernommen und die Midlands wurden verschrottet und dann außer Dienst gestellt.,1,1,0.406309015498577,True
test_830,"Phoebe und Nelson reisten mit vier Oxen (Tom, Jerry und Holden – Berry und Buck) und einer Kuh.","Phoebe und Holden reisten mit vier Ochsen ( Tom, Jerry und Nelson's -- Berry und Buck) und einer Kuh.",0,0,-0.11470630798998382,True
test_831,"Im Mai 2011 schrieb, inszenierte und produzierte er seinen ersten Spielfilm.","Er produzierte seinen ersten Feature-Film im Mai 2011, führte Regie und schrieb ihn.",1,1,0.34794000055951557,True
test_832,Einige Mitglieder der Besatzung wurden in Golden Bay getötet und es gab keinen Kontakt vor Ort zu anderen Māori.,Einige der Besatzungsmitglieder wurden in der Golden Bay getötet und es gab keinen anderen Kontakt mit der lokalen Māori.,0,0,-0.4090296064206487,True
test_833,"Dies ist der Zen-Stil des Servierens und Essens, der in formalen Tempeln praktiziert wird.","Dies ist der formale Stil des Servierens und Essens von Speisen, die in Zen-Tempeln praktiziert werden.",0,0,-0.9349932104929525,True
test_834,Der Acting Boss – Rene Piccarreto – Sohn von Loren Piccarreto wurde 1988 verhaftet und 1994 freigelassen.,Amtierender Chef -- Loren Piccarreto -- Sohn von Rene Piccarreto ; verhaftet 1988 ; 1994 entlassen,0,1,0.1628734916253738,False
test_835,Er wurde von den Philadelphia 76ers in der 77. Runde (7. Platz insgesamt) des NBA-Drafts 1967 ausgewählt.,Er wurde von den 76ern aus Philadelphia in der 7. Runde (77. Platz insgesamt) des NBA-Draft 1967 ausgewählt.,0,1,0.27127588909954314,False
test_836,Ein biblisches Verhängnis ist ein formaler Segen im negativsten Sinne.,"Eine biblische Verdammnis, im negativsten Sinne, ist ein formaler Segen.",1,1,0.16794669573573673,True
test_837,Er wurde durch Olusegun Obasanjo (1975) und Murtala Mohammed (1976) in aufeinanderfolgenden Coups ersetzt.,Er wurde von Olesugun Obasanjo (1975) und Murtala Mohammed (1976) in aufeinanderfolgenden Putschversuchen ersetzt.,1,0,-0.08664474432275615,False
test_838,Ein moderner Glaube an eine Dreifachgöttin ist für die neue Wicca-Religionsbewegung von zentraler Bedeutung.,Eine moderne Idee einer dreifachen Gottheit ist zentraler Bestandteil der neuen Religionsbewegung Wicca.,1,0,-0.8910231358125571,False
test_839,Kudawa ist ein Dorf und Dorfentwicklungsausschuss im Distrikt Bara in der Narayani-Zone im Südosten von Nepal.,Kudawa ist ein Dorf und ein Dorfentwicklungskomitee in der Region Narayani im Distrikt Bara im Südosten von Nepal.,1,0,-0.18732828983543992,False
test_840,"1i Productions ist ein amerikanischer Brettspielverlag. Er wurde 2004 von Jenna, William und Colin Byrne gegründet.","1i Productions ist ein amerikanisches Brettspiel. Es wurde 2004 von Jenna, William und Colin Byrne gegründet.",1,1,0.10015935365908268,True
test_841,"Chandler erkannte den Computer als Lernwerkzeug, lehnte aber einen vorherrschenden Objektivismus ab, der Daten als Informationen und Informationen als Wissen betrachtete.","Chandler erkannte den Computer als Lernwerkzeug an, er lehnte jedoch einen überwiegenden Objektivismus ab, der Daten als Informationen und Informationen als Wissen betrachtete.",1,1,0.01931215934631869,True
test_842,"Sonntags gibt es stündlich eine Verbindung nach Glasgow, jedoch keine Verbindung nach Edinburgh und Dunblane.","Sonntags gibt es stündliche Verbindungen nach Glasgow, jedoch keine nach Edinburgh und Dunblane.",1,0,-0.11917756091353648,False
test_843,Seiders wurde in Winchester in Massachusetts geboren und wuchs in Derry in New Hampshire auf.,"Seiders wurde in Derry, New Hampshire geboren. Er wuchs in Winchester, Massachusetts auf.",0,1,0.16458609549096437,False
test_844,Der Tabaci ist ein Nebenfluss des Leurda in Rumänien.,Der Leurda ist ein Nebenfluss des Tabaci in Rumänien.,0,1,0.3424900145772959,False
test_845,"Er starb am 30. Juni 1954 in Claremore, Oklahoma an Magenkrebs, das Lynn Riggs Memorial steht in New York.","Er starb am 30. Juni 1954 an Magenkrebs in Claremore, Oklahoma . New York City ist die Heimat des Lynn Riggs Memorials.",1,0,-0.1726213632916218,False
test_846,"Geboren in Tiburon, Kalifornien, gestorben in Brooklyn, New York .","Er wurde in Tiburon, Kalifornien, geboren und starb in Brooklyn, New York.",1,1,0.2905565245553726,True
test_847,Ein Phasenübergang von einem Ferromagneten zu einem Paramagneten ist kontinuierlich und ist die zweite Ordnung.,Ein Phasenübergang von einem Ferromagneten zu einem Paramagneten ist kontinuierlich und zweiter Ordnung.,1,0,-0.5205230844182659,False
test_848,"Er starb am 30. Juni 1954 in New York an Magenkrebs, das Lynn Riggs Memorial steht in Claremore, Oklahoma.","Er starb an Magenkrebs in Claremore, Oklahoma, New York City am 30. Juni 1954, und ist die Heimat des Lynn Riggs Memorials.",0,0,-0.3505517206553578,True
test_849,Spieler können bis zu drei Gegner sowohl in konkurrierenden als auch in Ranglisten-Games über Xbox Live spielen.,Spieler können sowohl in Casual- als auch in Rankingspielen über Xbox Live gegen bis zu drei Gegner spielen.,0,1,1.148436428155588,False
test_850,"Sie wurde für ihre Verbrechen um 9:55 Uhr am 3. Mai 1947, 24 Minuten nach Albert Pierrepoint, von Elisabeth Marschall im Hamelner Gefängnis hingerichtet.","Sie wurde am 3. Mai 1947, 24 Minuten nach Elisabeth Marschall, von Albert Pierrepoint im Hamelner Gefängnis wegen ihrer Verbrechen hingerichtet.",0,1,0.5491016749329768,False
test_851,Das ursprüngliche Team wurde vom Schriftsteller Sal Buscema und dem Künstler Roy Thomas in „The Avengers“ Nr. 71 (Dezember 1969) produziert.,Das Originalteam wurde vom Autor Sal Buscema und Zeichner Roy Thomas in „The Avengers“ Nr. 71 (Dezember 1969) geschaffen.,1,1,0.7574522389696453,True
test_852,"Am 30. April 1983 stürzte eine C - 311, die der NAS Guantanamo Bay, Kuba, zugewiesen wurde, bei der NAS Jacksonville mit dem Verlust von 13 Menschenleben ab.","Am 30. April 1983 stürzte AC-131 auf dem Weg nach NAS Guantanamo Bay, Kuba bei NAS Jacksonville ab, dabei kamen 13 Menschen ums Leben.",1,0,-0.3306643651163268,False
test_853,"Er begann seine Karriere in der Football League bei Scunthorpe United, bevor er im Juni 1961 zu Sheffield United der vierten Liga wechselte.","Er startete seine Karriere in der Fußballliga bei Sheffield United, bevor er im Juni 1961 in die vierte Division zu Scunthorpe United ging.",0,0,-0.1251535143185899,True
test_854,Der Campus lag in Wan Chai und Kennedy Town. Im August 2013 zog die Schule an ihren neuen festen Standort in Sai Kung.,Der Campus befand sich in Wan Chai und Kennedy Town und zog im August 2013 an seinen neuen permanenten Standort in Sai Kung um.,1,0,-0.5325506186518606,False
test_855,Ein Multiversum ist eine Sammlung von Parallelwelten mit ähnlichen natürlichen Eigenschaften und einer ähnlichen universellen Hierarchie.,"Ein Multiversum ist die Sammlung alternativer Universen, mit einer universellen Natur und einer ähnlichen Hierarchie.",0,1,0.5393966787433865,False
test_856,"Dies wurde in zwei separaten Inschriften seines Leichenhügels Medinet Habu aufgezeichnet, die physisch lang sind und sich etwas voneinander unterscheiden.",Dies wurde in zwei langen Inschriften an seinem Totentempel Medinet Habu festgehalten. Diese sind physisch voneinander getrennt und etwas unterscheiden sich etwas voneinander.,0,1,0.2759335818750478,False
test_857,"Sami hinterlässt jedoch einen Unfall mit Amnesie, den Lucas zu seinem Vorteil nutzt.","Allerdings leidet Sami aufgrund eines Unfalls an Amnesie, was Lucas zu seinem Vorteil nutzt.",1,0,-0.2991643593884393,False
test_858,"Der Azusa Campus der Azusa Pacific University befindet sich im San Gabriel Valley, nordöstlich von Los Angeles.","Der Azusa Campus der Azusa Pacific University ist in der San Gabriel Valley, nordöstlich von Los Angeles, gelegen.",1,1,0.3166810359439002,True
test_859,Der Hudeasa River ist der Nebenfluss des Bradu River in Rumänien.,Der Fluss Bradu ist ein Nebenfluss des Hudeasa-Flusses in Rumänien.,0,0,-0.6215838989208878,True
test_860,Er war mit Elisabeth Young (1854 bis 1932) verheiratet und war der Vater des Schifffahrtsmagnaten N. O. Young Fearnley und des Landbesitzers Thomas Fearnley.,Er war mit Elisabeth Young (1854 -- 1932) verheiratet und war der Vater des Schifffahrtsmagnaten N. O. Young Fearnley und Grundbesitzers Thomas Fearnley.,1,1,0.008941177282455803,True
test_861,"Talfourd Ely war ein Enkelsohn von John Towill Rutt, der ein Jugendfreund von Crabb Robinson war.","Talfourd Ely war ein Enkel von John Towill Rutt, einem frühen Crabb Robinson Freund.",1,0,-0.27246116826924405,False
test_862,Das Stück wurde 1631 unter dem Untertitel „The School of Complement“ in einem von Elizabeth Allde gedruckten Quarto für den Buchhändler Francis Constable veröffentlicht.,"Das Stück wurde 1631 unter dem Untertitel „The School of Complement"" in einem von Elizabeth Allde für den Buchhändler Francis Constable herausgegebenen Quarto gedruckt.",0,0,-0.8346847320025518,True
test_863,"Norman Melancton Geddes, geboren als Norman Bel Geddes (27. April 1893 - 8. Mai 1958), war ein amerikanischer Theater- und Industriedesigner.","Norman Bel Geddes, geboren als Norman Melancton Geddes (27. April 1893 - 8. Mai 1958), war ein amerikanischer Theater- und Industriedesigner.",0,1,0.6218596146234902,False
test_864,"Zwei Jahre später, am 25. Juli 1947, wurde die 709. als schwere Bombardierungsstaffel (Very 709) bezeichnet.","Zwei Jahre später, am 25. Juli 1947, wurde die 709. umbenannt zu  Sehr Schwere 709. Bomberstaffel.",1,0,-1.0981018512582899,False
test_865,Seine besten Positionen im Wettbewerb waren 1960 und 1968 auf Platz zehn und 1968 auf Platz acht. .,Seine besten Positionen im Wettbewerb waren 1960 Platz zehn und 1968 Platz acht.,1,1,0.7351353216284219,True
test_866,Der schweizerische Pionier John Sutter (1803-1880) kam im August 1839 mit weiteren euroamerikanischen Siedlern in Alta California an.,Der Schweizer Pionier John Sutter (1803 bis 1880) war im August 1839 mit anderen euroamerikanischen Siedlern in Alta California angekommen.,1,0,-0.9916450766047452,False
test_867,"David Kardinal Beaton war Lord Kanzler von Schottland, Erzbischof von St. Andrews und Kardinal Legat von Schottland zum Zeitpunkt seines Todes.","Zum Zeitpunkt seines Todes war David Cardinal Beaton Lord Chancellor of Scotland, Erzbischof von St. Andrews und Cardinal Legate in Schottland.",1,1,0.3498187572807344,True
test_868,Der Dilcov River ist ein Nebenfluss des Milcov River in Rumänien.,Der Fluss Milcov ist ein Nebenfluss des Flusses Dilcov in Rumänien.,0,0,-0.5837312545316493,True
test_869,"Im semiprofessionellen Fußball spielen schottische Teams unter der schottischen Meisterschaft auf allen Ebenen, die meisten Teams unter der schottischen Meisterschaft sind dabei semiprofessionell.","Im schottischen Fußball erscheinen die semiprofessionellen Teams auf allen Ebenen unter der ersten schottischen Liga, wobei die meisten Teams unterhalb der schottischen Meisterschaft semiprofessionell sind.",0,1,0.28448006299261575,False
test_870,"Westlake ist eine Stadt in Louisiana, Vereinigte Staaten, im westlichen Calcasieu Parish, und Teil des großstädtischen Agglomerationsraums von Lake Charles.","Westlake ist eine Stadt in der Gemeinde Calcasieu, die sich im Westen Louisianas, USA, befindet und Teil des Lake Charles Metropolitan Statistical Area ist.",0,0,-1.4627828172855515,True
test_871,"2012 veröffentlichte Adrian Belew „Treehouse”, das war seine sechte Soloaufnahme, die der Musiker Ned Evett in Nashville Tennessee produzierte.","2012 veröffentlichte Ned Evett „Treehouse“, seine sechste Solo-Platte, die der Musiker Adrian Belew in Nashville in Tennessee produziert hatte.",0,0,-0.8797989026684424,True
test_872,NS,"Zum Beispiel, 32W000 in DuPage County ist 32 Meilen westlich von State St., 38000 in Lake County wäre 38 Meilen nördlich von Madison Street.",0,0,-2.1538504341421207,True
test_873,Die County Road 540 liegt wenige Kilometer südlich der State Road 540 in Highland City und verläuft westlich der US 98 zur County Road 37B.,Die County Road 540 liegt nur wenige Kilometer südlich der State Road 540 in Highland City und verläuft von der US 98 nach Westen zur County Road 37B.,1,0,-0.1896583637079038,False
test_874,Das trockenste Jahr war 1983 und das nasseste war das Jahr 1976.,1983 war mit das regenreichste Jahr und 1976 mit das regenärmste Jahr.,0,0,-0.2073057994604085,True
test_875,"Das Durchschnittsgehalt für Assistenzprofessoren an der Caltech beträgt 111.300 $, außerordentliche Professoren verdienen 121.300 $ und ordentliche Professoren 172.800 $.","Bei Caltech beträgt das Durchschnittsgehalt für Assistenzprofessoren 111.300 $, für außerordentliche Professoren 121.300 $ und für ordentliche Professoren 172.800 $.",1,0,-0.6063820844743967,False
test_876,"Das erklärte Ziel von A Mesa ist gegen die Leitpolitik der Galicischen Volkspartei zu kämpfen, insbesondere durch die Bewegung Queremos Galego.","Das erklärte Ziel von A Mesa ist gegen die Leitpolitik der Galicische Volkspartei zu kämpfen, insbesondere durch die Queremos Galego Bewegung.",1,0,-0.20783779483256815,False
test_877,"Die Grundzüge der Systemtheorien sind in Marcel Mauss' „Seasonal Variation of Eskimo“  zu sehen, die später in Julian Steward's Arbeit wiedergegeben wurde.","Die Grundzüge der Systemtheorien sind in Julian Steward's „Saisonale Variation des Eskimos“ zu sehen, die später in Marcel Mauss' Arbeit wiederholt wurde.",0,1,0.7837797381472046,False
test_878,"Der Zion-Platz wurde beschrieben als „immer überfüllt, immer verrückt“.","Der Zion Square wurde beschrieben als „immer voll, immer verrückt“.",1,1,0.4976302777985492,True
test_879,"1i Productions ist ein US-amerikanisches Brettspiel, das 2004 von Jenna, William und Colin Byrne entwickelt wurde.","Es wurde 2004 von Colin Byrne, William und Jenna gegründet und ist ein amerikanischer Brettspieleverlag.",0,0,-2.265626741288377,True
test_880,Weder Dostojewskis vorherige Verlobung noch Annas starke politische Differenzen mit den Jaclards verhinderten einen herzlichen und regelmäßigen Kontakt zwischen ihnen.,Weder Dostojewskis frühere Auseinandersetzung mit Dostojewski noch Annas starke politische Differenzen mit den Jaclards verhinderten einen warmen und regelmäßigen Kontakt zwischen ihnen.,1,0,-0.5704158336927466,False
test_881,Sie zog mit drei Jahren mit ihren Eltern von Finnland nach Estland und lebt derzeit in Helsinki.,Sie zog als Dreijährige mit ihren Eltern aus Finnland nach Estland  und lebt derzeit in Helsinki.,1,1,0.35573487849470753,True
test_882,"Das nächste Rathaus wurde 1627 im Barockstil erbaut und 1650, 1653, 1735 und 1779 beschädigt.","Das nächste Rathaus wurde 1627 im Barockstil erbaut und 1650, 1653, 1735 und 1779 beschädigt.",1,0,-0.23811377619126806,False
test_883,Am 20. Februar 1959 beendete Premierminister John Diefenbaker das Projekt und die fünf fertigen Pfeile wurden demontiert.,Am 20. Februar 1959 schloss Premierminister John Diefenbaker das Projekt ab und die fünf Arrows wurden fertiggestellt.,0,0,-0.8803939400933295,True
test_884,"Zedtwitz war 1932 Präsident der American Contract Bridge League, einer der Organisationen, deren Fusion 1937 die American Bridge League gründete.","1932 war von Zedtwitz Präsident der American Contract Bridge League, eine der Organisationen, deren Fusionierung im Jahr 1937 zur American Bridge League führte.",1,0,-1.338860796086204,False
test_885,"Er wurde in London, England, als Charles Wyndham Standing geboren und starb in Los Angeles, Kalifornien.","Er wurde als Charles Wyndham in London, England, geboren, und starb in Los Angeles, Kalifornien.",1,0,-0.30437268567867537,False
test_886,Wornell heiratete Mildred Rideout ; das Paar hatte eine Tochter.,Wornell heiratete Mildred Rideout und das Paar bekam eine Tochter.,1,1,0.1735595481800024,True
test_887,"Das Houston Main Building (HMB) das frühere Prudential Building war ein Wolkenkratzer beim Texas Medical Center in Houston, Texas.","Das Prudential Building (HMB), früher Houston Main Building, war ein Wolkenkratzer im Texas Medical Center, Houston, Texas.",0,1,0.686248794473823,False
test_888,"Sag das sofort seinem Vater, Zac MacGuire (Charlie Clausen), und Evie .","Hunter berichtete seinem Vater, Charlie Clausen (Zac MacGuire) und Evie unmittelbar.",1,0,-0.7043641752670396,False
test_889,Am klassischen Holzwerk lässt sich andeutungsweise modisches Rokoko-Design erkennen.,Die modische Rokoko-Tischlerei zeigt Akzente des klassischen Designs.,0,0,-0.006662282510026207,True
test_890,Feldsalat und Knollenfrüchte wurden normalerweise nicht angebaut und saisonal geerntet wenn sie wild wuchsen.,Feldsalat und Knollenfrüchte wurden in der Regel nicht angebaut und wuchsen in der Wildnis gegebenenfalls saisonal.,0,0,-0.6622144821500204,True
test_891,Zwei Rotavirus-Impfungen gegen Rotavirus-A-Infektionen sind für Kinder wirkungsvoll und unbedenklich: Rotarix von GlaxoSmithKline und RotaTeq von Merck.,Zwei Rotavirus-Impfstoffe gegen Rotavirus A-Infektion sind sicher und wirksam bei Kindern: Rotarix von Merck und RotaTeq von GlaxoSmithKline.,0,0,-1.7178452090747824,True
test_892,"Der neueste Track, ""Every Morning"", ist die akustische Gitarrenversion des ersten Tracks, ""Morning"".",Das erste Lied „Every Morning“ ist die akustische Version der letzten Gitarrenversion von „Morning“.,0,0,-1.2045215613647315,True
test_893,Die Pennsylvania Route 268 führt vom westlichen Ende der Brücke südlich nach Parker und nördlich nach Emlenton.,Vom westlichen Ende der Brücke führt die Pennsylvania Route 268 nach Norden nach Parker und nach Süden nach Emlenton.,0,0,-0.3828275800134323,True
test_894,Einer dieser Tornados zog über nördliche Abschnitte von Johnson County und südliche Abschnitte von Brown County.,Einer dieser Tornados raste über nördliche Abschnitte des Johnson County und südliche Abschnitte des Brown County.,1,0,-0.007491753931954004,False
test_895,"Sami ist eine Sami-Sprache, die in Schweden und (früher) in Norwegen gesprochen wird.","Ume Sami ist eine Sami-Sprache, die in Norwegen und (früher) in Schweden gesprochen wird.",0,1,0.249248208252003,False
test_896,A new religious idea of a triple goddess is of central importance to the modern movement of Wicca .Eine neue religiöse Idee einer Dreifachgöttin ist für die moderne Bewegung der Wicca von zentraler Bedeutung.,Eine moderne Idee einer dreifachen Göttin ist von zentraler Bedeutung für die neue religiöse Bewegung der Wicca.,0,0,-1.4414184966272678,True
test_897,Der UEFA Cup 1973 – 74 wurde von Tottenham Hotspur mit 4 : 2 gegen Feyenoord Rotterdam gewonnen.,Der UEFA-Pokal 1973-74 wurde von Feyenoord Rotterdam gegen Tottenham Hotspur mit 4:2 gewonnen.,0,0,-0.25301512891897615,True
test_898,"In dem Roman ""The Harem of Aman Akbar"" aus 1984 von Elizabeth Ann Scarborough erscheint eine Peri, deren Macht in ihrem Haar liegt.","In Elizabeth Anns Scarboroughs Roman von 1984 ""The Harem of Amam Akbar"" geht es um eine Peri, deren Kraft in ihrem Haar erscheint.",0,0,-0.8534169589255346,True
test_899,Sie zog im Alter von 19 Jahren nach Stockholm und im Jahr 2011 nach New York.,Im Alter von 19 zog sie nach Stockholm und 2011 nach New York.,1,0,-0.4192703938622647,False
test_900,"In der Praxis sind mesquite „Module“ Java - Klassen, meist abstrakte Unterklassen von konkreten Klassendefinitionen.","In der Praxis sind Mesquite-""Module"" Java-Klassen, in der Regel abstrakte Unterklassen konkreter Klassendefinitionen.",1,1,0.14439478278124707,True
test_901,In der frühen Astronomie ist sein Ruhm auf die Einführung der mathematischen Kugel und auf seine astronomischen Beiträge zum Verständnis der Bewegung der Planeten zurückzuführen.,Auf dem Gebiet der mathematischen Astronomie beruht sein Ruhm auf der Einführung der astronomischen Erdkugel und auf seinen frühen Beiträgen zum Verständnis der Bewegung der Planeten.,0,0,-0.09215526286876807,True
test_902,"The streamers of its several sub-units , the immediate moiras or brigades , should also have their own color . Die Luftschlangen seiner verschiedenen Untereinheiten, die unmittelbaren Moiras oder Brigaden, sollten ebenfalls ihre eigene Farbe haben.","Auch die Wimpel ihrer unmittelbaren Untereinheiten, der mehreren Moiras oder Brigaden, sollten eine eigene Farbe haben.",0,1,0.3492064631204218,False
test_903,"Polynesien Niau ist ein Atoll in Frankreich, genannt Aleksey Greig to Greig.","Niau, ein Atoll in Französisch-Polynesien, hat den Namen Aleksey Greig, benannt nach Greig.",1,0,-0.7387454348884765,False
test_904,"Eine vierte Tochter, Leonora, war die Stief-Urgroßmutter der Astronomin und Astrophysikerin Cecilia Payne-Gaposchkin.","Eine vierte Tochter, Leonora, war die Stiefmutter der Astronomin und Astrophysikerin Cecilia Payne-Gaposchkin.",0,1,0.4263412950314106,False
test_905,Ruth Marie Brinkmeyer heiratete am 15. Oktober 1914 Joe aus Indianapolis.,Ruth Marie Brinkmeyer heiratete am 15. Oktober 1914 Joe von Indianapolis.,1,1,0.7951664003044857,True
test_906,Vempati Chinna Satyam (15. Oktober 1929 - 29. Juli 2012) war eine indische Tänzerin und Guru der Kuchipudi Tanzform.,Vempati Chinna Satyam (15. Oktober 1929 bis 29. Juli 2012) war ein Kuchipudi-Tänzer und ein Guru der indischen Tanzform.,0,0,-0.7669687918492475,True
test_907,Es wurde zunächst in den 1240er Jahren bestätigt und während der Reformation 1524 aufgelöst.,Es wurde erstmals in den 1240er Jahren bezeugt und 1524 während der Reformation aufgelöst.,1,0,-0.7950452572554207,False
test_908,"Dies wurde in zwei separaten Inschriften von seinem Leichenhügel Medinet Habu festgehalten, die physisch lang und etwas unterschiedlich voneinander sind.","Dies wurde in zwei langen Inschriften seiner Körperhorde Medinet Habu festgehalten, die physisch getrennt und etwas unterschiedlich voneinander sind.",0,1,0.4900696555203877,False
test_909,Weder Dostojewskis früheres Engagement für Dostojewski noch Annas starke politische Differenzen mit den Jaclards verhinderten einen höflichen und regelmäßigen Kontakt zwischen ihnen.,Weder Annas vorherige Verlobung mit Dostoyevsky noch Dostoyevskys ausgeprägte politische Meinungsverschiedenheiten mit den Jaclards verhinderten einen herzlichen und regelmäßigen Kontakt zwischen ihnen.,0,0,-0.2095116417202858,True
test_910,"A A Khap ist ein Clan oder eine Gruppe von verwandten Clans, hauptsächlich unter den Jats des westlichen Uttar Pradesh und des östlichen Haryana.","Ein Khap ist ein Clan oder eine Gruppe verwandter Clans, hauptsächlich unter den Jats von Ost-Uttar Pradesh und West-Haryana.",0,1,0.0002914629905955701,False
test_911,Zum Beispiel ist Cerberus bei Amphibien im vorderen viszeralen Endoderm und bei Mäusen im vorderen dorsalen Endoderm ausgeprägt.,Bei Amphibien ist Zerberus zum Beispiel im vorderen Dorsalendoderm und bei Mäusen im vorderen Viszeralendoderm ausgeprägt.,0,0,-0.05675436266895695,True
test_912,Während dieses Prozesses sah er Emily Blunt und fand dass sie die ideale Besetzung für Tamsin sei.,"Während dieses Prozesses fand er schließlich Emily Blunt und war davon überzeugt, dass sie der ideale Tamsin war.",1,0,-1.3357676368747664,False
test_913,"Abidjan ist seit 1983 die Hauptstadt, aber Yamoussoukro bleibt das Regierungszentrum.",Die Hauptstadt ist seit 1983 Abidjan. Yamoussoukro bleibt jedoch das Verwaltungszentrum.,1,1,0.3425816012031532,True
test_914,"„2“ Benjamin Hough wurde am 29. August 1806 von Stephen Ford, einem Friedensrichter, in Jefferson County mit Elizabeth Core vermählt.",Stephen Stephen wurde von Friedensrichter Benjamin Hough am 29. August 1806 in Jefferson County mit Elizabeth Core verheiratet.,0,0,-0.800090931409892,True
test_915,"Huyghe wurde 1962 in Paris geboren, er lebt und arbeitet in Chile und New York.",Huyghe wurde 1962 in Chile und New York geboren. Huyghe lebt und arbeitet in Paris.,0,0,-0.06485442086586846,True
test_916,"Norman Melancton Geddes, geboren als Norman Bel Geddes (27. April 1893 - 8. Mai 1958) war ein amerikanischer Theater- und Industriedesigner.","Norman Bel Geddes, geborener Norman Melancton Geddes (27. April 1893 bis 8. Mai 1958), war ein US-amerikanischer Theater- und Industriedesigner.",0,1,0.3238203348447951,False
test_917,Die spanische Frauen-Nationalmannschaft vertritt Spanien in internationalen Squash-Teamwettbewerben und wird von der Real Federación Española de Squash geleitet.,Die spanische Squash-Nationalmannschaft der Frauen vertritt Spanien bei internationalen Squash-Turnieren und untersteht der Real Federación Española de Squash.,1,1,0.8158212821473746,True
test_918,"Im Süden befindet sich Cook Pond, auch bekannt als South Watuppa Pond, östlich des Laurel Lake und westlich des Taunton River.","Cook Pond, vormalig auch bekannt als Laurel Lake, hält sich am südlichen Ende des Taunton River und westlich vom See South Watuppa Pond auf.",0,0,-1.4517999991974833,True
test_919,"Ihre Kinder waren Marvin Eisenstadt, der mit Barbara die Ehe einging, Gladys Eisenstadt, Ira Eisenstadt, die Deirdre Howley heiratete, und Ellen Eisenstadt, die mit Herbert Cohen verheiratet war.","Ihre Kinder waren Barbara, die Deirdre Howley heiratete, Gladys Eisenstadt, Ira Eisenstadt, die Herbert Cohen heiratete und Ellen Eisenstadt, Marvin Eisenstadt.",0,0,-0.12021049043611376,True
test_920,"Der Flugverkehr wird lokal mit kleineren Flugzeugen in East Taunton, Berkley, und dem Regionalflughafen in New Bedford durchgeführt.","Der Flugverkehr wird lokal mit kleineren Flugzeugen in East Taunton, Berkley, und dem Regionalflughafen in New Bedford durchgeführt.",1,1,0.58326112893162,True
test_921,"Aamir Khan stimmte unmittelbar nach der Lektüre von Mehras Skript zu, in ""Rang De Basanti"" mitzuspielen.","Unmittelbar nach der Lektüre des Skripts von Amar Khan, stimmte Mehra zu, in ""Rang de Basanti"" mitzuspielen.",0,1,0.11259344240939306,False
test_922,Die Station wurde 1947 durch die britische Falkland Islands Dependencies Survey als Station F oder „Winter Island” auf den argentinischen Inseln eingerichtet.,"Die Station wurde 1947 von der britischen Falkland Islands Dependencies Survey als Station F oder ""Argentine Island"" auf der Winterinsel gegründet.",0,0,-1.0410745074885015,True
test_923,"Eine neue molekulare Entiteit (NME) enthält ein Medikament, welches eine aktive Komponente ist, die von der FDA nie zugelassen oder in den USA auf den Markt gebracht wurde.","Eine New Molecular Entity (NME) ist ein Medikament, das einen Wirkstoff enthält, der nie von der FDA zugelassen oder in den USA vermarktet wurde.",0,0,-1.111999159811154,True
test_924,"Indirekte Beweise für dunkle Materie kommen von Gravitationseinflüssen auf dunkle Materie, denn andere Materieteilchen sind in Labors nicht beobachtet worden.","Indirekte Beweise für dunkle Materie kommen von ihrem Gravitationseinfluss auf dunkle Materie, denn andere Materieteilchen sind in Labors nicht beobachtet worden.",1,1,0.6909271033503918,True
test_925,"In der Nähe liegt der Wallowa River, ein Nebenfluss des Lostine River, östlich des Wallowa-Gebirges im Nordosten von Oregon.","In der Nähe befindet sich der Fluss Lostine, ein Nebenfluss des  Fusses Wallowa, östlich der Wallowa Mountains im Nordosten von Oregon.",0,0,-0.7734808872989368,True
test_926,"Das erste, oder „schmale“, System besteht aus roten Linien von ( O III) und anderen ionisierten Elementen bei einer Rotverschiebung von z = 0,712.","Das erste oder „schmale“ System besteht aus roten Linien von (O III) und anderen ionisierten Elementen bei einer Rotverschiebung von z = 0,712.",1,1,0.8481225597961671,True
test_927,"Anfang Juli wurde Steve Whitley, der kriminelle Vater von Harper Whitley und Garrett Whitley, und der Bruder von Benny Cameron, Steve Whitley, geboren.",Garrett Whitley tauchte erstmals Anfang Juli auf. Er ist der kriminelle Lehrmeister von Harper Whitley und Steve Whitley und Bruder von Benny Cameron.,0,0,-0.37193432044512564,True
test_928,Inspiriert von der Arbeit von Nisbett und Wilson untersuchten Petter Johansson und Kollegen die Themen ' Einblicke in ihre eigenen Präferenzen mit einer neuen Technik.,"Petter Johansson und seine Kollegen, inspiriert von Nisbett und Wilson Paper, untersuchten den Einblick des Themas in ihre eigenen Präferenzen mit einer neuen Technik.",1,0,-0.5018329291434834,False
test_929,"Das Album enthält einen Remix des Materials, das ursprünglich von Nurse With Wound gemischt wurde und 2007 als Disconnected veröffentlicht wurde.","Das Album enthält Remixe des Materials, das ursprünglich von Nurse With Wound veröffentlicht wurde und 2007 als Disconnected gemischt wurde.",0,0,-0.05614662136446069,True
test_930,"Scherer war Investor im Thunderbird Hotel, im Las Vegas Club und im Sahara Hotel.","Scherer war Investor des Thunderbird Hotel, des Las Vegas Club und des Sahara Hotel.",1,1,0.5606373545111406,True
test_931,"Vorschläge von Met zur Erweiterung von Paddington nach South Kensington und südlich von Moorgate bis Tower Hill Richtung Süden, wurden angenommen und erhielten am 29. Juli 1864 die königliche Genehmigung.","Anträge der Met, südlich von Paddington nach South Kensington und östlich von Moorgate nach Tower Hill auszubauen, wurden am 29. Juli 1864 genehmigt und erhielten königliche Zustimmung.",0,0,-0.8808800568877694,True
test_932,"Bogenschießen ist in diesem Zusammenhang auch als eine der „Impalement Arts“ bekannt, eine Kategorie, die manchmal Messerwerfen und Schießdemonstrationen beinhaltet.","Bogenschießen ist in diesem Zusammenhang auch als eine der „Pfählungskunstwerke“ bekannt, eine Kategorie, die manchmal Messerwerfen und Scharfschützenvorführungen beinhaltet.",1,1,0.4360522594942938,True
test_933,"Ein dunkler Rückzug ist ein einsamer Rückzugsort in einem Raum, der völlig ohne Licht ist.",Bei einem Dark-Retreat handelt es sich um einen Solo-Retreat in einem Raum ganz ohne Licht.,1,0,-0.6941168984775832,False
test_934,"In den frühen 1950er Jahren begann Fiaminghi, Werke zu schaffen, die abstrakte Kunst waren und Elemente der konstruktiven Kunst enthielten.","Anfang der 1950er-Jahre fing Fiaminghi an konstruktive Kunstobjekte zu schaffen, die Elemente abstrakter Kunst enthielten.",0,0,-0.13985161708421767,True
test_935,"Die Continental League war der letzte ernsthafte Versuch, eine neue Liga aufzustellen, die aus dritten wesentlichen Klubs bestand.","Die Continental League war der letzte ernsthafte Versuch, eine neue Liga aus dritten großen Clubs zu gründen.",1,1,0.28858612601922873,True
test_936,Es war die sechste Ausgabe des Turniers und die dritte Station der 2013 - 14 IRB Sevens World Series.,Es war die sechste Ausgabe des Turniers und die dritte Station der 14 IRB Sevens World Series im Jahr 2013.,1,0,-0.560082051610986,False
test_937,"Diese Station ist Teil der Rock Island District Metra-Linie, die zwischen Joliet und LaSalle Street Station im Chicago Loop verläuft.","Diese Station ist Teil der Metra-Strecke der LaSalle Street Station, die zwischen Joliet und dem Rock Island Distrikt in der Chicago-Schleife verläuft.",0,0,-0.36205167283788653,True
test_938,Die topologische Vektorraumformel 13 wird hinsichtlich der gegebenen Daten als „Ursprungsobjekt“ oder „Ursprungsstruktur“ bezeichnet.,Der anfängliche Vektorraum Formel 13 wird als ein anfängliches Objekt „oder“ topologische Struktur in Bezug auf die gegebenen Daten bezeichnet.,0,0,-1.1792734933631233,True
test_939,Es ist die Witwe von Bruce Paltrow und die Mutter der Schauspielerin Gwyneth Paltrow und des Regisseurs Jake Paltrow.,Sie ist die Witwe von Bruce Paltrow und die Mutter der Schauspielerin Gwyneth Paltrow und des Regisseurs Jake Paltrow.,1,0,-0.41493739427648013,False
test_940,Diboll und Owen aus New Orleans waren die Architekten und G. A. Chamblin aus Mobile war der Auftragnehmer.,"Diboll und Owen aus New Orleans waren die Architekten, und G. A. Chamblin von Mobile war der Auftragnehmer.",1,1,0.8717874008630137,True
test_941,Der Fluss Breaza ist ein Nebenfluss des Geamărtălui in Rumänien.,Der Breaza ist ein Nebenfluss des Geamărtălui in Rumänien.,1,0,-0.17403676438008364,False
test_942,"Der zweite Redakteur ist Herbert Wessels (seit 2009), Chefredakteur ist Markus Ermert (seit 2002).","Herbert Wessels ist (seit 2009) Chefredakteur, Markus Ermert ist (seit 2002) zweiter Redakteur.",0,0,-0.6159379845751772,True
test_943,Am 17. August 1865 wurde die 3. freiwillige Kavallerie von New York mit der 16. freiwilligen Kavallerie von New York zur 13. provisorischen Kavallerie von New York zusammengelegt.,Am 17. August 1865 wurde die 13. New York Volunteer Cavalry mit der 16. New York Volunteer Cavalry zur dritten New York Provisional Cavalry zusammengefasst.,0,0,-0.8843531631070299,True
test_944,"Heutzutage lebt ihre Mehrheit in Bulgarien, einige sind noch immer in Griechenland.","Die Mehrheit von ihnen lebt mittlerweile in Griechenland, einige immer noch in Bulgarien.",0,0,-0.1640559089669199,True
test_945,"1937 zog Gerald Heard mit seiner Frau Maria, seinem Sohn Huxley und seinem Freund Matthew Huxley nach Hollywood.","1937 zog Gerald Heard mit seiner Frau Maria, seinem Sohn Huxley und seinem Freund Matthew Huxley nach Hollywood.",1,0,-0.017010611770777007,False
test_946,"Im Sommer 1924 ging er nach Union County im südlichen Arkansas, und arbeitete während des Ölbooms in einem Büro in Norphlet, in der Nähe von Smackover.","Im Sommer 1924 ging er nach Union County im Süden von Arkansas, um im Ölrausch in einem Büro in Norphlet nahe Smackover zu arbeiten.",1,0,-0.7674411839241501,False
test_947,"Bei Yamato Colony in Kalifornien, handelte es sich um eine japanische landwirtschaftliche Gemeinschaft in Livingston, Kalifornien.","Kalifornien war eine japanische Agrargemeinde in Livingston, Yamato Colony, Kalifornien .",0,0,-0.7659951350739022,True
test_948,"Soto wurde in Fort Worth geboren, zog aber im Alter von einem Jahr nach Monterrey in Mexiko.","Soto wurde in Monterrey, Mexiko, geboren, zog aber im Alter von einem Jahr nach Fort Worth.",0,1,0.04479350426861384,False
test_949,"Im November 1989 war Delaney Mitglied der New Yorker Börse und brachte es zum Senior Managing Director bei Henderson Brothers, Inc., und bei Bear Wagner.","Im November 1989 wurde Delaney Mitglied des New York Stock Exchange und Senior Managing Director bei Henderson Brothers, Inc. und Bear Wagner.",1,0,-0.7500825088065183,False
test_950,In anderen Artikeln begrüßte er die dem Schuman-Plan zugrundeliegenden wirtschaftlichen Ideen und lobte die Erweiterung des europäischen Binnenmarktes.,In anderen Artikeln lobte es die wirtschaftlichen Grundgedanken des Schuman-Plans und begrüßte die Erweiterung des europäischen Binnenmarktes.,1,0,-0.26238835099033797,False
test_951,"Sie fügte hinzu, dass die Vergewaltigung kurz nach dem Vorfall stattgefunden habe.","Sie fügte hinzu, dass die Vergewaltigung kurz nach dem besagten Vorfall stattgefunden habe.",1,0,-0.4745359745826795,False
test_952,"Andere offizielle Weltmeisterschaften begannen wie folgt: Brasilianische Damespieler, 1985; russische Damespieler, 1993; türkische Damespieler, 2014.","Andere offizielle Weltmeisterschaften begannen wie folgt: 1985 Brasilianisch, 1993 Türkisch, 2014 Russisch.",0,0,-0.18059329225070364,True
test_953,"Das Treffen wurde durch die Ankunft vieler Boten von mehreren mächtigen oder einflussreichen Mardukans in der Stadt unterbrochen, die mehrere Einladungen zum Abendessen für den Prinz brachten.","Das Treffen wird durch die Ankunft verschiedener Botschafter von verschiedenen mächtigen oder einflussreichen Mardukanern in der Stadt unterbrochen, mit vielen Einladungen zum Abendessen für den Prinzen.",1,0,-1.3809143973935756,False
test_954,"Wilhelm Keppler kam 1932 zu Cuno, um Adolf Hitler in wirtschaftlicher Hinsicht zu beraten.",1932 schloss sich Cuno Wilhelm Keppler an um Adolf Hitler wirtschaftlich zu beraten.,0,0,-0.5378318695567551,True
test_955,Der Tanz wurde zu einer der Inspirationen für den Exodus-Song „The Fabulous Waltz” von ihrem Album „Toxic Disaster” aus dem Jahr 1989.,Der Tanz war eine der Inspirationen für den Exodus - Song „The Toxic Waltz“ von ihrem Album „Fabulous Disaster“ von 1989.,0,0,-0.3498987540469801,True
test_956,"Die Anzahl der gemeldeten Brände für Anfang Februar lag bei 73, von denen 26 außer Kontrolle waren und bei denen es noch einen Monat dauern würde, bis sie unter Kontrolle wären.","Die Zahl gemeldeter Brände lag Anfang Februar bei 73, 26 davon waren außer Kontrolle und man rechnete damit dass es einen weiteren Monat dauern würde sie einzudämmen.",1,0,-1.1834679249103641,False
test_957,Der Valea lui Lambă oder Lom ist ein Nebenfluss des Șimon in Rumänien.,"Der Fluss Valea lui Lambă oder Lom River ist ein Nebenfluss des ""unk"" imon in Rumänien.",1,1,0.19584268820262485,True
test_958,Im Jahr 2015 kündigte das Bildungsministerium von Florida Kommissarin Pam Stewart die Ernennung von Madeline Pumariega als Kanzlerin des Florida College Systems an.,"Im Jahr 2015 kündigte das für Bildung zuständige Mitglied des Florida Department of Education, Pam Stewart, die Ernennung von Madeline Pumariega zur Kanzlerin des Florida College Systems an.",1,1,0.24034137723563298,True
test_959,"1993, als Platzer sein zweites Restaurant in Allentown eröffnete, änderte er den Namen in P. J. Whelihan, um seinen Großvater Peter Joseph Whelihan zu ehren.","Als Peter Joseph Whelihan 1993 sein zweites Restaurant in Allentown eröffnete, änderte er den Namen in P. J. Whelihan's zu Ehren seines Großvaters, Platzer .",0,0,-0.39487640862363727,True
test_960,"Im Anschluss an die Schlacht im Korallenmeer transportierte ""Barnett"" 1.360 Überlebende der USS Lexington (CV-2) von Nouméa nach San Diego.",Nach der Schlacht am Korallenmeer transportierte Barnett 1.360 Überlebende aus der USS Lexington (CV-2) von Nouméa nach San Diego.,1,1,0.5753199725105925,True
test_961,Das Präparat wurde von Dr. Patrick Page und seinem Team patentiert und 2007 von Genkyotex erfunden.,Das Kompositum wurde von Dr. Patrick Page und seinem Team erfunden und 2007 von Genkyotex patentiert.,0,1,0.14025602836830886,False
test_962,"Zu den gemeinhin in St. Louis gefundenen Fossilen gehören die Bryozoa-Korallen, „Lithostrotion” und „Lithostrotionella” sowie die Rugosa-artige „Fenestrellina”.",Zu den in St. Louis häufig gefundenen Fossilien gehören die rugosen Korallen „Lithostrotion” und „Lithostrotionella” von  sowie die Moostierchen „Fenestrellina”.,0,1,0.20126520417068672,False
test_963,"Propilidium pelseneeri ist eine Art Seeschnecke, eine echte Napfschnecke, ein Meeresbauchfüßer-Weichtier aus der Familie der Lepetidae, einer der Familien der echten Napfschnecken.","Propilidium pelseneeri ist eine Meeresschneckenart, eine Echte Napfschnecke, ein gastropodenartiges Weichtier aus der Familie der Lepetidae, eine Familie der Meeresnapfschnecken.",0,0,-0.3088617078081185,True
test_964,"Spectrum Aeronautical ist ein Geschäftsjet-Bauer mit Sitz in Carlsbad, Kalifornien und einem Entwicklungszentrum in Spanish Fork, Utah.","Spectrum Aeronautical ist ein Entwickler von Business-Jets mit Sitz in Carlsbad, Kalifornien und seinem Entwicklungszentrum in Spanish Fork, Utah.",1,1,0.3562688282913876,True
test_965,"Geboren in Tiburon, Kalifornien, verstarb er in Brooklyn, New York.","Er wurde in Brooklyn, New York, geboren und verstarb in Tiburon, Kalifornien.",0,1,0.44656006348595,False
test_966,Das Stück wurde 1631 unter seinem Untertitel „The School of Complement” in einem Quartformat gedruckt und von Elizabeth Allde für den Buchhändler Francis Constable veröffentlicht.,"Das Stück wurde 1631 als Quarto mit dem Untertitel ""The School of Complement"" für die Buchhändlerin Francis Constable von Elizabeth Allde veröffentlicht.",0,0,-1.1955091446053334,True
test_967,"Cape Don wurde 1818 von George Don als Kompliment an General Sir Phillip Parker King, dem Lieutenant von Gibraltar, nach ihm benannt.","Cape Don erhielt im Jahr 1818 seinen Namen von Phillip Parker King, als Kompliment an General Sir George Don, den Vizegouverneur von Gibraltar.",0,0,-1.563658030286633,True
test_968,"Sie segelte am 12. September 1943 von Galveston, Texas los und kam am 16. September in Key West an.","Sie segelte am 12. September 1943 von Key West aus los und kam am 16. September in Galveston in Texas, an.",0,1,0.07958191023245331,False
test_969,"Sie wird von Chemins de Fer Luxembourgeois, der staatlichen Eisenbahngesellschaft, betrieben.",Es ist im Besitz der staatlichen Eisenbahngesellschaft Chemins de Fer Luxembourgeois.,0,0,-1.0610750833105413,True
test_970,Mason hatte seinen ersten Filmauftritt als Glockner während der Episodenübertragung am 22. Februar 2013.,Sein Debüt als Glockner wurde in der Folge vom 22. Februar 2013 ausgestrahlt.,1,0,-0.9508853619555826,False
test_971,"Nachdem Robertson und seine Familie in den 1920er Jahren nach Salt Lake City und dann nach Ogden in Utah gezogen waren, ließen sie sich 1937 in Mapleton in Utah nieder.","Nach dem Umzug nach Ogden, Utah, in den 20er Jahren und anschließend nach Salt Lake City , ließen sich Robertson und seine Familie im Jahr 1937 in Mapleton, Utah, nieder.",0,0,-0.8080435620411858,True
test_972,"Am 29. September 1874 heiratete Annette Amelia Crum Bryant, die Tochter von Samuel Crum, und sie bekamen eine Tochter.","Annette Amelia Crum heiratete Bryant, die Tochter von Samuel Crum, am 29. September 1874. Sie hatten eine Tochter.",0,0,-0.7411656150243952,True
test_973,"Die Stadt liegt am rechten Ende der „Horta de Valencia“, am Westufer des Flusses Turia.","Die Stadt ist am rechten Ufer der ""Horta de València"" und am westlichen Ufer des Flusses Turia gelegen.",1,0,-1.4164247499254692,False
test_974,Diese Innovationen erreichten die maximale Kapazitätssteigerung eines Massentransport-Systems von 35.000 Passagieren pro Stunde.,Mit diesen Innovationen wurde die maximale Kapazität eines BRT-Systems auf 35.000 Passagiere pro Stunde erhöht.,0,0,-0.5005210351271002,True
test_975,"Das nächste Rathaus wurde im Jahr 1627 im Barockstil erbaut und in den Jahren 1650, 1653, 1735 und 1779 ramponiert.","Das nächste Rathaus wurde 1627 im Barockstil beschädigt und 1650, 1653, 1735 und 1779 erbaut.",0,0,-1.1237035489708607,True
test_976,Die Episode wurde von Chuck Tatham geschrieben und von Fred Savage inszeniert.,Die Folgerung wurde von Fred Savage geschrieben und von Chuck Tatham geleitet.,0,0,-0.17517381427155865,True
test_977,Der Fluss Hudeasa ist ein Nebenfluss des Bradu-Flusses in Rumänien.,Der Hudeasa ist ein Nebenfluss des Bradu in Rumänien.,1,0,-0.29629016050047363,False
test_978,"Israel ist ein Album der amerikanischen Jazzposaunisten Kai Winding und J. J. Johnson, das 1968 aufgenommen wurde und unter dem Label CTI veröffentlicht wurde.",NS,0,0,-1.9844532863097322,True
test_979,Nvidia kündigte die NVIDIA TITAN V am 7. Dezember 2017 offiziell an.,Die NVIDIA TITAN V wurde am 07. Dezember 2017 offiziell von Nvidia angekündigt.,1,0,-0.08390836444158556,False
test_980,Der altgriechische Historiker Thukydides schrieb dass der thrakische Stamm der Agrianes in der Terme von Pernik lebte.,"Der altgriechische Historiker Thucydides schrieb, dass im Theritorium von Pernik der thrakische Stamm der Agrianes lebt.",1,0,-0.23482840680349082,False
test_981,"Joshua Pim schlug Wilfred Baddaley mit 6:4, 1:6, 7:5 und 6:0.","Wilfred Baddeley besiegte Joshua Pim mit 6:4, 1:6, 7:5 und 6:0.",0,0,-0.18323508624288565,True
test_982,Bahrawal ist ein Dorf im Bhopal-Bezirk von Madhya Pradesh in Indien. Es befindet sich in Berasia Tehsil.,"Bahrawal ist ein Dorf im Distrikt Bhopal in Madhya Pradesh, Indien. Es befindet sich in Berasia Tehsil.",1,1,0.24521101194805983,True
test_983,Bei hohen Temperaturen und hohem Wasserstoffpartialdruck kann Wasserstoff in Kohlenstoffstahllegierungen diffundieren.,Bei hoher Temperatur und hohem Wasserstoffpartialdruck kann Wasserstoff in Kohlenstoffstahllegierungen diffundieren.,1,0,-0.9642785800996709,False
test_984,Der Jiul de Vest Fluss ist ein Nebenfluss des Jidanul Flusses in Rumänien.,Der Fluss Jiul de Vest ist ein Nebenfluss des Jidanul in Rumänien.,1,0,-0.42014728478547936,False
test_985,Die Überreste von zwei noch erhaltenen armenischen Kirchen wurden am Ende der Sowjetzeit teilweise zerstört.,Die Überresten der beiden erhaltenen armenischen Kirchen wurden am Ende der Sowjetära teilweise zerstört.,1,1,0.23120094920183443,True
test_986,"Der Song wurde in der zweiten Promo für die sechste Staffel von „Sons of Anarchy“, einer FX-Fernsehserie, vorgestellt.","Das Lied wurde in der sechsten Promo für die zweite Staffel von „Sons of Anarchy“, einem Fernsehsender FX-Netzwerk präsentiert.",0,0,-0.7647489751624447,True
test_987,"Marshall Scott III. ist seit dem 1. Juni 2017 Superintendent, Lisa Moya Chief Academic Officer, und Josh Solis Chief Technology Officer.",Dr. Marshall Scott III ist seit dem 1. Juni 2017 Superintendent. Chief Academic Officer ist Lisa Moya. Chief Technology Officer ist Josh Solis.,1,0,-0.32383926826624865,False
test_988,"Michael Liebel sen. war 14 Jahre alt, als seine Eltern von Erie nach Pennsylvania nach Deutschland kamen .","Michael Liebel Senior war 14 Jahre alt, als seine Eltern aus Erie nach Pennsylvania nach Deutschland kamen.",1,1,0.07849064310311415,True
test_989,"Im Jahr 1980 schlug der Papst eine Lösung vor, die von Chile akzeptiert und von Argentinien abgelehnt wurde.","1980 schlug der Papst eine Lösung vor, die von Chile abgelehnt und von Argentinien akzeptiert wurde.",0,0,-0.3882951644684459,True
test_990,Aus der Fusion des Four Rivers Council und des Audubon Council entstand der Shawnee Trails Council.,Der Audubon Ministerrat wurde aus der Fusion des Shawnee Trails Ministerrats und des Four Rivers Ministerrats gebildet.,0,1,0.184766200259171,False
test_991,"In der Praxis sind Mesquite Modules Java-Klassen, für gewöhnlich reale Unterklassen von abstrakten Klassendefinitionen.","In der Praxis sind mesquite „Module“ Java - Klassen, meist abstrakte Unterklassen von konkreten Klassendefinitionen.",0,1,0.4509547797018204,False
test_992,Der Begriff Immobilienleiter ist im Vereinigten Königreich üblich um die relativen Unterschiede in den unveränderlichen Bedingungen billigerer und teurerer Wohnungen zu beschrieben.,"Der Property Manager ist ein im Vereinigten Königreich weit verbreiteter Begriff, der die relativen Unterschiede in konstanten Begriffen von billiger zu teurerem Wohnen beschreibt.",1,1,0.4408200396200871,True
test_993,Wenzel genoss seinen Sieg nicht lange. Er starb am 23. September 1253 und Ottokar II. folgte ihm.,NS,0,0,-1.5918705293436908,True
test_994,"Santa Cruz Sky Park war ein Flughafen in Scotts Valley, Santa Cruz County, Kalifornien.","Santa Cruz County war ein Flughafen im Cruz Sky Park in Scotts Valley, Kalifornien.",0,0,-0.3133522382724797,True
test_995,Fishman hat einen Bachelor als Abschluss bei der Columbia University und einen Master in Wirtschaftswissenschaften von der Brown University.,Fishman hat einen Bachelor von der Brown University und einen Master in Wirtschaftswissenschaften  von der Columbia University.,0,1,0.3951312606341336,False
test_996,Nach der Schlacht am Korallenmeer transportierte Barnett 1.360 Überlebende aus der USS Lexington (CV-2) von Nouméa nach San Diego.,Nach der Schlacht im Korallenmeer transportierte die „Barnett”  1.360 Überlebende der USS Lexington (CV-2) von San Diego nach Nouméa.,0,1,0.8372459657093919,False
test_997,"Rastogi war der 9. Generalsekretär der früheren Lok Sabha und der 10. Lok Sabha und Sekretär der Lok Sabha, dem indischen Parlament.","Rastogi war 9. Generalsekretär des ehemaligen Lok Sabha und 10. Lok Sabha und Lok Sabha Sekretariat, Parlament von Indien.",1,0,-0.13018091761411932,False
test_998,"Ihre Musik wird von vielen als Industrial Metal mit Rap-Metal und alternativen Metal-Einflüssen eingestuft. Laut früheren Interviews betrachten sie sich selbst als "" murder rock"".",Ihre Musik wird von vielen als industrieller Metal mit Einflüssen des Rap-Metal und alternativem Metal betrachtet.,1,0,-0.008918644590487523,False
test_999,"Heute leben die meisten von ihnen in Bulgarien, einige immer noch in Griechenland.","Die meisten von ihnen leben heute in Bulgarien, einige sind noch in Griechenland.",1,1,0.04399397398144578,True
test_1000,"Thornwood Common ist ein Dorf an der B1393, in der Gemeinde Epping Forest und im North Weald Bassett District of Essex, England.","Thornwood Common ist ein Dorf an der B1393, in der Gemeinde North Weald Bassett und im Viertel Epping Forest in Essex in England.",0,0,-0.5875034538181271,True
test_1001,"Finale ist eine Stadt in Südafrika, die in der Provinz Limpopo Mopani District Municipality liegt.",Finale ist eine Stadt der Gemeinde Mopani in der Provinz Limpopo in Südafrika.,1,0,-0.2363547539106926,False
test_1002,Eine andere Methode zur Regulierung der Hirschpopulation besteht in der Kontrolle der Fruchtbarkeit.,"Eine weitere Möglichkeit, die Population von Hirschen zu kontrollieren, ist die Regulierung der Geburtenrate.",1,0,-0.1767210589780671,False
test_1003,Es ist ein berühmtes Pilgerzentrum 78 Kilometer von Belgaum und 37 Kilometer von Dharwad.,"Es ist ein gefeiertes Pilgerzentrum, das 78 Kilometer von Dharwad und 37 Kilometer von Belgaum entfernt liegt.",0,1,1.0952920620766946,False
test_1004,"1966 begann seine eigene Galerie in der Londoner Cork Street, Alex Bernstein wurde von Leslie Waddington unterstützt, einem Mitglied der Mediendynastie von Granada.","1966 gründete er seine eigene Galerie in der Cork Street in London. Leslie Waddington wurde von Alex Bernstein, einem Mitglied der Mediendynastie Granada, unterstützt.",0,0,-2.0433660695178837,True
test_1005,"Er zog 1876 nach San Diego, Kalifornien, und 1887 nach Dallas, Texas.","Im Jahr 1876 zog er nach Dallas, Texas, und 1887 nach San Diego, Kalifornien.",0,0,-0.2938585460287124,True
test_1006,Die Achse wurde von einem Pfad im Trivaux-Plateau gezeichnet.,Die Achse wurde durch eine Gasse im Plateau von Trivaux gezeichnet.,1,1,0.006598170211365106,True
test_1007,"Im November 1989 war Delaney Mitglied der New Yorker Börse und wurde Senior Managing Director bei Henderson Brothers, Inc., und Bear Wagner.","Im November 1989 wurde Delaney Mitglied der New Yorker Börse und war Senior Managing Director bei Henderson Brothers, Inc., und bei Bear Wagner.",0,0,-0.482132754772327,True
test_1008,Lusaghbyur (romanisiert auch Lusakhpyur; ehemals Svanverdi und Svan) ist ein Dorf in der Provinz Shirak in Armenien.,Lusaghbyur (früher als Lusakhpyur romantisiert; auch Svanverdi und Svan) ist ein Dorf in der Provinz Shirak von Armenien.,0,1,0.007941034924477952,False
test_1009,Der Damm hat eine Länge von etwa 110 Metern und seine Decke ist etwa 5 Meter breit.,Der Damm ist etwa 110 Meter lang und seine Spitze etwa 5 Meter breit.,1,1,0.03467146625180717,True
test_1010,Nach dem Umzug nach Salt Lake City in den 1920er Jahren und dann  nach Ogden in Utah siedelten sich Robertson und seine Familie 1937 in Mapleton in Utah an.,Nach dem Umzug nach Ogden Utah in den 1920er Jahren und dann nach Salt Lake City ließ sich Robertson mit seiner Familie 1937 in Mapleton Utah nieder.,0,0,-0.32249797930483404,True
test_1011,Xenophanes war ein philosophischer Dichter dessen Ansichten über die mystische Einheit mit Religion in Verbindung standen.,Xenophanes war ein philosophischer Dichter dessen Ansichten zur mystischen Einheit mit Religion in Zusammenhang standen.,1,1,0.02314292006241414,True
test_1012,"Der politische Status des Elsass wurde stark von historischen Entscheidungen, Kriegen und strategischer Politik beeinflusst.","Der historische Status des Elsass wurde stark von strategischen Entscheidungen, Kriegen und politischer Politik beeinflusst.",0,0,-0.14350163960798856,True
test_1013,"Es gibt sogar bis zu drei verschiedene beta-stabile Isobaren, die beispielsweise experimentell bekannt sind und alle beta-stabil sind.","Es sind selbst experimentell bis zu drei verschiedene beta-stabile Isobaren bekannt; zum Beispiel , , , und alle sind beta-stabil.",1,1,0.29679889356628786,True
test_1014,"Monroe Meadows, in Bridalveil Falls in der Nähe des Yosemite Valley, ist ebenfalls nach George Monroe benannt.",Auch Monroe Meadows in Yosemite Valley nahe Bridalveil Falls ist nach George Monroe benannt.,0,0,-1.0747680825671044,True
test_1015,"Das erste oder „beschränkte” System besteht aus roten Linien von (O III) und anderen ionisierten Elementen bei einer Rotverschiebung von z = 0,712.","Das erste oder „rote“ System besteht aus schmalen Linien von (O III) und weiteren ionisierten Elementen mit einer Rotverschiebung von z = 0,712.",0,0,-0.03592964045345959,True
test_1016,Lito spielte für den Fußballverein Zingone.,Zingone spielte für Lito's Fußballverein.,0,0,-0.052007018830886986,True
test_1017,"„Everything But You“ ist ein Lied von 1945, komponiert von Duke Ellington und Harry James, geschrieben mit Texten von Don George.","""Everything but you"" ist ein Song aus dem Jahre 1945, komponiert von Don George und geschrieben von Duke Ellington und Harry James.",0,0,-1.815583339245196,True
test_1018,Er wurde von John Velazquez trainiert und in seinem wichtigsten Rennen von Jockey Dale Romans geritten.,Er wurde von Dale Romans trainiert und in seinem wichtigsten Rennen von Jockey John Velazquez geritten.,0,0,-0.36331826500563313,True
test_1019,"Die Loyalisten wurden auf der Westseite des Catawba River gelagert, während die Armee von General Charles Cornwallis auf der Ostseite lagerte.",Die Loyalisten hatten ihr Lager auf der Westseite des Catawba River aufgeschlagen während die Armee von General Charles Cornwallis auf der Ostseite lagerte.,1,1,0.007523595236530234,True
test_1020,"Das dominante - Clearbody - Gen befindet sich auf einem der anderen Chromosomen, und es ist keine Verknüpfung dieses Gens mit einer autosomalen Mutation bekannt.",Das dominante Clearbody-Gen befindet sich auf einem der anderen Chromosomen. Es ist keine Verbindung dieses Gens zu autosomalen Mutationen bekannt.,1,1,0.1512385098926241,True
test_1021,In seinem ersten Spiel für die LSU schnappte er sich 32 Rebounds gegen die Tulane University.,In seinem allerersten Spiel für die LSU schnappte er sich 32 Rebounds gegen die Tulane University.,1,1,0.13366492524664364,True
test_1022,"1911 wurde das Rathaus wieder aufgebaut, 1945 teilweise zerstört und in den 1960er Jahren wiederhergestellt.","1911 wurde das Rathaus zerstört, 1945 teilweise restauriert und in den 1960er Jahren wieder aufgebaut.",0,1,0.20144939765384862,False
test_1023,Der Manga bietet ein Videospiel für die Sega Mega Drive mit dem gleichen Namen in Japan und Asien.,Der Manga hat ein Videospiel für den Sega Mega Drive in Asien und Japan mit dem gleichen Namen.,1,1,0.5840332235832891,True
test_1024,Patricia Dale ist seit 1984 mit Patricia Meyer verheiratet und hat zwei Söhne: Ryan (geb. 1988) und Blake (geb. 1992).,Blake ist seit 1984 mit Patricia Meyer verheiratet und hat zwei Söhne: Ryan (1988 geboren) und Dale (1992 geboren).,0,0,-0.24941762680132895,True
test_1025,NS,Der Vorrang der bitweisen logischen Operatoren wurde kritisiert. Konzeptionell sind & und arithmetische Operatoren wie und +.,0,0,-1.4460122000112725,True
test_1026,"In einer Episode von ""The Tonight Show Starring Johnny Carson"" aus 1985 erwähnt Johnny die Geschichte und erzählt seinem Kollegen Ed McMahon die Handlung.",In einer Folge aus dem Jahr 1985 von „The Tonight Show with Johnny Carson“ erwähnt Johnny die Geschichte und erzählt die Nebenhandlung Ed McMahon.,1,0,-0.7119556995301081,False
test_1027,Die Schäfte sind sehr kurz oder oft nicht vorhanden.,Es sind entweder wenig Landschaften vorhanden oder sie fehlen in den meisten Fällen.,1,0,-0.7810218185565005,False
test_1028,Als Neunzehnjährige zog sie nach New York und 2011 nach Stockholm.,"Mit 19 Jahren zog sie nach Stockholm, von wo aus sie im Jahr 2011 nach New York zog.",0,0,-0.8937925050415622,True
test_1029,Der Neajlovel ist ein Nebenfluss des Neajlov in Rumänien.,Der Fluss Neajlovel ist ein Nebenfluss des Flusses Neajlov in Rumänien.,1,0,-0.22672982854872004,False
test_1030,Sein Sohn Aloka Liyanage ist mit der Tochter des Schauspielers Saumya Liyanage und Indrachapa Liyanage und er ist der Vater von Jackson Anthony verheiratet.,Sein Sohn Aloka Liyanage ist mit der Tochter des Schauspielers Jackson Anthony verheiratet. Er ist auch der Vater von Saumya Liyanage und Indrachapa Liyanage.,0,0,-0.11310674723977232,True
test_1031,Beschrieben wurde die Art erstmals offiziell im Jahr 1846 durch den Botaniker Stephan Endlicher in Johann Georg Christian Lehmanns Werk „Irideae Plantae Preissianae”.,Die Spezie wurde erstmals 1846 von dem Botaniker Johann Georg Christian Lehmann im Rahmen von Stephan Endlicher Arbeit „Irideae Plantae Preissianae” beschrieben.,0,0,-0.7539527413377789,True
test_1032,Die nächstfolgende Fassung wurde im Jahr 1986 von Robert Fullers Bruder Ron produziert.,Die nächstfolgende Fassung wurde im Jahr 1986 von Rons Bruder Robert Fuller kreiert.,0,1,0.04261736790898518,False
test_1033,"Das Stück wurde 1631 unter seinem Untertitel „The School of Complement” in einem Quartformat veröffentlicht, das von Elizabeth Allde für den Buchhändler Francis Constable gedruckt wurde.",Das Stück wurde 1631 unter dem Untertitel „The School of Complement” in einem Quartformat gedruckt und von Elizabeth Allde für den Buchhändler Francis Constable veröffentlicht.,0,0,-1.0177333343448662,True
test_1034,"Somers war der Sohn von Richard Eliot, dem ersten Baron Somers und Charles Cocks, der Tochter von Elizabeth.","Somers war der Sohn von Charles Cocks, 1. Baron Somers, und von Elizabeth, der Tochter von Richard Eliot.",0,0,-0.7636343658426233,True
test_1035,"Die Slough High School war eine selektive Schule für Mädchen in Berkshire, heute Slough, in Buckinghamshire.","Slough High School war ein selektives Mädchen-Gymnasium in Berkshire, jetzt Slough, Buckinghamshire.",1,0,-0.7104916472877149,False
test_1036,Am 13. November 2016 ermordete David Machado Dennis Wallace im Fox Grove Park nahe der Stadt Hughson.,Am 13. November 2016 wurde David Machado im Fox Grove Park nahe bei der Stadt Hughson von Dennis Wallace ermordet.,0,0,-1.268103389747849,True
test_1037,"Abies lasiocarpa, allgemein als westliche nordamerikanische Tanne oder Rocky Mountain Tanne bezeichnet, ist eine subalpine Tanne.","Abies lasiocarpa, normalerweise Felsentanne oder Felsengebirgstanne genannt, ist eine Tanne aus Nordwestamerika.",0,0,-1.0534864050770465,True
test_1038,"Michael Liebel sen. war 14 Jahre alt, als seine Eltern von Erie nach Pennsylvania nach Deutschland kamen .","Michael Liebel sen. war 14 Jahre alt, als seine Eltern aus Deutschland nach Erie, Pennsylvania kamen.",0,0,-0.11743890581580718,True
test_1039,"Der Absturz von Aerosucre, Flugnummer 4544, war der erste Vorfall in der Luftfahrt, an dem Aerosucre beteiligt war. Bei dem zweiten ging es um einen Absturz einer anderen Boeing 727 am 18. November 2006.","Der Absturz des Aerosucre Flugs 4544 war das zweite Flugzeugunglück bei Aerosucre, das erste war der Absturz einer anderen Boeing 727 am 18. November 2006.",0,0,-0.5555520603600544,True
test_1040,"Achesons Mutter Alice war Malerin, und seine Großeltern mütterlicherseits waren Jane C. Stanley, eine Eisenbahnerin und Louis Stanley, ein Aquarellist.","Achesons Mutter Alice war Malerin und seine Großeltern mütterlicherseits waren Jane C. Stanley, eine Eisenbahnanwältin, und Louis Stanley, ein Aquarellmaler.",1,0,-0.6050606887348443,False
test_1041,"Das nächste Rathaus  im Barockstil  wurde 1627 beschädigt und 1650, 1653, 1735 und 1779 erbaut.","Das nächste Rathaus wurde 1627 im barocken Baustil errichtet und 1650, 1653, 1735 und 1779 beschädigt.",0,0,-0.8796135647633788,True
test_1042,"Slough High School war eine Mädchenschule mit Aufnahmebedingungen im ehemaligen Berkshire und jetzigen Slough, Buckinghamshire.","Die Slough High School war eine Mädchenschule in Slough, Buckinghamshire, jetzt Berkshire.",0,1,0.13821144242286032,False
test_1043,Dieses Lied wurde von der von Filippo Andrea Carmeni und Maurizio Molella komponierten Gala geschrieben und produziert.,Der Song wurde von Gala von Filippo Andrea Carmeni geschrieben und komponiert und von Maurizio Molella produziert.,0,0,-1.0784100764112865,True
test_1044,"Saragyugh (vormals romanisiert zu Saragyukh; auch Darakoy, Darakey und Daragyukh) ist ein Dorf in der armenischen Provinz Shirak.","Saragyugh (früher romanisiert als Saragyukh; auch Darakoy, Darakey und Daragyukh) ist ein Dorf in der Provinz Shirak in Armenien.",1,0,-0.21322454809186875,False
test_1045,Fusako Shigenobu ist die Mutter des japanischen Journalisten Mei Shigenobu.,"Fusako Shigenobu ist die Mutter des japanischen Nationalisten Mei Shigenobu, ein Journalist.",1,0,-0.5354306341588845,False
test_1046,"Er blieb bei ESPN um zwei weitere Filme für den Sender zu drehen, „Wendell Scott” und „Herschel”.","Er setzte seine Beziehung zu ESPN fort und inszenierte zwei weitere Filme für das Netzwerk, „Herschel“ und „Wendell Scott“.",1,0,-1.3614523263603826,False
test_1047,Iyer erschien als nächstes im Kannada-Film „Jaggu Dada“ mit dem Schauspieler Darshan.,Als nächstes erschien Iyer in Kannada - Film „Darshan” mit dem Schauspieler Jaggu Dada.,0,1,0.1398006221713246,False
test_1048,"Das Regiment verließ Philadelphia im Oktober 1777, um sich mit der Hauptstreitkraft von General George Washington außerhalb von Boston zusammenzuschließen.","Das Regiment verließ Philadelphia im Oktober 1777, um sich außerhalb von Boston mit der Hauptarmee von General George Washington zusammenzuschließen.",1,0,-0.802575190342295,False
test_1049,Er wurde in aufeinanderfolgenden Coups von Murtala Mohammed (1975) und Olusegun Obasanjo (1976) abgelöst.,Er wurde von Olusegun Obasanjo (1975) und Murtala Mohammed (1976) in aufeinander folgenden Staatsstreichen abgelöst.,0,1,0.16651282368233744,False
test_1050,"Zu den beliebtesten Zügen gehören : Simanta Express und Rupsha Express nach Dhaka, Titumir Express nach Dhaka, Nilsagar Express nach Rajshahi und Lalmoni Express nach Khulna .","Zu den beliebtesten Zügen gehören: der Simanta Express und Rupsha Express nach Dhaka, der Titumir Express nach Dhaka, der Nilsagar Express nach Rajshahi und der Lalmoni Express nach Khulna.",1,1,0.1877356408531683,True
test_1051,"1937 zog Huxley mit seiner Frau Maria, seinem Sohn Matthew Huxley und seinem Freund Gerald Heard nach Hollywood.","1937 zog Huxley mit seiner Frau Maria, seinem Sohn Matthew Huxley und seinem Freund Gerald Heard nach Hollywood.",1,0,-0.017010611770777007,False
test_1052,Die Art wurde erstmals 1846 vom Botaniker Stephan Endlicher im Rahmen von Johann Georg Christian Lehmanns Werk „Irideae. Plantae Preissianae“ formal beschrieben.,Die Art wurde erstmals 1846 vom Botaniker Johann Georg Christian Lehmann im Rahmen von Stephan Endlichers Werk Irideae Plantae Preissianae ''' beschrieben.,0,1,0.6963257509728354,False
test_1053,Regisseur Hayao Miyazaki und sein langjähriger Kollege Isao Takahata durften unter der Leitung des ehemaligen „Animage“ Redakteurs Toshio Suzuki ein eigenes Studio eröffnen.,"Es ermöglichte auch dem Regisseur Hayao Miyazaki und seinem langjährigen Kollegen Toshio Suzuki, ein eigenes Studio unter der Leitung des ehemaligen „Animage'' Redakteurs Isao Takahata zu eröffnen.",0,0,-1.0982202620178656,True
test_1054,Sein Sohn heiratete Mary O. Kennedy (aus Kalifornien) und starb 1883 in San Francisco.,Sein Sohn heiratete Mary O. Kennedy (aus Kalifornien) und er verstarb im Jahr 1883 in San Francisco.,1,1,0.1540603309028209,True
test_1055,"Die schwedische Eishockeymeisterschaft 1932 gewann die 11. Spielzeit der schwedischen Eishockeymeisterschaft, der Landesmeisterschaft von Schweden. Hammarby IF war die Meisterschaft.","Die schwedische Eishockey-Meisterschaft von 1932 gewann die elfte Saison der schwedischen Eishockey-Meisterschaft, der nationalen Meisterschaft Schwedens. Die schwedische National-Meisterschaft, Hammarby IF, war die Meisterschaft.",1,1,0.7787485417326275,True
test_1056,"2011 schrieb er auch die Biographie der Sängerin Madonna mit dem Titel „Mad for Madonna The Queen of Pop“, die vom Verleger Castelvecchi veröffentlicht wurde.","Im Jahr 2011 schrieb er auch die Biographie der Sängerin Madonna mit dem Titel ""Mad for Madonna . The queen of pop"", die Castelvecchi Publisher herausgab.",0,0,-0.09024488625633453,True
test_1057,"Das dimere Phenanthrenoid 8,8 '- bidehydrojuncusol und das monomere Juncusol und Dehydrojuncusol können aus ""J. acutus"" isoliert werden.","Das Dimer-Phenanthrenoid 8,8 '; - Bidehydrojuncusol und das monomere Juncusol und Dehydrojuncusol können aus ""J. acutus"" isoliert werden.",1,1,0.4205340102993854,True
test_1058,Im Dezember 1969 wurde die 49. Armeedivision zur 29. Armeedivision.,Im Dezember 1969 wurde die 29. Armee - Division 49. Armee - Division.,0,0,-0.33660086264696576,True
test_1059,"Er wurde in Hempstead, Norfolk geboren und starb bei Weston, Bath, Somerset.","Er wurde in Hempstead, Norfolk, geboren und starb in Weston, Bath, Somerset.",1,1,0.29860214788761186,True
test_1060,Die Pflanze kann einige medizinische Eigenschaften haben und wurde in der traditionellen Medizin in Südasien und der traditionellen chinesischen Medizin verwendet.,Die Pflanze könnte einige medizinische Eigenschaften haben und wurde in der traditionellen chinesischen Medizin und in der traditionellen Medizin in Südasien verwendet.,0,1,0.29446125231251685,False
test_1061,"Die Biographie wurde zuletzt in Großbritannien, und zuvor in den USA (St. Martin 2013), Ungarn (Swiat Ksiazki 2013), Polen und China veröffentlicht.","Die Biografie wurde jetzt in Großbritannien, den USA (St Martins 2013), Polen (Swiat Ksiazki 2013), Ungarn und China veröffentlicht.",0,0,-0.14559109881921883,True
test_1062,"Das ursprüngliche Team wurde von dem Schriftsteller Roy Thomas und dem Künstler Sal Buscema in ""The Avengers"" Nr. 71 (Dezember 1969) gegründet.","Das ursprüngliche Team wurde von dem Schriftsteller Sal Buscema und dem Künstler Roy Thomas in ""The Avengers"" Nr. 71 (Dezember 1969) zusammengestellt.",0,1,0.5433509621424953,False
test_1063,"Das Album enthält Remixes des Materials, das ursprünglich von Nurse With Wound gemischt und 2007 abgekoppelt veröffentlicht wurde.","Das Album enthält Remixe des Materials, das ursprünglich von Nurse With Wound veröffentlicht wurde und 2007 als Disconnected gemischt wurde.",0,1,0.2605289256084745,False
test_1064,Tindi ist eine nordostkaukasische Sprache die in der Russischen Republik Dagestan gesprochen wird.,"Tindi ist eine Sprache aus dem Nordosten Russlands, die in der kaukasischen Republik Dagestan gesprochen wird.",0,0,-0.7062223328031422,True
test_1065,Die Saison begann am 6. Januar 1984 in Falun (Schweden) und endete am 11. März 1984 in Lygna (Norwegen).,"Die Spielzeit begann am 6. Januar 1984 in Falun, Norwegen, und endete am 11. März 1984 in Lygna, Schweden.",0,1,0.01118806803829997,False
test_1066,Es war die erste Staffel die über zwei Jahre nach der Familienausgabe und über drei Jahre nach der dritten Prominenten-Ausgabe ausgestrahlt werden sollte.,"Es war die erste Staffel, die mehr als zwei Jahre nach der Familienausgabe und mehr als drei Jahre nach der dritten Promi-Ausgabe übertragen wurde.",1,0,-0.21936245934763987,False
test_1067,Sirohi ist eine Stadt in Südindien im westlichen Gebiet Rajasthan.,Sirohi ist eine Stadt im südlichen Rajasthan-Staat im Westen Indiens.,0,0,-0.6234208498443375,True
test_1068,"Der Petkeljärvi National Park ist ein Nationalpark in der Region Ilomantsi in Nordkarelien, Finnland.",Der Petkeljärvi-Nationalpark ist ein Nationalpark in Finnland in der Region Ilomantsi von Nordkarelien.,1,0,-0.7718920672703639,False
test_1069,"Ein Schwester-Event fand in Albert Park Lake in Melbourne in Australien, statt und wurde von Fox FM (Melbourne) gesponsert.","Ein Schwester-Event wurde am Albert Park Lake in Melbourne abgehalten und von Fox FM (Melbourne, Australien) gesponsert.",1,0,-0.6626355669170899,False
test_1070,J. Chlorfrei – Radikalchlor in der Atmosphäre reagiert auch mit Methan.,J. Chlor - Radikale - Freies Chlor in der Atmosphäre reagiert auch mit Methan.,0,0,-0.0014186346336245714,True
test_1071,"Wilfred Baddeley besiegte Joshua Pim mit  6:4, 1:6, 7:5 und 6:0.","Joshua Pim besiegte Wilfred Baddeley mit 6:4, 1:6, 7:5 und 6:0.",0,1,0.1303045415030054,False
test_1072,1920 und 1921 gewannen in Venedig die Italiener - 1920 trat keine andere Nation an und 1921 trat der französische Teilnehmer nicht an.,1920 und 1921 kamen in Venedig die Italiener hinzu - keine andere Nation gewann 1920 und 1921 traten die Franzosen gar nicht an.,0,0,-0.835027350018842,True
test_1073,Die Produktion der Tracks erfolgte durch Tommy Lee und durch Michael Beinhorn an den Drums.,Die Tracks wurden von Michael Beinhorn produziert mit Tommy Lee an den Drums.,0,0,-0.47869929929895405,True
test_1074,2016 bewertete „Forbes“ die California Maritime Academy als 516. beste Universität im Land und als 95. im Westen.,„Forbes” California Maritime Academy steht 2016 auf Platz 95 der besten Universitäten des Landes und auf Platz 516 im Westen.,0,0,-0.8505414774398128,True
test_1075,"Die Band publizierte ""Itunes Session -- EP"" am 23. August, die vier alternative Songs und eine akustische Fassung von ""Fold Your Hands Child"" enthielt.",Am 23. August veröffentlichte die Gruppe die „Itunes Session -- EP“ mit vier alternativen Songs und einer akustischen Version von „Fold Your Hands Child“.,1,0,-0.8066146932978465,False
test_1076,"Das Cover wurde vom heraldischen (wappenkundigen) Künstler Andrew Stewart Jamieson entworfen. Für die Single ""Steel Monkey"" ließ man das Cover von Art Director John Pasche entwerfen.",Das Coverr wurde vom Heraldikkünstler John Pasche entworfen und das Cover der Single „Steel Monkey“ wurde vom Art Director Andrew Stewart Jamieson entworfen.,0,1,0.5445981628980924,False
test_1077,"Aman beschließt, an Amans Klasse teilzunehmen und Jarnail verliebt sich schließlich in ihn.","Aman entschließt sich, Amans Klasse beizutreten, und Jarnail verliebt sich schließlich in ihn.",1,0,-0.5155065439625001,False
test_1078,"Der Charakter und die Besetzung wurden am 20. November enthüllt. als Fotiou in einem ""Behind the scenes-Video"", veröffentlicht von ""Nachbarn"" auf deren YouTube-Kanal, gesehen wurde.",Henry Wrixon war Ratspräsident und Frederick Brown Vorsitzender des Ausschusses.,1,0,-1.8776595776391782,False
test_1079,"Verheiratet ist Mercedes Martinez, die Kubanerin-Mexikanerin ist und mit der er einen Sohn hat, Sebastian Weitz und eine Tochter, Athena Weitz.","Verheiratet ist Sebastian Weitz, der kubanisch-mexikanisch ist und mit dem er einen Sohn, Mercedes Martinez und eine Tochter, Athena Weitz, hat.",0,0,-0.6343029840488893,True
test_1080,"Liu Xuan hatte zwei Söhne: Liu Yin und Liu Ji. Der Sohn von Liu Cheng war Liu Yong, der Enkel von Liu Li war Liu Yin.",Liu Li hatte zwei Söhne: Liu Yin und Liu Ji. Liu Cheng war der Sohn von Liu Yin und der Enkel von Liu Yong war Liu Xuan.,0,0,-0.32947468619705955,True
test_1081,"Dagegen kann ein Gewinn „brutto"" transferiert oder durch seinen Eigentümer anderweitig zugewiesen werden.",Im Gegensatz dazu kann ein Gewinn „brutto” von seinem Eigentümer abgeführt oder anderweitig zugewiesen werden.,1,0,-0.9490358266101646,False
test_1082,"Im November 1989 wurde Delaney Mitglied des New York Stock Exchange und war als Geschäftsführer von Henderson Brothers, Inc. und Bear Wagner tätig.","Im November 1989 war Delaney Mitglied der New Yorker Börse und wurde Senior Managing Director bei Henderson Brothers, Inc. und bei Bear Wagner.",0,0,-1.5897451263941806,True
test_1083,"Die Porte de Vincennes befindet sich dort, wo die Nordostecke des 12. Arrondissements auf die Südostecke des 20. Arrondissements von Paris trifft.","Die Porte de Vincennes befindet sich dort, wo die nordöstliche Ecke des 12. Arrondissements auf die südöstliche Ecke des 20. Arrondissements von Paris trifft.",1,0,-0.3435700509744023,False
test_1084,Gabrielle gestand ihre Liebe zu Chris und die beiden begannen eine Affäre.,Gabrielle gestand ihre Liebe zu Chris und die beiden begannen eine Affäre.,1,1,0.4398456560365075,True
test_1085,Nur 10 Tage später wurde er mit Aaron Heilman für Ronny Cedeño an die Seattle Mariners verkauft.,Nur 10 Tage später wechselte er zusammen mit Aaron Heilman im Tausch gegen Ronny Cedeño zu den Seattle Mariners.,1,0,-0.1814082482670415,False
test_1086,"Man kann seine bemerkenswerten Skulpturen an öffentlichen Plätzen in Wanaka betrachten, von Neuseeland bis nach Kaitaia und an vielen Orten dazwischen.","Seine großen Skulpturen sind an öffentlichen Plätzen in Wanaka, von Neuseeland nach Kaitaia und an vielen anderen Orten dazwischen ersichtlich.",1,1,0.0857038857812954,True
test_1087,"Es ist kürzer und deutlich leichter in der Länge, ein nötiger Designparameter angesichts seiner Position in Kompaktwägen.","Es ist kürzer und in der Länge viel leichter - ein notwendiger Konstruktionsparameter, wenn man seinen Einsatz in Kleinwagen erwägt.",1,0,-0.9590338729827538,False
test_1088,Der Boia Mică ist ein Nebenfluss des Valea Sterminoasă in Rumänien.,Der Boia Mică ist ein Nebenfluss des Valea Sterminoasă in Rumänien.,1,1,0.3277293845867836,True
test_1089,"Battlepug ist ein von Mike Norton geschriebenes und illustriertes Webcomic, koloriert von Allen Passalaqua und durch Chris Crank beschriftet.","Battlepug ist ein Webcomic von Mike Norton, geschrieben von Allen Passalaqua, geschrieben und illustriert von Chris Crank.",0,1,0.11866490612991565,False
test_1090,1914 gründete Mr. Todoroff das Restaurant Coney Island und kreierte das Rezept für seine Jackson Coney Island Chili-Sauce.,1914 gründete Todoroff das Restaurant Jackson Coney Island und kreierte sein Coney Island Chili Saucen-Rezept.,0,0,-0.3112068137613472,True
test_1091,"Er half auch dabei, Meditationszentren überall in Europa, Nord-, Zentral- und Südamerika zu etablieren.","Er half auch beim Aufbau von Meditationszentren in ganz Europa sowie in Nord-, Mittel- und Südamerika.",1,0,-0.77672206474273,False
test_1092,"Joe R. Campa Jr. ist ein ehemaliger Marinesoldat der Vereinigten Staaten, der als 11. Oberstabsbootsmann der U.S. Navy diente.","Joe R. Campa Jr. ist ein ehemaliger Matrose der US Navy, der als 11. Master Chief Petty Officer der United States Navy diente.",1,0,-0.9876441022360128,False
test_1093,Es ist in der östlichen Hälfte der Grafschaften Norfolk und Suffolk sowie in Essex und Hertfordshire vertreten.,Es tritt in der östlichen Hälfte der Countys Norfolk und Suffolk auf und kommt auch in Essex und Hertfordshire vor.,0,0,-0.5204365962442629,True
test_1094,"Die Limousine wurde am 5. Juli 2003 in Europa und im Oktober 2003 in Nordamerika auf den Markt gebracht, und der Wagen wurde Ende 2004 eingeführt.",Die Limousine kam in Europa am 5. Juli 2003 und in Nordamerika im Oktober 2003 auf den Markt. Ende 2004 wurde der Kombi herausgebracht.,1,0,-0.9714425213985974,False
test_1095,Smartass ist ein Film von Jena Serbu und Joey King.,"Smartass ist ein Film von Joey King, in dem Jena Serbu eine Rolle spielt.",0,0,-0.49980693267396215,True
test_1096,"Die Somatherapie (oder Soma) wurde in den 1970er-Jahren von Freire als Gruppentherapie entwickelt, die auf der Forschung des Psychoanalytikers Wilhelm Reich basiert.","Die Somatherapie (oder Soma) wurde von Wilhelm Reich in den 1970er-Jahren als eine Gruppentherapie entwickelt, basierend auf der Forschung des Psychoanalytikers Freire.",0,0,-1.2014292806471487,True
test_1097,"Das nächste Rathaus wurde 1627 in einem barocken Architekturstil gebaut und 1650, 1653, 1735 und 1779 beschädigt.","Das nächste Rathaus wurde 1627 im Barockstil beschädigt und 1650, 1653, 1735 und 1779 gebaut.",0,0,-0.5924900491015862,True
test_1098,Die Single wurde am 31. Oktober 2015 veröffentlicht und am 13. November 2015 angekündigt.,Die Single wurde am 31. Oktober 2015 veröffentlicht und am 13. November 2015 angekündigt.,1,0,-0.2687904323865019,False
test_1099,"Seine zukünftige Arbeit in der Landwirtschaft befand sich hauptsächlich in Norfolk, aber er beantragte auch Dämme in Lincolshire, die erfolgreich verwirklicht wurden.","Seine späteren Arbeiten in der Landwirtschaft fanden hauptsächlich in Norfolk statt, aber er beantragte auch beträchtliche Dämme in Lincolnshire, die erfolgreich verwirklicht wurden.",1,0,-0.33064557931941163,False
test_1100,Das trockenste Jahr war 1983 und das nasseste Jahr war 1976.,1983 war das regenärmste und 1976 das regenreichste Jahr.,1,0,-0.11655108698454131,False
test_1101,In der brasilianischen Musik wird das Dorische aus dem Mixolydischen durch Herabsetzen des letzteren gebildet und hat daher eine kleine Terz.,"In der brasilianischen Musik wird der Dorian-Modus aus dem Mixolydian-Modus gebildet, indem die dritte Note abgesenkt wird und somit eine Moll-Version des ersteren ist.",0,0,-1.0168402888076615,True
test_1102,"Sie erschien im Juli 2016 als Joseph Conrad in „The Secret Agent“, basierend auf dem gleichen Roman von Winnie Verloc.","Im Juli 2016 erschien sie als Joseph Conrad in ""The Secret Agent"", der auf dem gleichnamigen Roman von Winnie Verloc beruht.",1,0,-1.0113900622837404,False
test_1103,"Wright zog von New York nach Chapel Hill, North Carolina.","Wright zog von Chapel Hill, NC, nach New York City.",0,0,-0.26633546307515177,True
test_1104,Das erste Zusammentreffen mit den Kolonialherren veränderte die traditionelle Gesellschaft maßgeblich.,Die traditionellen Begegnungen mit den Kolonialherren änderten die ersten Gesellschaften drastisch.,0,0,-1.350244925463472,True
test_1105,Das Tor (das Aquädukt-Tor) wurde während der Herrschaft von Az-Zahir Ghazi geplant und von seinem Sohn Mohammed as Bab al-Qanat gebaut.,"Das Tor wurde während der Regierungszeit von Az-Zahir Ghazi erbaut und von seinem Sohn Mohammed als das ""Bab al-Qanat"" (das Aquädukt-Tor) geplant.",0,0,-0.6427389285849886,True
test_1106,Die Eltern von Heyer sind William J. und Merlyn M. Heyer. Sie besuchte  die California Lutheran Universität und anschließend das Moorpark College.,Heyer's Eltern sind William J. und Merlyn M. Heyer . Sie besuchte das Moorpark College und dann die California Lutheran University.,0,0,-1.8223286842355142,True
test_1107,"Ein Peri, dessen Kraft in ihrem Haar ist, erscheint in Elizabeth Ann Scarboroughs Roman „The Harem of Aman Akbar“ von 1984.",Eine Peri deren Macht sich in ihrem Haar zeigt kommt in Elizabeth Ann Scarborough’s Roman aus dem Jahr 1984 „The Harem of Aman Akbar” vor.,0,0,-0.6556780959053276,True
test_1108,Es war die dritte ausgestrahlte Staffel über zwei Jahre nach der Familienedition und über drei Jahre nach der ersten Promiedition.,"Es war die erste Saison der Sendung, die mehr als zwei Jahre nach der Familien-Folge und mehr als drei Jahre nach der dritten Prominenten-Folge ausgestrahlt wurde.",0,0,-0.361592136074127,True
test_1109,"Frank James trat einer lokalen Firma bei, die für die Sezessionisten Drew Lobbs Army rekrutiert wurde, und kämpfte im August 1861 in der Schlacht von Wilson's Creek.","Frank James trat einer lokalen Sozietät bei, die für die Sezessionistin Drew Lobbs Army rekrutiert wurde, und kämpfte im August 1861 in der Schlacht von Wilson's Creek.",1,0,-0.04291954976706058,False
test_1110,Das Divine Word College of Urdaneta eröffnete seine Prä-Elementarabteilung im Jahr 2003 und seine Elementarabteilung im Jahr 2005.,Das Divine World College von Urdaneta öffnete seine vorbereitende Abteilung im Jahr 2003 und seine Hauptabteilung 2005.,1,0,-0.895958543694091,False
test_1111,"Junius wurde 1907 in Driggs, Idaho, geboren als Sohn von Don Carlos Driggs, der die Stadt gegründet hatte, und May Jerusha Robison.","Junius wurde 1907 in Driggs, Idaho, geboren und zeugte Don Carlos Driggs, der die Stadt gründete, und May Jerusha Robison.",1,0,-0.6968096737388699,False
test_1112,"Der Audi V8 trat während seiner DTM-Präsenz gegen deutlich kleinere und leichtere Mercedes 190, BMW M3 und etwas kleinere Opel Omega 3000 an.","Der Audi V8 trat während seiner Teilnahme an der DTM gegen die viel kleineren und kleineren Mercedes 190, BMW M3 und den etwas leichteren Opel Omega 3000 an.",0,0,-0.9282651953411599,True
test_1113,"Der Film zeigt Oscar Nunez, Rob Huebel, Timothée Chalamet, Lily Rabe, Anthony Quintal und Lili Reinhart.","Der Film zeigt Lily Rabe, Timothée Chalamet, Lili Reinhart, Anthony Quintal, Oscar Nunez und Rob Huebel.",1,0,-0.9228193996875088,False
test_1114,Der Damm ist rund 110 Meter lang und oben rund 5 Meter breit.,Der Damm hat eine Länge von etwa 110 Metern und sein höchster Punkt ist ungefähr 5 Meter breit.,1,0,-0.17335898904092295,False
test_1115,"Das Unternehmen wurde 2007 von David Tisch, dem Enkel des Unternehmers Laurence A. Tisch, und Adam Rothenberg gegründet.","Das Unternehmen wurde 2007 von Laurence A. Tisch und Adam Rothenberg, dem Enkel des Unternehmers David Tisch, gegründet.",0,0,-0.8757107602448034,True
test_1116,"Pennmakkal ist ein indischer Malayalam-Film aus dem Jahr 1966, der von J. Sasikumar produziert und von KP Kottarakkara inszeniert wurde.","Pennmakkal ist ein indisch-malayalischer Film aus dem Jahr 1966, bei dem J. Sasikumar Regie geführt hat und der von K. P. Kottarakkara produziert wurde.",0,0,-0.45566812583120186,True
test_1117,"Nachdem Mitchell ins Hauptlager zurückgekehrt war, teilte Finch die tragischen Nachrichten mit.","Nachdem Finch ins Hauptlager zurückgekehrt war, kam Mitchell mit tragischen Nachrichten an.",0,1,0.4144574941589464,False
test_1118,Lieutenant John Gedge beorderte sie im Mai 1805 in die Nordsee. Lieutenant Robert Ramsey löste ihn 1806 ab.,"Leutnant John Gedge nahm sie im Mai 1805 in der Nordsee in Betrieb, und Leutnant Robert Ramsey ersetzte ihn 1806.",1,0,-0.18311354018298098,False
test_1119,Es wurde in den 1240er Jahren zunächst aufgelöst und während der Reformation 1524 attestiert.,Sie wurde erstmals in den 1240er Jahren bestätigt und 1524 während der Reformation aufgelöst.,0,0,-0.9194099356855808,True
test_1120,Madiun liegt an der Hauptstraße nach Yogyakarta und Jakarta.,Yogyakarta und Jakarta liegen auf der Hauptstraße nach Madiun.,0,1,0.41151779900901764,False
test_1121,"Lloyd erweiterte sein Unternehmen um den Verkauf von Spielzeug und Geschenkartikeln und als das Geschenkartikelgeschäft zunahm gründete und leitete er das House of Lloyd, mit Sitz in Grandview, Missouri.","Lloyd gründete und führte sein Geschäft um mit dem Verkauf von Spielzeug und Geschenkartikeln zu beginnen, und als das Geschenkartikelgeschäft florierte erweiterte er das House of Lloyd, mit Sitz in Grandview, Missouri.",0,0,-0.7525144838023449,True
test_1122,"Die meisten Veröffentlichungen des Albums außerhalb Nordamerikas hatten denselben Audioinhalt, wurden aber mit anderen Trackmarkern herausgebracht je nachdem bei welchem Label die CD platziert wurde.","Die meisten Veröffentlichungen des Albums außerhalb von Nordamerika hatten denselben Audioinhalt, die Liedermarkierungen waren jedoch je nach Label, das die CD veröffentlichte unterschiedlich platziert.",0,0,-0.3852635937326818,True
test_1123,Am 5. März 2011 veröffentlichte MTV Hive einen Streaming-Link zu Rihanna mit Anni Rossi „Rude Boy“.,"Am 5. März 2011 veröffentlichte MTV Hive einen Streaming-Link zu Rihanna, die „Rude Boy” von Anni Rossi performte.",1,0,-0.16605200449584745,False
test_1124,"Wenn Dorfbewohner ein Poon-choi-Bankett nicht akzeptieren, bedeutet dies beispielsweise, dass ein Dorf eine bestimmte Heirat nicht billigt oder abhält.","Wenn die Dorfbewohner kein Poon Choi-Fest abhalten, bedeutet dies beispielsweise, dass ein Dorf einer bestimmten Hochzeit nicht zustimmt bzw. diese nicht akzeptiert.",0,0,-1.350200726032511,True
test_1125,"Sparrow war ein rechtshändiger Spieler und spielte 4 Innings in 2 erstklassigen Matches mit einem Durchschnitt von 18,75 und einer Top-Rate von 64.","Sparrow war ein rechts-erster Schläger und spielte 4 Innings in Spielen der 2-Hand-Klasse mit einem Durchschnitt von 18,75 und einer Bestnote von 64.",0,0,-0.45896100448815413,True
test_1126,"In Guyana wohnen etwa 90.000 Katholiken - ungefähr 12% der Gesamtbevölkerung, der niedrigste Anteil aller Nationen Südamerikas.","Es gibt rund 90.000 Katholiken in Guyana-rund 12 % der Gesamtbevölkerung, der kleinste Anteil aller südamerikanischen Staaten.",1,0,-1.029776096418085,False
test_1127,Die rassische Rubber Bowl wurde von der Nationalgarde der Vereinigten Staaten als Basis für die historischen Unruhen der Wooster Avenue von 1968 verwendet.,Das rassistische Rubber Bowl Stadion wurde während der historischen Wooster Avenue Riots von 1968 von der Nationalgarde der Vereinigten Staaten als Base genutzt.,1,0,-0.9147785468335378,False
test_1128,Am 29. November 1171 unterzeichnete Gonzalo erstmals ein Zertifikat als Gonzalo Ruiz de Bureba.,Am 29. November 1171 unterschrieb Gonzalo Ruiz de Bureba zum ersten Mal eine Urkunde als Gonzalo.,0,0,-1.9362447984260411,True
test_1129,Er zog 2009 zurück nach New York City und lebt heute in Philadelphia.,2009 zog er wieder nach New York und lebt heute in Philadelphia.,1,0,-0.2944831455444801,False
test_1130,"Sehr wenige, möglicherweise 20 der 75, wurden produziert, bevor der Track annulliert wurde.","Es wurden nur sehr wenige hergestellt, möglicherweise 20 der 75s, bevor das Modell eingestellt wurde.",1,0,-0.35789875749744204,False
test_1131,"Ihr Sohn John war der Vater von Samuel Provoost (1742-1815), dem ersten protestantischen Bischof von New York.","Ihr Sohn John war der Vater von Samuel Provoost (1742 bis 1815), dem ersten evangelischen Bischof von New York.",1,0,-0.5984075296437322,False
test_1132,"Er erfährt, dass sein Körper die Shinra Banshou trägt, eine Schriftrolle, die die mächtigste geheime Kunst in der Ninja-Welt von Nabari enthält.","Er erlebt, dass sein Körper Träger des Shinrabanshō ist, einer Rolle, die die mächtigste geheime Kunst in der Ninja-Welt von Nabari hervorbringt.",1,0,-0.3765053656804902,False
test_1133,Mei Shigenobu ist Mutter des japanischen Staatsbürgers und Journalisten Fusako Shigenobu.,"Fusako Shigenobu ist die Mutter der japanischen Staatsbürgerin und Journalistin, Mei Shigenobu.",0,0,-1.5692995631813749,True
test_1134,"Roger Mortimers erste Frau war Joan Mortimer, die Tochter von James, 2. Baron Audley.","Die erste Ehefrau von Baron Audley war Joan Mortimer, Tochter von Roger Mortimer.",0,0,-0.6628662948600169,True
test_1135,"Bala befindet sich auf einer hohen und schneebedeckten Ebene. Die Sommer sind heiß, die Winter sind kalt.","Bala steht auf einer hohen und schneebedeckten Ebene, die Sommer sind heiß und die Winter kalt.",1,0,-0.5009825971807068,False
test_1136,"Er setzte seine Beziehung zu ESPN fort und drehte zwei weitere Filme für das Netzwerk, „Wendell Scott” und „Herschel”.","Er setzte seine Beziehung zu ESPN fort, um zwei weitere Filme für das Netzwerk zu leiten, „Herschel“ und „Wendell Scott“.",1,0,-0.980854521591476,False
test_1137,"Er wurde 1544 Henry Audeley und John Cordall zugesprochen, die ihn sofort John Sone überreichten.","Es wurde 1544 John Sone gewährt, der es sofort an Henry Audeley und John Cordall weitergab.",0,0,-0.49315150920630724,True
test_1138,Der Film wurde von A. Sreekar Prasad gedreht und von Rajiv Menon geschnitten.,Der Film wurde von Rajiv Menon aufgenommen und von A. Sreekar Prasad editiert.,0,0,-0.19812011996852208,True
test_1139,"Es ist grenzt im Osten an Sheshequin Township, an Rom Township im Osten und Süden, an Athens Township im Süden und an Windham Township im Westen.","Es grenzt im Osten an Windham Township, im Osten und Süden an Rome Township, im Süden an Sheshequin Township und im Westen an Athens Township.",0,1,0.3218035091587427,False
test_1140,"Sergei Prokofiev schrieb eine ""Fantasia on Scheherazade"" für Piano, die er auf einer Klavierrolle aufnahm.","Sergei Prokofiev schrieb „Fantasia on Scheherazade” für Klavier, was er am Klavier einspielte.",0,0,-0.7258818211752607,True
test_1141,"Chefredakteur ist Herbert Wessels (seit 2009), der zweite Redakteur ist Markus Ermert (seit 2002).",Der zweite Herausgeber ist Herbert Wessels (seit 2009) und der Chefredakteur ist Markus Ermert (seit 2002).,0,0,-0.5656136328957361,True
test_1142,Der Fluss Arieşul Mare ist ein Nebenfluss des Flusses Vâlcea in Rumänien.,Der Vălcea River ist ein Nebenfluss des Flusses Arieşul Mare in Rumänien.,0,0,-0.2860812117311823,True
test_1143,Für eine fest messbare Funktionsformel _ 18 ist Formel _ 19 eine Zufallsvariable mit der Mittelwertformel _ 20 und der Varianzformel _ 21.,"Für eine fixierte, meßbare Funktionsformel 18 ist Formel 19 eine Zufallsvariable mit der mittleren Formel 20 und der Varianzformel 21.",1,0,-0.1609363041438444,False
test_1144,"Das Team reagierte auf die Veränderungen in demselben Spiel, welches am darauffolgenden Februarabend stattfinden sollte.",Die Mannschaft reagierte auf die Änderungen im nächsten Spiel am selben Abend des 19. Februars.,0,0,-0.42685002658229115,True
test_1145,Der Song wurde von Gala geschrieben und komponiert und von Filippo Andrea Carmeni und Maurizio Molella produziert.,Der Song wurde geschrieben und komponiert von Gala und produziert von Filippo Andrea Carmeni und Maurizio Molella.,1,1,0.2152865286791611,True
test_1146,Im Kriminalroman von Georgette Heyer „Detection Unlimited” wird eine Romanfigur mit Armstrong verglichen.,"In „Detection Unlimited”, einem Kriminalroman des Autors Georgette Heyer, wird eine Romanfigur mit Armstrong verglichen.",1,0,-0.2916299750204284,False
test_1147,Für die Windows-Plattform bietet Dyalog APL die enge Integration mit .NET sowie die eingeschränkte Integration mit der Entwicklungsplattform Microsoft Visual Studio.,Eine nahe Integration mit .NET bietet Dyalog APL für die Windows-Plattform und eine begrenzte Integration mit der Entwicklungsplattform Microsoft Visual Studio.,1,1,0.0825343992569052,True
test_1148,"Michael Michael Liebel Senior war 14 Jahre alt, als seine Eltern aus Deutschland nach Erie, Pennsylvania kamen.","Michael Michael Liebel sen. war 14 Jahre alt, als seine Eltern aus Erie nach Pennsylvania in Deutschland kamen.",0,0,-0.15484414434986726,True
test_1149,Taylor blieb bis zu seinem Tod als Scout für die Atlanta Braves und die Milwaukee und Chicago White Sox im Baseball aktiv.,Taylor blieb bis zu seinem Tod als Scout für die Atlanta Braves und die Milwaukee und Chicago White Sox im Baseball aktiv.,1,1,0.24485216906957474,True
test_1150,"Es liegt östlich von Nanuet, südlich von Chestnut Ridge, westlich von Blauvelt (New York) und nördlich von Montvale und Old Tappan (New Jersey).","Es ist östlich von Chestnut Ridge, südlich von Nanuet, westlich von Blauvelt, New York, und nördlich von Montvale und Old Tappan, New Jersey gelegen.",0,0,-0.43429614328985744,True
test_1151,"Auch in der Admiralität war er erfolgreich, allerdings verließ ihn sein Glück, nachdem er im Februar 1748 Minister des Southern Department wurde.","Er war in der Admiralität sehr erfolgreich, hatte aber nicht genauso viel Glück, nachdem er im Februar 1748 Staatssekretär des Südministeriums geworden war.",0,0,-1.1335972609432696,True
test_1152,"Vermont South grenzt nördlich an Mitcham, im Westen an Nunawading und Forest Hill, im Süden an Vermont und im Osten an Wantirna und Ringwood.","Vermont wird im Norden von Mitcham, im Westen von Nunawading und Forest Hill, im Süden von Vermont und im Osten von Wantirna und Ringwood begrenzt.",0,0,-1.1464927430129457,True
test_1153,"In der aktuellen Abfolge, trifft Superman jedoch in „Last Son“ erstmals auf den echten Zod.","In der aktuellen Kontinuität trifft Superman in „Last Son"" zum ersten Mal den wahren Zod.",1,0,-1.039366728711312,False
test_1154,"Er zog 1876 nach Dallas, Texas, und 1887 nach San Diego, Kalifornien.","Im Jahr 1876 zog er nach Dallas, Texas und 1887 nach San Diego, Kalifornien.",1,0,-0.07357438208691658,False
test_1155,"33,7 % wurden in Maryland geboren, das vom Census Bureau zusammen mit den Nachbarstaaten Virginia und Washington D. C. als Teil der südlichen Vereinigten Staaten kategorisiert wird.","33,7% wurden in Maryland geboren, das zusammen mit den Nachbarstaaten Virginia und Washington D.C. vom Census Bureau als Teil der südlichen Vereinigten Staaten kategorisiert wird.",1,1,0.6918153408255566,True
test_1156,Der Fluss Cugir ist ein Nebenfluss des Ghiaag in Rumänien.,Der Cugir ist ein Nebenfluss des Ghișag in Rumänien.,1,0,-0.19800501314812557,False
test_1157,"Er wurde Chiyonofuji, dann ein „Makuuchi“ Ringer, zum großen „Yokozuna“, den er aufzog.","Er wurde Chiyonofuji, dann ein ""Makuuchi"" Ringer und stieg schließlich auf zu dem großartigen ""Yokozuna"".",1,0,-0.8818244729293866,False
test_1158,"In dem Roman von Elizabeth Ann Scarborough, ""The Harem of Aman Akbar"" aus 1984, erscheint eine Peri, deren Kraft in ihrem Haar liegt.","Ein Peri, dessen Kraft in ihrem Haar erscheint, ist in Elizabeth Ann Scarboroughs Roman von 1984, „The Harem of Aman Akbar''.",0,0,-0.3475226775251655,True
test_1159,284 v. Chr. trafen sich König Qi und König Zhao von Qin im westlichen Zhou um ein Bündnis gegen Xi zu schließen.,"Im Jahr 284 v. Chr. traf sich König Xi mit König Zhao von Qin in West - Zhou, um ein Bündnis gegen Qi zu bilden.",0,1,0.10576252998318436,False
test_1160,"Diese Tatsache scheint Teil des ""Plans"" des Zylons zu sein, das die Hybridkolonien mit einer neuen Generation von Menschen neu bevölkern will.","Diese Tatsache scheint Teil des „Plans” der Zylonen zu sein, die die menschlichen Kolonien mit einer neuen Generation von Hybridwesen neu bevölkern wollen.",0,0,-0.9529863980384655,True
test_1161,Die Blüten sind gelb mit braunen Punkten.,Die Blumen sind braun mit gelben Flecken.,0,0,-0.5688229230418479,True
test_1162,"Tim Henman gewann das Finale 6:7, 6:4, 7:6 gegen Pete Sampras.","Pete Sampras gewann im Finale 6 zu 7, 6 zu 4 und 7 zu 6 gegen Tim Henman.",0,0,-0.13443329505837642,True
test_1163,"In diesem Film handelt es sich um Rafael, einen Malayalam-Sänger der neuen Filmindustrie.","Der Film handelt von Rafael, einem noch unbekannten Sänger in der malayalischen Filmindustrie.",0,0,-0.9488467506885486,True
test_1164,Martins Pena wurde als Kind von João Martins Pena und Francisca de Paula Julieta Pena in Rio de Janeiro geboren.,João Martins Pena und Francisca de Paula Julieta Pena wurden Pena Martins in Rio de Janeiro geboren.,0,0,-0.09787857854360305,True
test_1165,NS,"Der vierte wurde durch den Rücktritt von Thomas Kittera irgendwann nach Mai 1826 verursacht, der von Joseph Hemphill ausgefüllt wurde.",0,0,-1.1252817094187617,True
test_1166,Die Meiji Yasuda J3 League 2016 ist die 20. Saison der dritten Spielklasse im japanischen Fußball und die dritte Saison der professionellen J3 League.,Die Meiji Yasuda J3 League 2016 ist die 20. Spielzeit der 3. Liga im Profifußball und die dritte Spielzeit der Japanes J3 League.,0,0,-0.5463929968890499,True
test_1167,Die äußere quadratische Maueröffnung des Navaranga ist größer als die mittlere Acht darum herum.,Die zentrale Bucht von Navaranga ist ein größerer Bereich als die umliegenden Acht.,0,0,-1.45942578090767,True
test_1168,Zingone spielte für den Fußballverein Lito.,Zingone spielte Vereinsfussball für Lito.,1,0,-0.6916713302432309,False
test_1169,Das Wetter ist im Sommer warm und regnerisch und im Winter kühl.,Das Wetter ist warm und regnerisch im Sommer und kühl im Winter.,1,1,0.4146194636305319,True
test_1170,"Ein A Khap ist ein Clan oder eine Gruppe verwandter Clans, hauptsächlich der Jats des östlichen Uttar Pradesh und des westlichen Haryana.","Ein Khap ist ein Clan oder eine Gruppe verwandter Clans, hauptsächlich unter den westlichen Uttar Pradesh und östlichen Haryana-Jats.",0,0,-0.5918064755705207,True
test_1171,"Anderson wurde 1943 in Redondo Beach, Kalifornien, geboren und kommt aus Oakland, Kalifornien.","Anderson wurde im Jahr 1943 in Redondo Beach, Kalifornien, geboren und stammt aus Oakland, Kalifornien.",1,0,-0.13074225375845505,False
test_1172,1783 wurde sein Vater in den Ereignissen um den Gerichtsfall Charles Bourne und Sir James Wallace erwähnt.,1783 wird sein Vater in den Geschehnissen rund um den Prozess um Charles Bourne und Sir James Wallace erwähnt.,1,1,0.1858801602397554,True
test_1173,Er spielte 1993 bei dem A-Team der Kane County Cougars und dem AA-Team der Portland Sea Dogs.,Er spielte 1993 mit den A - Level Portland Sea Dogs und den AA Kane County Cougars.,0,1,0.20062027620892608,False
test_1174,Der Fluss Vălcea ist ein Nebenfluss des Flusses Arieşul Mare in Rumänien.,Der Fluss Vâlcea ist ein Nebenfluss des Flusses Arieşul Mare in Rumänien.,1,0,-0.0652125941720555,False
test_1175,"Die Familie zog 1972 nach Camp Hill, wo er die Trinity High School in Harrisburg, Pennsylvania, besuchte.","Die Familie zog 1972 nach Harisburg, Pennsylvania, wo er auf die Trinity High School in Camp Hill ging.",0,0,-0.44770472778017345,True
test_1176,"""Gravity Wall"" wurde als erstes Eröffnungsthema für die Anime-Fernsehserie verwendet, während ""sh0ut"" als zweites Leitmotiv für die Eröffnung diente.","„gravityWall“ wurde als erste Titelmusik für die Anime-TV-Serie "" verwendet, während „sh0out“ als zweite Titelmusik verwendet wurde.",1,0,-0.8713770104495056,False
test_1177,1963 trat Roy der Kommunistischen Partei Indiens bei und leitete Gewerkschaftsbewegungen in Bansdroni in Kalkutta.,Roy trat 1963 der Kommunistischen Partei Indiens bei und leitete Gewerkschaftsbewegungen im Kolkata-Gebiet von Bansdroni.,0,0,-0.40140636994015766,True
test_1178,"Als Edward I. am 7. Juli 1307 seinem Vater, Edward II. folgte, war die Haltung seiner Untertanen im Allgemeinen eine von guten Absichten geprägte im Hinblick auf ihren neuen König.","Als Edward I. am 7. Juli 1307 die Nachfolge seines Vaters Edward II. antrat, war die Haltung seiner Untertanen im Allgemeinen eine gute Einstellung gegenüber ihrem neuen König.",1,0,-1.2361724572480144,False
test_1179,"Der Film erhielt negative Kritiken, aber nach seiner Veröffentlichung auf VHS und DVD wurde er zu einem Kultfilm mit guten Kommentaren auf Amazon und IMDB.","Der Film erhielt negative Kritiken, aber nach Veröffentlichung auf VHS und DVD wurde er zu einem Kultfilm mit guten Kommentaren auf Amazon und IMDB.",1,0,-0.34040446198475116,False
test_1180,"Dave Tomar ist ein Pseudonym des Rutgers-Absolventen Ed Dante, der derzeit freischaffender Autor in Philadelphia ist.","Ed Dante ist das Pseudonym von Dave Tomar, einem Absolventen von Rutgers, der jetzt als freier Schriftsteller in Philadelphia lebt.",0,0,-1.1302088049344876,True
test_1181,"Madonna, Prince und Michael Jackson waren jedoch Einflüsse auf dem Album.","Dennoch beeinflussten Madonna, Prince und Michal Jackson das Album.",1,0,-0.09545176715529136,False
test_1182,"Er wurde am 21. Dezember 1965 in New Haven in Connecticut, geboren und besuchte die Oxon Hill High School in Oxon Hill in Maryland.","Er wurde am 21. Dezember 1965 in Oxon Hill, Maryland, geboren und besuchte die Oxon Hill High School in New Haven, Connecticut .",0,0,-0.42256409306796583,True
test_1183,"Wenn es in einem Satz mehrere grammatikalische Kategorien gibt, trägt nur der Plural den ersten Marker. Ex . :","Wenn ein Satz mehrere grammatische Kategorien umfasst, trägt nur der Plural die erste Markierung.",1,0,-0.10674586634031435,False
test_1184,"Nach dem Einmarsch der Nationalsozialisten in Polen, Deutschland und der Sowjetunion 1939 lehrte Osterwa im Untergrund, war aber auch krank.","Nach der Invasion von Polen durch Nazi-Deutschland und die Sowjetunion 1939, war Osterwa heimlich im Erziehungswesen aktiv, erkrankte aber auch.",0,0,-0.39215106011299816,True
test_1185,"Peter DuConge (1903-1967) war ein früher Jazz Musiker, der Rohrblattinstrumente spielte und in der amerikanischen New Orleans Jazz-Szene aktiv war.","Peter DuConge (1903 ? - 1967 ?) war ein amerikanischer Jazz-Saxofonist, der in den Anfangsjahren der Jazz-Szene von New Orleans aktiv war.",0,0,-0.8742175785972822,True
test_1186,"Gleichzeitig bat Papst Francis Tong darum, noch drei weitere Jahre Bischof von Hongkong zu bleiben.","Zur gleichen Zeit bat Papst Francis Tong, noch drei Jahre Bischof von Hongkong zu bleiben.",0,1,0.4515496795484949,False
test_1187,"Die Tatsache, dass es sich um eine erste Übersetzung handelte, bedeutet, dass kleine Missverständnisse praktisch unvermeidlich waren.",Die Tatsache dass dies eine leichte Übersetzung war bedeutet das erste Missverständnisse praktisch vorprogrammiert waren.,0,0,-0.7195774774583096,True
test_1188,"Aus ihrer zweiten Ehe mit dem Geschäftsmann Babis Lazaridis stammt ein Sohn, Vasilis .","Ihr Sohn, Babis Lazaridis, stammt aus ihrer zweiten Ehe mit dem Geschäftsmann Vasilis.",0,1,0.13470800446800502,False
test_1189,"Startkapital kam von der Bill & Melinda Gates Foundation, dem Finanzier George Soros und dem Technologieunternehmer Edward W. Scott.","Die Finanzierung stammte von der Bill Melinda Gates Foundation, dem Financier Edward W. Scott, und dem Technologieunternehmer George Soros.",0,1,0.1688820657698078,False
test_1190,"Käse und Käseprodukte (insbesondere Bryndza, Korbáčik, Oštiepok, Parenica und Tvaroh-Käse), žinčica sind traditionelle slowakische Spezialitäten.","Käse und Käseprodukte (insbesondere Tvaroh, korbáčik, oštiepok, parenica und bryndza), žinčica sind traditionelle slowakische Spezialitäten.",1,0,-0.0022216970542737746,False
test_1191,"Norman Melancton Geddes, geboren als Norman Bel Geddes (27. April 1893 - 8. Mai 1958), war ein amerikanischer Theater- und Industriedesigner.","Norman Melancton Geddes, geborener Norman Bel Geddes (27. April 1893 bis 8. Mai 1958) war ein US-amerikanischer Theater- und Industriedesigner.",1,1,0.3238203348447951,True
test_1192,Bei dem typischen Gänsesäger („Mergus octosetaceus”) handelt es sich um eine Ente der brasilianischen Gattung der Gänsesäger.,Der brasilianische Merganser („Mergus octosetaceus'') ist eine Ente in der typischen merganischen Gattung.,0,0,-0.9262777414743792,True
test_1193,In der aktuellen Fortsetzung trifft Superman jedoch den wahren Zod zum ersten Mal in „Last Son”.,"In der aktuellen Folge von ""Last Son"" trifft Superman den wahren Zod zum ersten Mal.",1,1,0.17993800140513094,True
test_1194,"Hawker (: 2614) ist ein Vorort des Belconnen-Distrikts Canberra, der sich im Australian Capital Territory, Australien, befindet.",Hawker (PLZ: 2614) ist ein Vorort des Bezirks Belconnen von Canberra und liegt im australischen Hauptstadtterritorium,1,1,0.29687518839783655,True
test_1195,Das Lobethal Bierhaus ist eine regionale Brauerei mit deutschen Stil-Einflüssen.,Das Lobethal Bierhaus ist eine deutsche Brauerei mit regionalen Stil-Einflüssen.,0,1,0.08629179285957977,False
test_1196,"Die Nashua Silver Knights, Teil einer aktuellen Sommerliga, sind das College-Team der Stadt.","Die Nashua Silver Knights, Teil einer Sommer-College-Liga, sind die College-Mannschaft der Stadt.",1,1,0.057959014098384554,True
test_1197,Er ist leichter und einiges kürzer – was angesichts seiner Platzierung in Kleinwagen ein erforderlicher Entwurfsparameter ist.,Es ist kürzer und in der Länge viel leichter - ein notwendiges Konstruktionsparameter angesichts der Platzierung in den Kleinwagen.,0,0,-1.2321339477076472,True
test_1198,"Am 13. Juni veröffentlichten sie auch den zweiten Titel ""Vices"" des Albums als fünfte Single aus dem Album.",Sie haben auch den 5. Titel des Albums „Vices” am 13. Juni als zweite Singleauskopplung herausgebracht.,0,0,-0.20112095639689476,True
test_1199,"Der Wyoming Highway 330 ist eine ziemlich kurze Ost-West-Bundesstraße in Wyoming, die im zentralen Sheridan County liegt, das den nordwestlichen Teil von Sheridan abdeckt.","Der Wyoming Highway 330 ist eine relativ kurze Ost-West Wyoming State Road im nordwestlichen Sheridan County, der den zentralen Teil von Sheridan abdeckt.",0,0,-0.03129094139325561,True
test_1200,Mark Knowles und Max Mirnyi gewannen im Finale gegen O'Brien und Palmer mit 6:3 und 6:4 .,O'Brien und Palmer gewannen im Finale mit 6:3 und 6:4 gegen Mark Knowles und Max Mirnyi.,0,0,-0.1035401243950067,True
test_1201,"Wenn eine höhere Anzahl von verschiedenen IEs benötigt wird, führt dies naturgemäß zu mehr Kapazitätsplanungsproblemen und führt oft zu einer Nichtbereitstellung des IP.","Wenn eine größere Anzahl unterschiedlicher IEs erforderlich ist, führt dies häufig zu mehr Kapazitätsplanungsproblemen und dann inhärent zu einer Nichtauslieferung des IP.",0,1,0.0377160086378282,False
test_1202,"Madonna, Prince und Michael Jackson haben das Album jedoch beeinflusst.","Michael Jackson, Prince und Madonna wurden von diesem Album beeinflusst.",1,0,-0.4649439893577948,False
test_1203,"Sie konnten Gebietskörperschaften gründen, aktive und freie politische Parteien der Kurden institutionalisieren und ein  kurdisches Parlament leiten.","Sie konnten lokale Regierungen verwalten, freie und aktive kurdische Parteien gründen und ein kurdisches Parlament schaffen.",0,0,-0.22381619343462034,True
test_1204,In den nachfolgenden Beurteilungen wird die niedrigste Bewertung für die Show in Rot und die höchste in blauer Folge wiedergegeben.,Die höchsten Bewertungen der Show erscheinen unten in rot und die niedrigsten in blau.,0,0,-0.961374300331386,True
test_1205,Bettencourt meisterte die Gitarre und Chris Gehringer spielte sie in den Sterling Sound Studios in New York City.,Bettencourt spielte Gitarre und Chris Gehringer masterte sie in den Sterling Sound Studios in New York City.,0,0,-0.3991991542899428,True
test_1206,"""Ras"" Abbi Addi rückte zu ""Ras"" Kassa vor und schloss sich ""Ras"" Seyoum im Zentrum an.","""Ras"" Kassa rückte auf bis zu Abiy Addi und schloss sich ""Ras"" Seyoum im Zentrum an.",0,1,0.5768857526700982,False
test_1207,"1974 gründete Lao PDR den Stage II Fund mit Unterstützung der Vereinten Nationen, der Asiatischen Entwicklungsbank und der Weltbank.","1974 gründete Lao PDR mit Hilfe der Weltbank, der Vereinten Nationen und der Asiatischen Entwicklungsbank den Stage II-Fonds.",1,1,0.2872776368107516,True
test_1208,"Die Episode wurde später verschoben, aber in der Rotationsreihenfolge übersprungen und schließlich gestoppt.","Die Episode wurde später verschoben, aber in der Rotationsreihenfolge übersprungen und schließlich abgebrochen.",1,1,0.09982294480230014,True
test_1209,Oaklyn liegt im 1st Congressional District und ist Teil des 6. staatlichen Legislativbezirks von New Jersey.,Oaklyn liegt im 1. Congressional District und ist Teil des sechsten Bundesstaates von New Jerseys Legislative District.,1,0,-0.9548004608277582,False
test_1210,Im Juli 2017 war Nate DiMeo das Thema einer Episode von „The Memory Palace“ mit Elmer McCurdy.,"Im Juli 2017 war Elmer McCurdy Thema in einer Episode von ""The Memory Palace"" mit Nate DiMeo.",0,0,-0.1161701252571753,True
test_1211,"Die Anzahl der Brände, die Anfang Februar gemeldet wurden, war 73, von denen 26 außer Kontrolle geraten waren, und es wurde erwartet, dass es die Zeit war, einen weiteren Monat von Bränden unter Kontrolle zu halten.","Die Zahl gemeldeter Brände lag Anfang Februar bei 73, davon waren 26 außer Kontrolle und man rechnete damit, dass es einen Monat dauern würde sie einzudämmen.",1,0,-1.8071960915601482,False
test_1212,"Unter Verwendung der Methodenvariation der Parameter wird die komplementäre Lösung gebildet, indem die bestimmte Lösung mit einer unbekannten Funktion C (x) multipliziert wird:","Die komplementäre Lösung wird unter Verwendung der Verfahrens der Variation von Formvariablen gebildet, indem die bestimmte Lösung mit einer unbekannten Funktion C (x) multipliziert wird:",1,0,-0.4495861115380665,False
test_1213,"Zu ihnen gehören die Bolero-Komponistin Sylvia Rexach, die Schriftstellerin Marie Teresa Rios und die Sängerin Julita Ross.","Dazu gehören die Bolero-Komponistin Marie Teresa Rios, die Schriftstellerin Julita Ross und die Sängerin Sylvia Rexach.",0,0,-0.2546350377687522,True
test_1214,Dotty wurde 1923 in Gloucester geboren und starb 2014 in Boston.,Dotty wurde 1923 in Boston geboren und verstarb 2014 in Gloucester.,0,0,-0.8036884699767833,True
test_1215,"1994 verließ Rodrigo Leão die Band, um eine Solokarriere zu beginnen und er wurde von Carlos Maria Trindade (Keyboard-Synthesizer) ersetzt.","1994 verließ Carlos Maria Trindade die Band, um eine Solokarriere zu beginnen, die durch Rodrigo Leão (Keyboardsynthesizer) ersetzt wurde.",0,0,-0.7690272038729656,True
test_1216,"Massé wurde in Westchester County in New York, geboren, wuchs in Holland in Michigan auf und lebte während ihrer Jugend in Europa.","Massé wurde in Holland, Michigan, geboren, wuchs in Westchester Country, New York, auf und lebte in ihrer Jugend in Europa.",0,0,-1.5359111241167445,True
test_1217,"Diese Bemühungen würden sich als zukunftsweisend erweisen, da die Bevölkerung des nahegelegenen Silicon Valley explodierte und der Boom im Tri-Valley die Bodenpreise dramatisch erhöhen würde.","Diese Bemühungen würden sich als vorausschauend erweisen, da die Bevölkerung des nahegelegenen Silicon Valley explodierte und der Boom des Tri-Tals die Bodenpreise dramatisch erhöhen würde. .",0,1,0.48799093343161604,False
test_1218,"Longo wurde in Jersey City, New Jersey, geboren und besuchte die Marist High School in Bayonne, New Jersey, und die University of Rhode Island.","Geboren in Jersey City, New Jersey, besuchte Longo die Marist High School in Bayonne, New Jersey und die University of Rhode Island.",1,0,-0.2521750914625983,False
test_1219,"Im semiprofessionellen Fußball spielen schottische Mannschaften auf allen Ebenen unterhalb der schottischen Premier-Szene, wobei die meisten Teams unterhalb der schottischen Meisterschaft semiprofessionell sind.","Im schottischen Fußball treten semiprofessionelle Teams auf allen Ebenen unterhalb der schottischen Premiership an, wobei die meisten Teams unterhalb der schottischen Meisterschaft semiprofessionell sind.",0,1,0.7473549530743314,False
test_1220,"Der Film erhielt positive Kritiken, aber nach der Veröffentlichung auf VHS und DVD wurde er zum Kultfavoriten mit negativen Kommentaren auf Amazon und IMDB.","Der Film erhielt negative Kritiken, aber nach seiner Veröffentlichung auf VHS und DVD wurde er zu einem beliebten Kultfilm mit wohlwollenden Kommentaren auf Amazon und IMDB.",0,0,-1.1452300536216047,True
test_1221,Sie wurde von Richard Gibson und dem Hofmaler Joan Carlile gelobt und wird als ebenso erfolgreich betrachtet wie Peter Lely.,"Von Richard Gibson und dem Hofkünstler Peter Lely gepriesen, gilt sie als ebenso erfolgreich wie Joan Carlile.",0,0,-0.29862046401641074,True
test_1222,Vom westlichen Ende der Brücke führt die Pennsylvania Route 268 in Richtung Norden nach Parker und in Richtung Süden führt sie nach Emlenton.,Die Pennsylvania Route 268 führt vom westlichen Ende der Brücke nach Norden zu Parker und nach Süden zu Emlenton.,1,0,-0.691601570215549,False
test_1223,"Valtteri Bottas und Lewis Hamilton waren die Schnellsten, vor Williams' Nico Rosberg.","Der Schnellste war Nico Rosberg vor Williams, Valtteri Bottas und Lewis Hamilton.",0,1,0.050303128507467765,False
test_1224,"Er unterrichtete dann an einer Schule in Toledo, OH, und war der von 1856 bis 1859 handelnder Leiter von Schulen in Cleveland.","Er unterrichtete dann in Toledo, OH, und war von 1856-1859 stellvertretender Schulinspektor von Cleveland .",1,0,-0.2531353805841893,False
test_1225,"Im April 1942 kehrte Montagu Slater nach England zurück und bat Britten kurz nach seiner Rückkehr, sein Librettist für „Peter Grimes“ zu sein.","Im April 1942 kehrte Britten nach England zurück, und bat bald nach seiner Rückkehr Montagu Slater, sein Librettist für Peter Grimes zu werden.",0,0,-0.3116772123842467,True
test_1226,In Sri Lanka kann der Titel Buchhalter (CA Sri Lanka) nur von Mitgliedern des Institute of Accountants in Sri Lanka verwendet werden.,In CA kann der Titel eines Wirtschaftsprüfers (Sri Lanka Sri Lanka) nur von Mitgliedern des Institute of Sri Lankan Accountants verwendet werden.,0,1,0.8768759246573549,False
test_1227,"Max Knowles und Max Mirnyi gewannen im Finale mit 6:3, 6:4 gegen O'Brien und Palmer.","Mark Knowles und Max Mirnyi gewannen gegen O'Brien und Palmer im Finale 6:3, 6:4.",1,0,-0.5041376067283977,False
test_1228,"David Allan Coe kam 1980, als er 20 Jahre alt war, zu Warren Haynes' Tournee- und Aufnahmeband.","1980, als er 20 Jahre alt war, kam David Allan Coe zu Warren Haynes ' Tournee- und Aufnahmeband.",1,1,0.7857040001243439,True
test_1229,"Er spendete auch 34.000 US-Dollar an Mitt Romney und 7.000 US-Dollar an Ted Cruz, einschließlich seiner Präsidentschaftskampagne im Jahr 2016.","Er spendete auch 34.000 $ an Ted Cruz und 7.000 US $ an Mitt Romney, einschließlich seiner Präsidentschaftskampagne 2016.",0,1,0.29797427692086875,False
test_1230,Ab 1830 wurde Arthur Tappan von der Abschaffung einiger Mitglieder der American Colonization Society (ACS) und von Schriften von James beeinflusst.,Arthur Tappan wurde ab 1830 vom Abolitionismus einiger Mitglieder der American Colonization Society (ACS) und Schriften von James beeinflusst.,1,0,-0.21841999078546837,False
test_1231,Bis zum Aufkommen der pornografischen Videotechnik war die Massenproduktion von elektronischen und digitalen Filmen direkt mit der Mainstream-Filmindustrie verbunden.,Bis zum Aufkommen der elektronischen und digitalen Videotechnik war die Massenproduktion von pornographischen Filmen direkt mit der Hauptfilmindustrie verbunden.,0,0,-0.4538216169011807,True
test_1232,"Bradd Crellin vertrat BARLA Cumbria auf einer Tournee durch Australien mit 6 weiteren Spielern aus Großbritannien, ebenfalls auf einer Tour durch Australien.","Bradd Crellin repräsentierte auch BARLA, Groß-Britannien, auf einer Tour durch Australien, einer Tour durch Australien mit 6 anderen Spielern, die Cumbria vertraten.",0,0,-0.0889013955444613,True
test_1233,Katz wurde in Schweden 1947 geboren und zog einjährig nach New York.,Katz wurde 1947 in Schweden geboren und zog im Alter von 1 Jahr nach New York City.,1,0,-0.253438620240389,False
test_1234,"Der Mitchell Nimbus ist eine Serie von amerikanischen, einsitzigen, hochflügeligen Segelflugzeugen, nach dem Entwurf von Don Mitchell in den 1950ern.","Mitchell Nimbus bezeichnet eine Serie von amerikanischen, einflügeligen Segelflugzeugen mit hohen Sitzen, die Don Mitchell in den 1950er Jahren entworfen hat.",1,0,-1.6150402831827,False
test_1235,"Das erste oder ""schmale"" System besteht aus roten Linien von (O III) und anderen ionisierten Elementen bei einer Rotverschiebung von z = 0,712.","Das erste oder „rote“ System besteht aus schmalen Linien von ( O III) und anderen ionisierten Elementen bei Rotverschiebung z = 0,712.",0,1,0.23266758990785752,False
test_1236,"Malcolm Fraser, der bei der Bundeswahl im Dezember 1975 Whitlam erdrutschartig besiegt hatte, bot Egerton den Ritterstand an, um der Gewerkschaftsbewegung zu dienen.","Whitlam, der Malcolm Fraser bei den Abgeordnetenwahlen im Dezember 1975 überwältigend besiegt hatte, bot Egerton den Ritterstand an, um der Gewerkschaftsbewegung zu dienen.",0,1,0.08429533162033576,False
test_1237,In dieser Hinsicht machte Ionescu in einem seiner ersten Papiere eine deutliche und nahezu prophetische Aussage:,In dieser Hinsicht traf Ionescu eine erhebliche und recht prophetische Aussage  in einer seiner ersten Veröffentlichungen:,1,0,-0.2508493681169962,False
test_1238,Das Team tourte auch im Jahr 1953 durch Australien und im August 1959 in Asien.,Die Mannschaft spielte 1953 in Australien und im August 1959 in Asien.,1,1,0.06248656755666426,True
test_1239,"Zu den Sängern in der Band gehörten Dorothy Crane, Jerry Lang, Betty Griffin, Bernies Bruder Walter Cummins und Scottee Marsh, der später mit Tommy Dorsey sang.","Zu den Sängern der Band gehörten Dorothy Crane, Jerry Lang, Betty Griffin, Bernie’s Bruder Walter Cummins und Scottee Marsh, die später bei Tommy Dorsey sang.",1,0,-0.35850193016294607,False
test_1240,"Zu den ersten Beratern gehörten Walter Cronkite, Norman Vetter, Gore Vidal, Norman Podhoretz, Saul Bellow und Alistair Cooke .","Frühere beratende Mitglieder waren Alistair Cooke, Saul Bellow, Walter Cronkite, Norman Cousins, Gore Vidal und Norman Podhoretz.",1,1,0.8859701845310527,True
test_1241,"Dies wurde in zwei langen Inschriften in seinem Totentempel bei Medînet Hâbu festgehalten, die physisch getrennt sind und sich etwas voneinander unterscheiden.","Das war in zwei langen Inschriften seiner Grabstätte Medinet Habu verzeichnet, die räumlich weit voneinander getrennt und leicht unterschiedlich sind.",1,1,0.7882805384982677,True
test_1242,"Die Konzerthalle kam erstmal 1862 als Import aus Paris nach London und wurde bei Tänzern, Sängern, Akrobaten und Dressurtieren äußerst beliebt.","Der Musiksaal wurde 1862 erstmals von London nach Paris importiert und wurde enorm populär, mit Tänzern, Sängern, Akrobaten, Zauberern und Tieren.",0,0,-0.6370601598150643,True
test_1243,Bob und Ted waren Brüder. John ist Teds Sohn.,Bob und Ted waren Brüder und Ted ist Johns Sohn.,0,0,-0.10296043240990083,True
test_1244,"Am 17. September tritt Arreola im Staples Center in Los Angeles, Kalifornien, gegen Alfonso Gomez im Vorkampf zu Juan Sandoval vs. Saul Alvarez an.","Nach dem Vorkampf von Saul Alvarez gegen Alfonso Gomez wird Arreola am 17. September im Staples Center in Los Angeles, Kalifornien gegen Juan Sandoval antreten.",0,0,-0.22782377098719875,True
test_1245,Diese Tiefe kann mit den tiefsten Tiefen der von Lake Michigan und Lake Huron verglichen werden.,Diese Tiefe gleicht den tiefsten Stellen von Lake Michigan und Lake Huron.,1,0,-0.7330381000009155,False
test_1246,"Gleich stromaufwärts befindet sich die stillgelegte Michigan Central Railway Bridge, die mit ihrem Vorgänger, der Whirlpool Rapids Bridge, mit der Niagara Cantilever Bridge um den Schienenverkehr konkurrierte.","Stromaufwärts liegt die nicht mehr benutzte Michigan Central Railway Bridge, die mit ihrem Vorgänger, dem Rapids Bridge Whirlpool, mit der Niagara Cantilever Bridge um den Bahnverkehr konkurrierte.",1,1,0.15038631937852065,True
test_1247,Im August 2017 kam Prakash Raj zum Team um die Rolle von Produzent Aluri Chakrapani zu übernehmen.,"Aluri Chakrapani kam ebenfalls im August 2017 ins Team, um angeblich die Rolle des Produzenten Prakash Raj zu spielen.",0,1,0.4214248893365292,False
test_1248,"Er wurde in Carter County, Tennessee, geboren und zog später nach Arkansas.","Er war in Arkansas geboren und zog um nach Carter County, Tennessee.",0,1,0.015431541247166725,False
test_1249,"Während des Ersten Weltkriegs studierte er in Genf, wo er mit Willi Münzenberg arbeitete.","Während des ersten Weltkriegs arbeitete er in Genf, wo er mit Willy Münzenberg studierte.",0,1,0.10747291496569933,False
test_1250,"Beximco produziert Textilien, Basischemikalien, Pharmazeutika, Jute und Meeresfrüchte, und das Unternehmen hat auch Interessen im Bereich der Immobilien- und Grundstücksentwicklung.","Beximco produziert Textilien, Meereschemikalien, Pharmazeutika, Jute und Grundnahrungsmittel, das Unternehmen ist auch an Immobilien und Landentwicklung interessiert.",0,0,-0.7067905697380408,True
test_1251,"Debelets ist eine Stadt in Nordbulgarien, Teil der Gemeinde Veliko Tarnovo in der Provinz Veliko Tarnovo.","Debelets ist eine Stadt im Norden Bulgariens, Teil der Gemeinde Veliko Tarnovo, Provinz Veliko Tarnovo.",1,0,-0.785504349993528,False
test_1252,Dies limitiert die Komplexität innerhalb der Gruppenknoten und verbirgt die Koppelung mit anderen Knoten außerhalb der Gruppe.,Dies begrenzt die Komplexität innerhalb der Gruppenknoten und blendet deren Kopplung mit anderen Knoten außerhalb der Gruppe aus.,1,0,-0.44598766897598996,False
test_1253,"Der Petkeljärvi National Park ist ein Nationalpark in der Region Ilomantsi von Nordkarelien, Finnland.",Der Nationalpark Petkeljärvi ist ein Nationalpark in Ilomantsi in der nordkarelischen Region in Finnland.,0,0,-0.7562188103553772,True
test_1254,"87,91 % dieser Bevölkerung sind ethnisch gesehen Ungarn, 7,53 % ethnisch gesehen Rumänen und 4,43 % ethnisch gesehen Roma.","Diese Bevölkerung setzt sich aus 87,91% ethnischen Rumänen, 7,53% ethnischen Ungarn und 4,43% ethnischen Roma zusammen.",0,0,-0.6999476002131707,True
test_1255,Er wurde von den Philadelphia 76ers in der 7. Runde (77. Pick insgesamt) des NBA Drafts von 1967 ausgewählt.,"Er wurde von den Philadelphia 76ers in der 7. Runde (77. ""Pick Overall"") des NBA Draft im Jahr 1967 ausgewählt.",1,1,0.16947168928275913,True
test_1256,Tina Gray (1885 bis 1985) war eine Pionierin auf dem Gebiet der Medizin und die Schwester von „Glasgow Girl“ Norah Neilson Gray.,"Norah Neilson Gray (1885-1985) war eine Medizin-Pionierin und Schwester des ""Glasgow Girl"" Tina Gray.",0,0,-1.0766565925653016,True
test_1257,"Chandler erachtete den Computer als Werkzeug, um zu lernen, lehnte jedoch jenen vorherrschenden Objektivismus ab, der Daten als Informationen und Informationen als Wissen anerkannte.","Chandler sah im Computer ein Lernwerkzeug, aber er lehnte einen vorherrschenden Objektivismus ab, für den Daten Informationen und Informationen Wissen waren.",1,0,-0.2386661816551846,False
test_1258,Dieselbe Änderung der Ausdrucksformen entsteht im Mimikbereich des Gehirns.,Diese Formen der Kommunikation in der Gesichtsbewegung kommen aus den gleichen Bereichen des Gehirns.,0,0,-1.012825911573563,True
test_1259,"Diese Orte gelten als Peripherieregionen armer Lebensräume, die jeweils mit 56 und 96 bewertet wurden.",Diese Gebiete gelten als arme bis marginale Lebensräume mit einer Bewertung von 56 beziehungsweise 96.,0,1,0.05833333193045076,False
test_1260,"Meridian besteht aus den Einwohnern von Daykin, Alexandria, Western, Fairbury und Tobias und bildet den Schulbezirk 303 von Nebraska.","Meridian besteht aus den Bewohnern von Daykin, Alexandria, Western, Fairbury und Tobias und bildet den 303 Nebraska School District.",1,0,-0.2959076339353339,False
test_1261,"John Milton bezieht sich auf Shakespeare und zitiert aus „Comus” von Angela Warren: „Unter der glasigen, kühlen, durchsichtigen Welle”.","Angela Warren bezieht sich auf Shakespeare und zitiert John Miltons „Comus“: „Unter der glasigen, kühlen, lichtdurchlässigen Welle“.",0,0,-0.2049153696743954,True
test_1262,"Von dieser Bevölkerung sind 87,91 % ethnische Ungarn, 7,53 % ethnische Rumänen und 4,43 % ethnische Roma.","Von dieser Bevölkerung sind d87,91 % ethnische Ungarn, 7,53 % sind ethnische Rumänen und 4,43 % ethnische Roma.",1,0,-0.006104435352117021,False
test_1263,Sie zog mit ihren Eltern im Alter von 3 Jahren von Estland nach Finnland und lebt derzeit in Helsinki.,Sie zog mit ihren Eltern im Alter von 3 Jahren von Finnland nach Estland und lebt derzeit in Helsinki.,0,1,0.4111615990619465,False
test_1264,"Wenn der PPC vorübergehend gestört wird, insbesondere der PPC der rechten Hemisphäre, wird das Gedächtnis über Sakkaden hinweg deutlich geschwächt.","Wenn der hintere PPC vorübergehend gestört ist, insbesondere der PPC auf der rechten Seite, wird das Erinnerungsvermögen der Sakkaden wesentlich geschwächt.",1,1,0.30976401717054725,True
test_1265,"Joshua Pim besiegte Wilfred Baddeley mit 6:4 , 1:6 , 7:5 und 6:0.","Joshua Pim schlug Wilfred Baddeley mit 6:4, 1:6, 7:5 und 6:0.",1,1,0.09870196234072293,True
test_1266,Shulman's Sound verfügt über Elemente von „Glitch“ und hat einen großen IDM-Einfluss.,Shulmans Sound enthält Elemente von  „Glitch” und wird stark von IDM beeinflusst.,1,0,-1.7067309424687196,False
test_1267,"Wenn eine größere Anzahl verschiedener IEs benötigt wird, führt dies oft zu mehr Kapazitätsplanungsproblemen und führt naturgemäß zu einer Nichtzustellung des IP.","Wenn eine größere Zahl verschiedener IEs erforderlich ist, ergeben sich daraus per se mehr Planungsprobleme bei der Kapazität und das führt oft dazu, dass die IP nicht zugestellt wird.",0,0,-1.09073990499445,True
test_1268,"Es liegt 20 Meilen nordwestlich von Glasgow, Virginia und etwa zwei Meilen südöstlich von Roanoke, Virginia.","Es liegt 20 Meilen nordwestlich von Roanoke, Virginia, und etwa zwei Meilen südöstlich von Glasgow, Virginia.",0,1,0.25383782234115604,False
test_1269,Das Team tourte auch 1953 in Asien und im August 1959 in Australien.,Im Jahr 1953 machte das Team eine Tour durch Asien und im August 1959 durch Australien.,1,0,-0.5904970187593392,False
test_1270,"Warren Haynes war 20 Jahre alt, als er 1980 der Band von David Allan Coe beitrat, die auf Tour war und Musik aufnahm.","1980, als er 20 Jahre alt war, schloss sich David David Allan Warren Haynes' Tournee- und Aufnahmeband an.",0,0,-0.10763745209332509,True
test_1271,1961 war Herbert gerade Gast in einem Frensehprogramm namens „This Is Your Life” als er von Eamonn Andrews überrascht wurde.,"Herbert war 1961 das Thema einer ""This Is Your Life""-Fernsehsendung, in der er von Eamonn Andrews überrascht wurde.",1,0,-0.7416421233787635,False
test_1272,"Die ""Fallbeil"" wurde zuletzt im Jahr 1949 in der Bundesrepublik Deutschland eingesetzt und in der DDR im Jahr 1966 .","Das Fallbeil wurde 1949 zum letzten Mal in Westdeutschland eingesetzt, 1966 in Ostdeutschland.",1,0,-2.0226711764967265,False
test_1273,"Worcestershire ist eine Stadt und Kreisstadt von Worcester, England.","Worcester ist eine Stadt und Kreisstadt von Worcestershire, England.",0,1,0.7146541179731246,False
test_1274,"Später benutzte er es als Symbol für die Nazi-Partei und stellte es auf einen weißen Kreis und einen roten Hintergrund, um es als Flagge zu verwenden.","Er verwendete es später als ein Symbol für die Nazi-Partei, und stellte es zum Gebrauch als Fahne in einen roten Kreis mit weißem Grund.",0,0,-0.050512701515755265,True
test_1275,"Khedi ist ein Dorf im Bezirk Bhopal von Madhya Pradesh, Indien. Es befindet sich in der Berasia tehsil .","Khedi ist ein Dorf im Distrikt Bhopal von Madhya Pradesh, Indien. Es ist in Berasia Tehsil gelegen.",1,1,0.03868561529331138,True
test_1276,"Empfiehlt schriftliche Finanzverträge mit zuverlässigen Zeugen, obwohl es einen Streit über die Gleichstellung der Zeuginnen gibt.","Empfiehlt schriftliche Finanzverträge mit weiblichen Zeugen, obwohl es einen Disput über die Gleichwertigkeit zuverlässiger Aussagen gibt.",0,1,0.04669683066232877,False
test_1277,"Autism Speaks sponsert und vertreibt den Kurzfilm ""Autism Every Day"", der von Lauren Thierry und Eric Solomon produziert wurde.","Autism Speaks produzierte und vertrieb den Kurzfilm „Autism Every Day”, der von Lauren Thierry und Eric Solomon finanziert wurde.",0,1,0.23289920812999154,False
test_1278,Huyghe wurde 1962 in Paris geboren und lebt und arbeitet in Chile und New York.,Huyghe wurde 1962 in Chile und New York geboren. Huyghe lebt und arbeitet in Paris.,0,0,-0.5846869140487189,True
test_1279,Die klimatischen Verhältnisse dieser Region zeichnen sich durch große saisonbedingte Temperaturunterschiede mit warmen bis heißen (und oft feuchten) Sommern und milden Wintern aus.,"Diese Klimaregion wird durch große Temperaturdifferenzen zwischen den Jahreszeiten gekennzeichnet, mit warmen bis feuchten (und häufig heißen) Sommern und milden Wintern.",0,0,-1.404427927237247,True
test_1280,"Er verstarb am 30. Juni 1954 in Claremore, Oklahoma an Magenkrebs. Das Lynn Riggs Memorial ist in New York City gelegen.",Er verstarb am 30. Juni 1954 in New York an Magenkrebs und in Claremore in Oklahoma befindet sich das Lynn Riggs Memorial.,0,1,0.23575663193472518,False
test_1281,Tipico Co. Ltd und Tipico Casino Ltd wurden 2004 als Handelsgesellschaften im internationalen Register der Malta Financial Services Authority gegründet.,Tipico Co. Ltd und Tipico Casino Ltd wurden 2004 als internationale Handelsfirmen im Financial Services Authority Commercial Register von Malta eingetragen.,0,0,-0.005001465309719233,True
test_1282,"Diese Kategorie ist für israelische Fußballer, die derzeit in einer der nicht-israelischen Ligen spielen oder gespielt haben.","Diese Kategorie ist für israelische Fußballspieler, die derzeit in einer der nicht-israelischen Ligen spielen oder gespielt haben.",1,1,0.2529418640874427,True
test_1283,"„Everything But You“ ist ein Lied aus dem Jahr 1945, das von Duke Ellington und Harry James komponiert und dessen Text von Don George geschrieben wurde.","„Everythin But You“ ist ein Lied aus dem Jahr 1945, das von Duke Ellington und Harry James komponiert wurde und dessen Text von Don George geschrieben wurde.",1,0,-0.5357862556232137,False
test_1284,Die nächste Version wurde 1986 von Robert Fullers Bruder Ron geschaffen.,Die nächste Version wurde 1986 von Robert Fuller’s Bruder Ron produziert.,1,1,1.1040692318484093,True
test_1285,"Der Konsonant - Ejektiv ist eine Art uvularer Klang, der in einigen gesprochenen Sprachen verwendet wird. Das Symbol im Internationalen Phonetischen Alphabet, das diesen Klang repräsentiert,","Die konsonantische Ejektion ist eine Art von uvulärem Klang, der in einigen gesprochenen Sprachen verwendet wird. Das Symbol im Internationalen Phonetischen Alphabet, das diesen Klang repräsentiert, ist",1,1,0.3444489305177768,True
test_1286,"Ear St Vincent war ein französischer Seemann, der in Gefangenschaft geriet und 1803 ein britischer Handelsmann wurde.","Earl St Vincent war ein französisches Schiff, das 1803 gekapert wurde und ein britisches Handelsschiff wurde.",1,1,0.1804282043209996,True
test_1287,"Er war im Jahr 1924 eingeladener Sprecher des ICM in Toronto, 1932 in Zürich und 1936 in Oslo.","Er war Gastredner für das ICM in Toronto 1924, in Zurüch 1932 und in Oslo 1936.",1,0,-0.62290148402127,False
test_1288,"Die erste Tochter des Paars ist Mohammad Javad Golpayegani, die mit Boshra, dem Sohn von Khamenei’s Stabschef Mohammad Golpayegan verheiratet ist.","Die erste Tochter des Paares ist Mohammad Javad Golpayegani, verheiratet mit Boshra, Sohn von Mohammad Golpayeagan, dem Stabschef von Khamenei.",1,1,0.2345456778086007,True
test_1289,"Die Firma stellt eine komplette Probeversion für ihre Dienste zu Zwecken der Bewertung zur Verfügung und verfügt ebenfalls über Experten, die Dienstleistungsvereinbarungen für äquivalente Freizeit-Projekte erstellen.","Das Unternehmen bietet zu Evaluierungszwecken eine kostenlose Testversion für seine Dienste an und hat auch Experten, die Service Level Agreements für gleichwertige Vollzeitprojekte abschließen.",0,0,-0.8517994961486368,True
test_1290,Er zog 1876 nach San Diego in Kalifornien und 1887 nach Dallas in Texas.,"Im Jahr 1876 ​​zog er nach San Diego, Kalifornien, und 1887 nach Dallas, Texas.",1,1,0.047066571165598425,True
test_1291,"Die Nashua Silver Knights, Teil einer Sommer-Kollegsliga, ist das heutige Team in der Stadt.","Die Nashua Silver Knights, Teil einer laufenden Sommer-College-Liga, sind das College-Team der Stadt.",0,0,-1.318579033648931,True
test_1292,Stipsits wurde in Korneuburg geboren und verbrachte seine Kindheit in Stammersdorf in Wien.,"Stipsits wurde in Wien geboren und verbrachte seine Kindheit in Stammersdorf, Korneuburg.",0,1,0.017998249671205335,False
test_1293,"Im Jahr 1972 wurde die New Ways to Work Foundation gegründet, eine gemeinnützige Organisation, die in der San Francisco Bay Area finanziert wird.","1972 wurde die New Ways to Work Foundation finanziert, eine gemeinnützige Organisation, die in der San Francisco Bay Area gegründet wurde.",0,0,-0.3264346124077421,True
test_1294,Fishman hält einen Bachelorabschluss der Brown University und einen Masterabschluss in Wirtschaftswissenschaften der Columbia University.,Fishman hat einen Bachelor von der Brown University und einen Master in Wirtschaftswissenschaften von der Columbia University.,1,1,0.10406524995079758,True
test_1295,"Er wurde in Südkorea geboren, lebte ab 2002 9 Jahre in Brasilien, spielte 5 Jahre Fußball und startete 2007 seine Karriere.","Er wurde in Südkorea geboren, lebte seit 2002 für 9 Jahre in Brasilien und spielte dort für 5 Jahre Fußball. Er begann seine Profikarriere 2007.",1,0,-0.4465219906796175,False
test_1296,"Es sind Vereine vertreten, bei denen 10 oder mehr Spieler gelistet sind.",Es sind Vereine mit 10 oder mehr gelisteten Spielern vertreten.,1,1,0.6661373136735708,True
test_1297,"Der Porte de Vincennes befindet sich dort, wo die südöstliche Ecke des 20. Arrondissements die nordöstliche Ecke des 12. Arrondissements von Paris trifft.",Der Porte de Vincennes ist dort gelegen wo die südöstliche Ecke des 20. Arrondissement auf die nordöstliche Ecke des 12. Arrondissement von Paris trifft.,1,0,-0.14445520836409875,False
test_1298,Der Hudeasa ist ein Nebenfluss des Bradu in Rumänien.,Der Bradu River ist ein Nebenfluss des Flusses Hudeasa in Rumänien.,0,0,-0.1381235853709173,True
test_1299,"Beide Töchter starben vor ihm, 1976 in Tosca und 1981 in Janear.","Beide Töchter starben vor ihm, Tosca 1976 und Janear 1981.",0,0,-2.249097429854066,True
test_1300,Das Team reagierte auf die Änderungen im nächsten Spiel am selben Abend des 19. Februar.,Die Mannschaft reagierte auf die Änderungen im nächsten Spiel am selben Abend am 19. Februar.,1,1,0.1117425572137365,True
test_1301,2001 fusionierte Enkor mit Siberian Airlines.,Im Jahr 2001 fusionierten die Siberian Airlines mit Enkor.,0,0,-1.0629126744113426,True
test_1302,"Der Sikhismus ist eine Religion, die in Indien im ersten Jahrhundert mit dem Zentrum des fünfzehnten Gurus begann, bekannt als Guru Nanak Dev Ji (1469-1539 C.E.).",Sikhismus ist eine Religion die in Indien im ersten Jahrhundert ihren Anfang nahm mit dem als Nanak Dev Ji bekannten Guru (1469-1539 n. Chr.) aus der Mitte des fünfzehnten.,1,1,0.21529911744342234,True
test_1303,Es wurden die wichtigsten kunstproduzierenden Gemeinschaften illustriert und die Arbeiten von 23 der bekanntesten Künstler diskutiert.,Es behandelt die wichtigsten kunstschaffenden Gemeinschaften und zeigt die Arbeit von 23 der bekanntesten Künstler.,0,0,-1.208127569654593,True
test_1304,"Die Bostryx Turritus ist eine Art tropische, luftatmende Landschnecke, eine Pulmonat-Gastropodenmolluske aus der Familie der Bulimulidae.","Bostryx turritus ist eine tropische luftatmende Schneckenart, ein lungengastropodenartiges Weichtier aus der Familie der Bulimulidae.",1,0,-0.3557004900232228,False
test_1305,"Joey Shamah wurde durch Tarang P. Amin ersetzt, der zum Präsidenten, Chief Executive Officer und Direktor von E. l.f ernannt wurde.","Es wurde durch Tarang P. Amin ersetzt, der zum Vorsitzenden, Chief Executive Officer und Direktor von E.l.f. ernannt worden war.",1,0,-0.05272734513166266,False
test_1306,"Paul Tassi von „Forbes“ behauptete, das Nintendo den Übergang effizienter hätte handhaben können, indem sie Lehren aus der Umstellung von Microsoft und Sony auf HD-Grafiken gezogen hätten.","Paul Tassi von Forbes behauptete, Nintendo hätte die Änderung effizienter bewältigen können, wenn Lehren aus dem Übergang von Microsoft und Sony zu HD-Grafik gezogen worden wären.",1,1,0.11203211152567671,True
test_1307,"Die europäische Aktivitäten wurden Teil von Ebel, während die asiatischen Aktivitäten an den in Hongkong ansässigen Unternehmer Joseph Wong verkauft wurden und nun zu Stelux Holdings gehören.","Ebel übernahm das Asiengeschäft, das Europageschäft wurde hingegen an den Hong Konger Unternehmer Joseph Wong verkauft und gehört jetzt zu Stelux Holdings.",0,0,-0.9938477875650804,True
test_1308,Alaja ist ein Ort mit einer geringen Einwohnerzahl in der Balkan-Provinz im westlichen Turkmenistan am Kaspischen Meer.,"Alaja, ist ein kleiner bevölkerter Ort in Turkmenistan in der westlichen Balkanprovinz am Kaspischen Meer.",0,0,-1.6890301323570993,True
test_1309,"Im April 1942 kehrte Britten zurück nach England, und kurz danach bat er Montagu Slater, sein Librettist für ""Peter Grimes"" zu werden.","Britten kehrte im April 1942 nach England zurück. Kurz nach seiner Rückkehr bat er Montagu Slater, sein Librettist für ""Peter Grimes"" zu sein.",1,0,-0.2950528069066276,False
test_1310,Das Präparat wurde von Dr. Patrick Page und seinem Team erfunden und 2007 von Genkyotex patentiert.,Das Präparat wurde von Dr. Patrick Page und seinen Mitarbeitern patentiert und 2007 von Genkyotex erfunden.,0,0,-0.4620358437982396,True
test_1311,"Maritsa Lazari wurde im Oktober 1943 in Zypern geboren. Sie emigrierte mit ihrer Familie nach London, Großbritannien im Alter von 16 Jahren.","Maritsa Lazari wurde im Oktober 1943 auf Zypern geboren und wanderte mit ihrer Familie im Alter von 16 Jahren nach London, England aus.",1,1,0.4772100596628993,True
test_1312,Die Pennsylvania Route 268 führt vom westlichen Ende der Brücke nördlich nach Parker und südlich nach Emlenton.,Vom westlichen Ende der Brücke führt die Pennsylvania Route 268 in Richtung Süden nach Parker und in Richtung Norden nach Emlenton.,0,0,-0.547862767110771,True
test_1313,"Als die Transaktion im Jahr 1994 zum ersten Mal angekündigt wurde, hatte Classicomm 102.000 Abonnenten. Im folgenden Jahr, nach Abschluss, hatte das Unternehmen 105.000 Abonnenten.","Zum Zeitpunkt der ersten Ankündigung der Transaktion im Jahr 1994 hatte Classicomm 102.000 Abonnenten. Als diese im folgenden Jahr abgeschlossen wurde, hatte das Unternehmen 105.000 Abonnenten.",0,1,0.9355835382880563,False
test_1314,"Valgjärv ist ein See im südöstlichen Bezirk von Voru in Lettland, nahe der Grenze zu Estland.","Rõuge Valgjärv ist ein See in Lettlands südöstlichem County von Voru, nahe der Grenze zu Estland.",1,0,-1.278122735475431,False
test_1315,"Adamsville grenzt im Westen an Coleman, im Osten an Lake County, im Norden an Wildwood und im Süden an Sumterville.","Adamsville wird von Coleman im Westen, Sumterville im Osten, Wildwood im Norden und Lake County im Süden begrenzt.",0,0,-0.27500725289641137,True
test_1316,"Die Zeremonie wurde 1992 von Vince Neil moderiert, der En Vogue, Ugly Kid Joe, Arrested Development und Dennis Miller einbezog.","Die Zeremonie von 1992 wurde von Vince Neil moderiert. En Vogue, Ugly Kid Joe, Arrested Development und Dennis Miller traten auf.",1,1,0.30384567746649627,True
test_1317,"Zu den vorherigen Sekretären gehören Alison Murison, Tom Mabbott, Träger eines MBE für Dienste am schottischen Gartenbau, John MacLennan, und Dr. John MacKay.","Zu den ehemaligen Sekretären gehören Alison Murison, Tom Mabbott, der einen MBE für Dienstleistungen für schottische Gartenarbeit erhielt, John MacLennan und Dr. John MacKay.",1,0,-0.917966492665702,False
test_1318,Der Grad der Differenzierung zwischen protestantischen und katholischen Tendenzen innerhalb der anglikanischen Tradition ist sowohl in gewissen anglikanischen Kirchen als auch in der gesamten anglikanischen Gemeinschaft regelmäßig ein Thema.,Der Unterscheidungsgrad zwischen protestantischen und katholischen Tendenzen innerhalb der anglikanischen Tradition ist seit jeher ein Streitpunkt zwischen einzelnen anglikanischen Kirchen und in der gesamten anglikanischen Gemeinde.,1,0,-0.8039912379192168,False
test_1319,"Madonna, Prince und Michael Jackson wurden, wie auch immer, auf dem Album beeinflusst.","Wie auch immer, Michael Jackson, Prince und Madonna hatten Einfluss auf das Album.",1,1,0.37464348289015736,True
test_1320,"Gemäß dem Statistischen Bundesamt der USA hat Southport  eine Gesamtfläche wovon Land und, oder 0,91 % Wasser sind.","Laut dem Statistischen Bundesamt der USA hat Southport eine Gesamtfläche wovon Land und, oder 0,91 % Wasser ist.",1,1,0.9177278419141294,True
test_1321,"1886 ersetzte George Crook General Miles als Befehlshaber der Streitkräfte im Kampf gegen Geronimo, einen Häuptling der Chiricahua-Apachen, im Department von Arizona.","1886 ersetzte George Crook General Miles als Kommandant der Streitkräfte, die gegen Geronimo, einen Chiricahua-Apachenführer, im Department of Arizona kämpfen.",1,0,-1.0248771286578582,False
test_1322,"Prämaligne Läsionen sind morphologisch atypisches Gewebe, das bei mikroskopischen Untersuchungen ungewöhnlich erscheint und bei dem Krebs wahrscheinlicher ist als sein scheinbar normales Gegenstück.","Prämaligne Läsionen sind morphologisch atypisches Gewebe, das bei mikroskopischer Untersuchung anormal erscheint und bei dem Krebs häufiger auftritt als bei seinem scheinbar normalen Gegenstück.",1,0,-0.49596714257080754,False
test_1323,Sulz ist eine Gemeinde im Distrikt von Vorarlberg im österreichischen Bundesland Feldkirch.,Sulz ist eine Gemeinde im Bezirk Feldkirch im österreichischen Bundesland Vorarlberg.,0,0,-0.3161929484338859,True
test_1324,"Im November 1989 wurde Delaney Mitglied des New York Stock Exchange und Senior Managing Director bei Henderson Bothers, Inc. und Bear Wagner.","Im November 1989 wurde Delaney Mitglied des New York Stock Exchange und Senior Managing Director bei Henderson Brother, inc. und Bear Wagner.",0,0,-0.46490590794252007,True
test_1325,"Es wurde von Gregor zur Liste der Handschriften des Neuen Testaments hinzugefügt (Nummer 202), Scrivener sah es 1883.",Es wurde von Gregor der Liste der Handschriften des Neuen Testaments hinzugefügt (Nummer 202). Scrivener sah es 1883.,1,1,0.6526230181749834,True
test_1326,"Seit 2000 stellte Meyers große, standortspezifische Wandzeichnungen in Museen und Galerien her.","Meyers fertigt seit 2000 große, ortsspezifische Wandzeichnungen in Museen und Galerien an.",1,0,-0.04874144800695435,False
test_1327,Ein Multiversum ist eine Sammlung alternativer Universen mit universeller Natur und einer ähnlichen Hierarchie.,Ein Multiversum ist eine Sammlung von Parallelwelten mit ähnlichen natürlichen Eigenschaften und einer ähnlichen universellen Hierarchie.,0,1,0.3005966473109686,False
test_1328,Es wurde später publiziert und als Single für das Album am 15. Oktober in Großbritannien und am 23. Oktober in den USA bestätigt.,Es wurde später bestätigt am 15. Oktober in den UK und am 23. Oktober in den USA als eine Single für das Album herausgebracht zu werden.,0,1,0.11530068254774162,False
test_1329,Der einfache Mittelwert lässt sich mit effektiven Absorptions- und Emissionsquerschnitten bei den Häufigkeiten aus Formel 2 und Formel 3 beschreiben.,Der effektive Mittelwert lässt sich mit einfachen Absorptions- und Emissionsquerschnitten bei Häufigkeiten aus Formel 2 und Formel 3 beschreiben.,0,1,0.3979669919734531,False
test_1330,"Das Album wurde in Los Angeles von Aníbal Kerpel aufgenommen und in den ""La Casa""-Studios in Los Angeles, Kalifornien, gemixt.",NS,0,0,-1.4121565818653679,True
test_1331,"Madison District Public Schools ist ein Schulbezirk am südlichen Ende von Greater Detroit in Madison Heights, Michigan.","Madison District Public Schools ist ein Schuldistrikt im Süden von Greater Detroit, Madison Heights, Michigan.",1,1,0.4211798902111611,True
test_1332,"Später, während des Angriffs auf Andrew, Graf de Angoulême, würde Richard Adhemar's Streitkräfte sein.",NS,0,0,-0.8956511387876885,True
test_1333,"Oberstleutnant Donald Grant Millard, Captain Gerald K. Hannaford und Captain John F. Lorraine waren die Passagiere des Flugzeuges.","Die Besatzung des Flugzeugs waren Oberstleutnant Gerald K. Hannaford, Captain Donald Grant Millard und Captain John F. Lorraine.",0,0,-0.012547667456611511,True
test_1334,Bonnie Bedelia (geboren am 25. März 1948 als Bonnie Bedelia Culkin) ist eine amerikanische Schauspielerin.,Bonnie Bedelia Culkin (geboren am 25. März 1948 in  Bonnie Bedelia) ist eine amerikanische Schauspielerin.,0,0,-0.448705856977783,True
test_1335,1914 gründete Herr Todoroff das Restaurant Jackson Coney Island und kreierte sein Coney Island Chilisoßen-Rezept.,Im Jahr 1914 gründete Todoroff das Restaurant Jackson Coney Island und kreierte sein Rezept für Coney Island Chili-Sauce.,1,0,-0.189111890289979,False
test_1336,"Bellman verstarb am 8. Dezember 1931 in Louisville, Kentucky und wurde auf dem Calvary Cemetery in Louisville beigesetzt.","Bellman verstarb am 8. Dezember 1931 in Louisville und ist auf dem Calvary Cemetery in Louisville, Kentucky, beigesetzt.",0,1,0.3627028566458451,False
test_1337,"Die Saison 2008/09 der Colorado Avalanche war die 37. Saison der Franchise, 30. in der National Hockey League und die 14. als Colorado Avalanche.","Die Spielzeit 2008 – 09 war die 37. Spielzeit des Profivereins Colorado Avalanche, die 14. in der National Hockey League und die 30. als Colorado Avalanche.",0,1,0.27971095789073497,False
test_1338,1994 wurde der Band „Aspects of Religion” ihm zu Ehren von Peter Masefield und Donald Wiebe veröffentlicht.,"Die Kappenfarbe variiert von braun zu gelb, in der Reife häufig mit einem braunen Fleck auf der Kappe.",0,0,-2.0157437096624333,True
test_1339,"Er starb in Claremore, Oklahoma an Magenkrebs, New York City, wo sich das Lynn Riggs Memorial am 30. Juni 1954 befindet.","Er verstarb am 30. Juni 1954 in Claremore, Oklahoma an Magenkrebs. New York City ist der Standort des Lynn Riggs Memorial.",1,0,-0.49561291212716363,False
test_1340,"Das Spiel erhielt Lob für seine umfassende und interaktive Umgebung, seine komfortable Steuerung und seine innovative Spielmechanik.","Das Spiel wurde für seine komfortable Umgebung, sein umfangreiches und interaktives Kontrollschema und sein innovatives Gameplay gelobt.",0,0,-0.755728404117081,True
test_1341,Die Musik wurde von A. T. Ummer komponiert und der Text wurde von P. Bhaskaran geschrieben.,Die Musik wurde von A. T. Ummer geschrieben und die Texte von P. Bhaskaran komponiert.,0,0,-0.3873050159023549,True
test_1342,"Karen Lieve Ria Hostens ist verheiratet mit J. Peter Burgess, Kooperationsbeauftragter des Internationalen Komitees vom Roten Kreuz, und Vater von drei Kindern.","Ria Hostens ist mit J. Peter Burgess verheiratet, Entwicklungshelfer beim Internationalen Komitee vom Roten Kreuz, und Vater von drei Kindern.",1,1,0.25286794965300896,True
test_1343,Er wurde am 5. Mai 1940 in Konstantinopel (Athen) geboren und starb am 19. November 2011 in Istanbul an Krebs.,Er wurde am 5. Mai 1940 in Konstantinopel (Istanbul) geboren und verstarb am 19. November 2011 in Athen an Krebs.,0,0,-0.4732183476174888,True
test_1344,"Walcott ist ein Bürgerdorf und eine kleine Gemeinde im Bezirk North Kesteven von Lincolnshire, England.",Walcott ist ein bürgerliches Dorf und eine kleine Gemeinde im Bezirk North Kesteven in Lincolnshire in England.,1,0,-0.8052803917454318,False
test_1345,"„Cosmic Explorer” wurde am 6. April 2016 in vier verschiedenen Formaten von Universal Music Japan, Universal J und Parfum Records veröffentlicht.","„Cosmic Explorer“ wurde am 6. April 2016 in vier unterschiedlichen Formaten von Universal J Japan, Universal Music und Perfume Records veröffentlicht.",0,0,-0.2583156908167138,True
test_1346,"Ein weiteres Mitglied der Gruppe war Sir Thomas Giffard, dessen Schwester George Throckmorton heiratete.","Sir George Throckmorton war ein weiteres Mitglied der Gruppe, dessen Schwester Thomas Giffard verheiratet war.",0,0,-0.30143820711661073,True
test_1347,Die 2008 eröffneten Studios wurden von Zach Hancock entworfen und werden von Chefingenieur Martin Pilchner betreut.,"The Studios, die im Jahr 2008 eröffnet wurden, waren von Martin Pilchner entworfen und von Chefingenieur Zach Hancock überwacht.",0,0,-0.7627711327193621,True
test_1348,Er war 1947 ein erfolgloser Kandidat für den Richter von South Bend City und 1948 als Staatsanwalt des Landkreises Saint Joseph.,Er war 1947 ein erfolgloser Kandidat für den Richter der Stadt Saint Joseph County und 1948 für die Anklage gegen South Bend.,0,0,-0.22547986387426255,True
test_1349,In den 100 Jahren sank die Anzahl von thailändischen Elefanten von 100.000 auf 2.000 bis 3.000 wilde Elefanten und 2.700 gezähmte Elefanten.,Die Zahl der thailändischen Elefanten wurde in den letzten 100 Jahren von 100.000 auf 2.000 - 3.000 wilde Elefanten und etwa 2.700 domestizierte Elefanten reduziert.,1,1,0.7163484777959462,True
test_1350,"Eine Niederlage gegen Nataliya Tobias bei den nationalen Meisterschaften 2006 inspirierte sie zum Neustart ihrer Kariere und sie begann, mit Iryna Lischtschynska zu trainieren.","Eine Niederlage gegen Iryna Lishchynska bei den nationalen Meisterschaften 2006 inspirierte sie, ihre berufliche Karriere wieder aufzunehmen, und sie begann mit dem Training bei Nataliya Tobias.",0,0,-1.0652881923672317,True
test_1351,Geografisch gesehen nimmt Forsyth County im östlichen Kernersville Township ein.,Geografisch liegt Kernersville Township im östlichen Forsyth County.,0,0,-0.13056786288268218,True
test_1352,Eine Aufzeichnung von Folk Songs für die Columbia Society im Jahr 1942 wurde weitgehend von Pjetër Dungu arrangiert.,"Eine Aufnahme von Volksliedern, die 1942 für die Columbia-Gesellschaft arrangiert wurde, wurde größtenteils von Pjetër Dungu gemacht.",0,0,-0.3229741359877479,True
test_1353,"1291 heiratete Mahaut den Grafen von Burgund, Otto IV. Sie wurde Mutter von drei Kindern, unter anderem von zwei Mädchen, die Könige von Frankreich heirateten.","1291 heiratete Mahaut Otto IV., Graf von Burgund. Sie wurde Mutter von drei Kindern, darunter zwei Mädchen, die Könige von Frankreich geheiratet haben.",1,0,-0.2322370210784307,False
test_1354,"Sie zeigten, dass der Algorithmus AltMinComplete die Formel 9 in inkohärenten Schritten wiederherstellen kann, indem er die zufälligen Einträge der Formel 203 einer Formel 206-Matrixformel beobachtet.","Sie zeigten, dass der AltMinComplete-Algorithmus durch Beobachtung der Formel _ 203 zufälliger Einträge einer Formel _ 206-Matrixformel _ 9, die Formel _ 9 in inkohärenten Schritten wiederherstellen kann.",1,1,0.5889327918128352,True
test_1355,"Im semiprofessionellen Fußball wetteifern schottische Mannschaften auf allen Ebenen, darunter die schottische Oberliga, wobei die meisten Teams in der schottischen Meisterschaft semiprofessionell sind.","Im semiprofessionellen Fußball treten schottische Teams auf allen Ebenen unter der schottischen Premier League auf, wobei die meisten Teams unter der schottischen Meisterschaft semiprofessionell sind.",1,0,-0.15596333252613825,False
test_1356,Diese Liste enthält Wörter in griechischer Sprache mit mindestens 10 Buchstaben. Einige der Wörter in dieser Liste stammen aus dem Lateinischen und Kroatischen.,"Diese Liste enthält Worte in Griechisch mit mindestens 10 Buchstaben, von denen einige von dieser Liste aus dem Lateinischen und einige aus dem Kroatischen stammen.",1,0,-0.5956521004223658,False
test_1357,Nur Ronnie Fields spielte kein einziges Spiel in der NBA oder der NCAA.,Ronnie Fields spielte kein einziges Spiel in der NBA oder der NCAA.,1,1,1.2520252029251138,True
test_1358,Das Cover wurde vom Heraldikkünstler John Pasche entworfen. Das Cover der Single „Steel Monkey“ wurde von Art Director Andrew Stewart Jamieson entworfen.,"Das Cover wurde vom heraldischen Künstler Andrew Stewart Jamieson entworfen, die Single „Steel Monkey“ hat das Cover von Art Director John Pasche entworfen.",0,1,0.030533135647239806,False
test_1359,12. Januar 1978 : Cambridge United - Manager Ron Atkinson wird zum Manager von West Bromwich Albion ernannt.,"12. Januar 1978: Ron Atkinson, der Trainer von West Bromwich Albion, wird zum Trainer von Cambridge United ernannt.",0,0,-0.6972951745181585,True
test_1360,Sie zog im Alter von 3 Jahren mit ihren Eltern von Estland nach Finnland und wohnt derzeit in Helsinki.,Sie zog im Alter von drei Jahren mit ihren Eltern von Estland nach Finnland und lebt heute in Helsinki.,1,1,0.36916721063947666,True
test_1361,Er zog 2009 zurück nach New York City und lebt heute in Philadelphia.,2009 zog er wieder nach Philadelphia und lebt heute in New York.,0,0,-0.46090294602986237,True
test_1362,"Es wurde 1943 versenkt, 1944 von den Deutschen und zweimal von alliierten Bombern getroffen und schließlich 1946 bis 1947 geborgen.",Es wurde 1943 – 1944 von den Deutschen geborgen und zweimal durch alliierte Bomber versenkt und 1946 – 1947 schließlich verschrottet.,0,0,-0.46925374891989613,True
test_1363,Lovey und Dude Romeo aus Green Bay Wisconsin habe viel online und viele YouTube-Videos veröffentlicht – Betender Puli. Ursprünglich aus Pittsburgh Pennsylvania.,Lovey und Dude Romeo aus Pittsburgh Pennsylvania haben umfassend online und auf YouTube veröffentlicht - Videos Puli PrayingOriginally by Green Bay Wisconsin .,0,1,0.3261690399817653,False
test_1364,"Er wurde als posthumes Kinde von Sir John Lade, 1. Baron geboren. Seine Mutter war die Schwester des Brauers Henry Thrale.","Er wurde als posthumes Kind von Sir John Lade, 1. Baronet, geboren, seine Mutter war die Schwester des Brauers Henry Thrale.",1,0,-0.8110571278284934,False
test_1365,Unter Verwendung der Verfahrensvariation der Parameter wird die bestimmte Lösung durch Multiplizieren der komplementären Lösung mit einer unbekannten Funktion C (x) gebildet:,Unter Verwendung der Verfahrensvariation von Parametern wird die jeweilige Lösung durch Multiplikation der komplementären Lösung mit einer unbekannten Funktion C ( x) gebildet:,1,0,-0.8316558955282795,False
test_1366,Eine Niederlage für Nataliya Tobias bei den National Championships 2006 inspirierte sie zu einem Neustart ihrer Karriere und sie begann mit Iryna Lishchynska zu trainieren.,"Eine Niederlage gegen Nataliya Tobias bei den nationalen Meisterschaften 2006 inspirierte sie dazu, ihre Profikarriere neu zu starten und sie begann, mit Iryna Lischtschynska zu trainieren.",1,0,-1.2577687686761574,False
test_1367,Die Plattformen PC1000 und PC1500 wurden im Jahr 2006 mit den VIA C3-Prozessoren beschrieben und der PC3500 wurde im August 2007 mit dem VIA C7 gelauncht.,Die Plattformen pc1000 und pc1500 wurden 2006 mit den VIA C3 Prozessoren eingeführt. Das pc3500 wurde im August 2007 mit der VIA C7 beschrieben.,0,0,-0.28287409303771505,True
test_1368,Sie veröffentlichten auch das zweite Stück des Albums „Vices” am 13. Juni als 5. Singleauskopplung.,"Sie veröffentlichten auch den 5. Track auf dem Album, „Laster“, am 13. Juni als zweite Single aus dem Album.",0,0,-1.448720157664093,True
test_1369,"Der erste Abschnitt von Hokitika nach Ruatapu wurde am 9. November 1906 eröffnet, und die vollständige Strecke nach Ross wurde am 1. April 1909 fertiggestellt.","Der erste Abschnitt, von Hokitika nach Ruatapu, wurde am 9. November 1906 fertiggestellt, und die gesamte Linie nach Ross wurde am 1. April 1909 eröffnet.",0,0,-0.913593296773792,True
test_1370,Kakuda liegt in der südöstlichen Miyagi-Präfektur in der Region Tōhoku im Norden Japans.,Kakuda liegt in der südöstlichen Präfektur Miyagi in der Region Tōhoku im Norden Japans.,1,0,-0.34810456807364176,False
test_1371,"Als Edward II. am 7. Juli 1307 seinem Vater Edward I. folgte, war die Haltung seiner Untertanen im Allgemeinen eine gute im Hinblick auf ihren neuen König.","Als Edward I am 7. Juli 1307 auf seinen Vater Edward II folgte, standen die meisten seiner Untertanen ihrem König im Allgemeinen gutwillig gegenüber.",0,0,-1.290984442933647,True
test_1372,Nach seinem Tod 1946 waren seine Arbeiten zu diesem Projekt einheitlich in einem noch schlechten Zustand.,Nach seinem Ableben im Jahr 1946 befanden sich seine Unterlagen zu diesem Projekt noch immer in einem einheitlich globalen Zustand.,0,0,-0.483750963448054,True
test_1373,1947 bewarb er sich erfolglos als Kandidat für den Stadtrat des Bezirks  Saint Joseph und 1948 für die Position des Staatsanwaltes von South Bend.,Er war 1947 ein erfolgloser Kandidat für den Stadtrichter von South Bend und 1948 für den Staatsanwalt von Saint Joseph County.,0,0,-0.4813498957163378,True
test_1374,"Im Jahr 2011 veröffentlichte er auch die Biographie der Sängerin Madonna mit dem Titel „Mad for Madonna, Queen of Pop"", schrieb der Castelvecchi-Verlag.","2011 veröffentlichte er auch die Biografie der Sängerin Madonna mit dem Titel „Mad for Madonna. The queen of pop“, schrieb der Verlag Castelvecchi.",1,1,0.1724535873981663,True
test_1375,Der Distrikt Ishkashim ist einer der 28 Distrikte in der Provinz Badakhshan im Osten Afghanistans.,Der Distrikt Ishkashim ist einer der 28 Distrikte der Provinz Badakhshan in Ostafghanistan.,1,0,-0.6799141883232925,False
test_1376,"Ein Schwester-Event wurde am Albert Park Lake in Melbourne abgehalten und von Fox FM (Melbourne, Australien) gesponsert.","Eine Schwesterveranstaltung fand am Albert Park Lake in Melbourne, Australien, statt und wurde von Fox FM (Melbourne) gesponsert.",1,0,-0.23581740269205032,False
test_1377,Im Dezember 1969 wurde die 29. Armeedivision zur 49. Armeedivision.,Im Dezember 1969 wurde die 29. Armeedivision zur 49. Armeedivision.,1,1,0.3506943826323693,True
test_1378,Der Bradu ist ein Nebenfluss des Hudeasa in Rumänien.,Der Fluss Hudeasa ist ein Nebenfluss des Bradu in Rumänien.,0,1,0.14147412391834946,False
test_1379,"Viele großartige Spieler der Liga verbrachten Zeit mit dem Team, u.a. Jack Remsen, seit sieben Jahren Veteran und John Kerins, der seit zehn Jahren Veteran ist.","Viele Spieler der großen Liga verbrachten Zeit mit dem Team, darunter der siebenjährige Veteran Jack Remsen und der zehnjährige Veteran John Kerins.",1,0,-0.9468412505594325,False
test_1380,"Seine Wirkungen können physiologische Reaktionen, Reaktionen des zentralen Nervensystems und biochemische Veränderungen beinhalten.","Seine Auswirkungen können biochemische Reaktionen, Reaktionen des zentralen Nervensystems und physiologische Veränderungen umfassen.",0,0,-0.818429449218678,True
test_1381,"Zu den Sängern der Band zählten Dorothy Crane, Walter Cummins, Betty Griffin, Jerry Langs Bruder Bernie und Scottee Marsh, die später mit Tommy Dorsey sangen.","Sänger der Band waren Dorothy Crane, Walter Cummins, Betty Griffin, Jerry Langs Bruder Bernie und Scottee Mash, der später zusammen mit Tommy Dorsey sang.",1,0,-0.8272316549947184,False
test_1382,Rabbi wurde aus den eigenen Reihen von Jose B. Hanina und Yochanan bar Nafcha zum Rabbi geweiht.,Rabbi wurde von seinem eigenen Jose b. Als Rabbi ordiniert. Hanina und Yochanan Bar Nafcha.,1,0,-0.43382033398572795,False
test_1383,"Im Juli 2016 tauchte sie als Joseph Conrad in „Der Geheimagent“ auf, basierend auf dem gleichnamigen Roman von Winnie Verloc.","Im Juli 2016 erschien sie als Winnie Verloc in „The Secret Agent"", basierend auf dem gleichnamigen Roman von Joseph Conrad.",0,0,-0.9082472483598129,True
test_1384,"Ralph R. B. von Frese ist ein US-amerikanischer Geophysiker an der Ohio State University, der in Zusammenarbeit mit Laramie Potts die Massenkonzentration in Wilkesland in Antarktika bestimmte.","Laramie Potts ist ein amerikanischer Geophysiker von der Ohio State University, der in Zusammenarbeit mit Ralph R. B. von Frese die Massenkonzentration von Wilkes Land in der Antarktis herausfand.",0,0,-0.9414102102975811,True
test_1385,Es wurde 1834 im Kloster von Saba von C. R. Gregory gekauft. Robert Curzon sah es 1883.,Es wurde 1834 von Robert Curzon im Kloster Saba gekauft und 1883 von C. R. Gregory gesehen.,0,1,0.13607553633551295,False
test_1386,Die Insel ist steil mit felsigen Seiten und hat sehr wenig Boden.,Die Insel ist steil mit felsigen Seiten und hat eine sehr geringe Fläche.,1,0,-0.08347939595004694,False
test_1387,Die Art wurde erstmals 1846 vom Botaniker Johann Georg Christian Lehmann im Rahmen von Stephan Endlichs Werk „Irideae Plantae Preissianae“ formal beschrieben.,Die Art wurde erstmals 1846 vom Botaniker Stephan Endlicher im Rahmen des Werkes „Irideae Plantae Preissianae“ von Johann Georg Christian Lehmann formal beschrieben.,0,1,0.3199782901176006,False
test_1388,Am 29. November 1171 unterzeichnete Gonzalo erstmalig ein Dokument als Gonzalo Ruiz de Bureba.,Am 29. November 1171 unterzeichnete Gonzalo Ruiz de Bureba erstmals ein Zertifikat als Gonzalo .,0,0,-1.3825863836503145,True
test_1389,Das Kompositum wurde von Dr. Patrick Page und seinem Team entwickelt und im Jahr 2007 von Genkyotex patentiert.,Das Präparat wurde von Dr. Patrick Page und seinem Team patentiert und im Jahr 2007 von Genkyotex entwickelt.,0,1,0.20432700309513951,False
test_1390,Das Treffen wird durch die Ankunft vieler Boten von verschiedenen mächtigen oder einflussreichen Mardukanern in der Stadt mit verschiedenen Einladungen zum Abendessen für den Prinzen unterbrochen.,Das Treffen wird unterbrochen durch die Ankunft vieler Botschafter von verschiedenen mächtigen oder einflussreichen Mardukanern in der Stadt mit verschiedenen Einladungen zum Abendessen für den Prinzen.,1,0,-0.24069771072330537,False
test_1391,Am 13. November 2016 wurde Deputy David Machado im Fox Grove Park in der Nähe der Stadt Hughson von Dennis Wallace ermordet.,Am 13. November 2016 wurde der stellvertretende David Machado im Fox Grove Park in der Nähe der Stadt Hughson von Dennis Wallace ermordet.,1,0,-0.5396522135885456,False
test_1392,"Erlass vom 22. Juni 2012 des russischen Präsidenten Wladimir Putin, der ernannte Titow unter dem Präsidenten Russlands dazu, die Rechte von Unternehmern zu schützen.","Am 22. Juni 2012 setzte der russische Präsident Vladimir Putin Titov per Dekret unter dem Präsidenten von Russland ein, um die Rechte der Unternehmer zu schützen.",1,0,-1.6019205362046225,False
test_1393,Friedrich Maximilian Hessemer (24. Februar 1800 in Frankfurt am Main -- 1. Dezember 1860 in Darmstadt) war ein deutscher Architekt und Autor.,"Maximilian Hessemer (geboren am 24. Februar 1800 in Darmstadt, 1. Dezember 1860 in Frankfurt am Main) war ein deutscher Architekt und Autor.",0,1,0.16354244996439815,False
test_1394,Nach dem Ende des Krieges im Juni 1902 verließ Higgins Cape Town im August den „SSBavarian“ und kehrte im folgenden Monat nach Southampton zurück.,"Nach Kriegsende im Juni 1902 verließ Higgins Southampton im August auf der „SS Bavarian”, und kehrte einen Monat später nach Kapstadt zurück.",0,0,-0.9175350883378955,True
test_1395,"Hirasea goniobasis ist eine Art der luftatmenden Landschnecken, eine kleine Gastropodenschnecke der Familie der Endodontidae.","Die Hirasea goniobasis ist eine Art kleine, luftatmende Landschnecke, eine terrestrische Pulmonat-Gastropoden-Molluske aus der Familie Endodontidae.",0,1,0.05449551575895539,False
test_1396,"Die Band spielte ausgiebig, wurde in Israel berühmt und ging im Jahr 2007 sogar auf Tournee in New York City.","Die Gruppe tourte ausgiebig und wurde in Israel berühmt, spielte sogar 2007 in New York City.",0,0,-0.9184044068046476,True
test_1397,"Die schwedische Eishockeymeisterschaft 1932 war die elfte Saison der schwedischen Eishockeymeisterschaft, der nationalen Meisterschaft Schwedens. Hammarby IF gewann die Meisterschaft.","Die schwedische Eishockey-Meisterschaft von 1932 war die 11. Saison der schwedischen Eishockey-Meisterschaft, die schwedische Nationalmeisterschaft, Hammarby IF gewann die Meisterschaft.",1,1,0.2741152674138797,True
test_1398,Joe heiratete Ruth Marie Brinkmeyer aus Indianapolis am 15. Oktober 1914.,"Am 15. Oktober 1914 heiratete Ruth Marie Brinkmeyer Joe, der aus Indianapolis stammte.",0,1,0.581893350809208,False
test_1399,"Campbell heiratete Frances Owen im Jahr 1835. Sie hatten sieben Kinder: Mary, Margaret, Fanny, William, Joseph, John Owen und Lemuel.","1835 heiratete Campbell Frances Owen, die sieben Kinder hatte: Mary, Margaret, Fanny, William, Joseph, John Owen und Lemuel.",1,0,-0.07607878017028624,False
test_1400,"Es wurde von Willard Mack inszeniert und basiert auf einem Stück von 1917, „Tiger Rose“, von George Fitzmaurice.","Es wurde von Willard Mack inszeniert und basiert auf einem Theaterstück von 1917, „Tiger Rose“, von George Fitzmaurice.",1,1,0.048941166032424044,True
test_1401,Navarro ist ein Partido im Nordosten der Provinz Buenos Aires in Argentinien.,Navarro ist eine Partido im Nordosten von Argentinien in der Provinz Buenos Aires.,0,0,-0.4451705100885336,True
test_1402,"Er wurde in Brooklyn, New York, geboren und starb in Tiburon, Kalifornien.","Er wurde in Tiburon, Kalifornien, geboren und starb in Brooklyn, New York.",0,1,0.1290669319056872,False
test_1403,"Eine Elfe, deren Macht in ihren Haaren liegt, ist Teil von Elizabeth Ann Scarboroughs Novelle ""Aman Akbars Harem"" aus dem Jahre 1984.","Eine Peri deren Macht sich an ihren Haaren zeigt kommt in Elizabeth Ann Scarborough’s Roman aus dem Jahr 1984, „The Harem of Aman Akbar” vor.",1,1,0.20150743944583394,True
test_1404,Jacob Markell (8. Mai 1770 – 26. November 1852) war der Vater des New Yorker Abgeordneten Henry Markell.,"Jacob Markell (8. Mai 1770-26. November 1852) war ein US-Abgeordneter aus New York, Vater von Henry Markell.",1,0,-0.342395662188097,False
test_1405,"Er starb am 30. Juni 1954 an Magenkrebs in New York City. Claremore, Oklahoma ist die Heimat des Lynn Riggs Memorials.","Er starb am 30. Juni 1954 in New York an Magenkrebs, und Claremore, Oklahoma, ist die Heimat des Lynn Riggs Memorials.",1,1,0.7008932538207185,True
test_1406,Die Verbindung wurde von Dr. Patrick Page und seinem Team erfunden und 2007 von Genkyotex patentiert.,Die Substanz wurde von Dr. Patrick Page und seinem Team patentiert und 2007 von Genkyotex erfunden.,0,0,-0.25899969517035426,True
test_1407,"Julias jüngerer Bruder, Charles Martin Hall, wurde im Jahr 1863 in Thompson, Geauga County, Ohio, geboren.","Der jüngere Bruder von Thompson, Julia, wurde 1863 in Charles Martin Hall, Geauga County, Ohio geboren.",0,0,-0.6125886344443153,True
test_1408,Eine CD mit Stücken aus vierzehn seiner Filme wurde 2008 von Philip Powers veröffentlicht und von 1M1 Records produziert.,Eine CD mit Themen aus 14 seiner Filme wurde 2008 von Philip Powers produziert und bei 1M1 Records veröffentlicht.,0,0,-1.138880794675127,True
test_1409,"Als Edward II. am 7. Juli 1307 seinem Vater Edward I. folgte, war die Haltung seiner Untertanen im Allgemeinen eine gute Haltung gegenüber ihrem neuen König.","Als Edward I. am 7. Juli 1307 den Platz seines Vaters, Edward II., einnahm, war die Haltung seiner Untertanen im Allgemeinen von guten Intentionen gegenüber ihrem neuen König.",0,0,-0.577183991807095,True
test_1410,"Es liegt in der Nähe von Oughterard und Clifden, an der Straße N59 zum Lough Corrib, in Connemara.","Es liegt in der Nähe von Lough Corrib, an der N59 nach Oughterard und Clifden, in Connemara.",0,0,-0.25990488950470747,True
test_1411,Die Verwaltungsregion Chenzhou in der Tang-Dynastie steht unter der Verwaltung des modernen Henan im Osten von Zhoukou:,Die Verwaltungsregion Chenzhou in der Tang-Dynastie steht unter der Verwaltung des modernen Henan im Osten von Zhoukou:,1,0,-0.060143702004874844,False
test_1412,"Pino spielte in den Junior-Ligen der Minnesota Twins, der Cleveland Indians, der Toronto Blue Jays und der Cincinnati Reds organizations.","Pino spielte in den Jugend-Ligen der Toronto Blue Jays, der Cleveland Indians, der Minnesota Twins und der Cincinnati Reds.",1,1,0.6077010107524573,True
test_1413,"Cape Don wurde 1818 von George Don benannt, als Kompliment an General Sir Phillip Parker King, den Vizegouverneur von Gibraltar.","Cape Don wurde 1818 von Phillip Parker King als Kompliment an General Sir George Don, den Gouverneur von Gibraltar, den Leutnant, benannt.",0,0,-1.0048057900212526,True
test_1414,"Es ist auch das fünf höchste Gebäude in Russland, das sechst höchste Europas und einer der 90 sehr hohen Wolkenkratzer der Welt.","Es handelt sich hier auch um das sechsthöchste Gebäude in Russland, das fünfthöchste Gebäude in Europa und einen der 90 Supertall-Wolkenkratzer der Welt.",0,0,-1.167851628014226,True
test_1415,"Thomas Keiser (* 28. März 1989) ist ein Linebacker des amerikanischen Fußballs, der derzeit als freier Berater tätig ist. Keizer spielte College Football an der Stanford University.","Thomas Keiser (geboren am 28. März 1989) ist ein amerikanischer Fußballspieler, der derzeit als freier Agent am Stanford University College Football spielt.",1,0,-1.4535932183562141,False
test_1416,"Als Phil Spector zum ersten Mal von „Stubborn Kind of Fellow“ hörte, war er so aufgeregt, dass er die Kontrolle über sein Auto verlor, als er mit Jack Nitzsche den Sunset Boulevard entlang fuhr.","Als Jack Nitzsche das erste Mal ""störrischen Kerl"" hörte, war er so aufgeregt, dass er die Kontrolle über sein Auto verlor, als er mit Phil Spector den Sunset Boulevard entlang fuhr.",0,1,0.04689134848656906,False
test_1417,"Ballouhey existiert hauptsächlich in Isère in Paris und in Frankreich, sowie in Südafrika.",Ballouhey gibt es hauptsächlich in Paris in Isère und in Frankreich sowie in Südafrika.,1,0,-0.14623682640030766,False
test_1418,Es wurde später bestätigt am 15. Oktober im UK und am 23. Oktober in den USA als eine Single für das Album veröffentlicht zu werden.,"Es wurde später veröffentlicht, um als Single für das Album am 15. Oktober in Großbritannien und am 23. Oktober in den USA bestätigt zu werden.",0,0,-0.3476363770026506,True
test_1419,"Laut Prior war Robert Goldsmith, der Großvater des Dichters, Dramatikers und Romanautors Oliver Goldsmith, der erste der Familie der sich in Ballyoughter niederließ.","Oliver Goldsmith, der Großvater des Dichters, Dramatikers und Schriftstellers Robert Goldsmith, war laut Prior der erste Familienangehörige, der sich in Ballyoughter niederließ.",0,1,0.8598198067616666,False
test_1420,Sterling Brown war am besten für seinen authentischen afroamerikanischen Südstaatenakzent bekannt.,"Sterling Brown war sehr bekannt für seinen authentischen, südlichen, schwarzen Dialekt.",1,1,0.3537026954395154,True
test_1421,"Jonathan Erlich und Andy Ram gewannen den Titel als sie Mark Knowles und Daniel Nestor mit 5: 3, 5:4 im Finale besiegten.","Jonathan Erlich und Andy Ram gewannen den Titel und besiegten Mark Knowles und Daniel Nestor im Finale mit 5:3, 5:4.",1,1,0.508166012834871,True
test_1422,Bonnie Bedelia Culkin ( geboren am 25. März1948 ) ist eine amerikanische Schauspielerin.,"Bonnie Bedelia (geboren am 25. März 1948 in Bonnie, Bedelia) ist eine amerikanische Schauspielerin.",0,0,-0.6018571012052963,True
test_1423,Am 21. Juni 2016 ersetzte Debbie Matenopoulos Cristina Ferrare als seine neue Co-Moderatorin.,Debbie Matenopoulos ersetzte Cristina Ferrare am 21. Juni 2016 als seine neue Chefin.,0,0,-0.8951632265511419,True
test_1424,Eine moderne Idee einer dreifachen Gottheit steht im Mittelpunkt der neuen religiösen Bewegung Wicca.,Im Zentrum von Wiccas moderner Bewegung steht ein neues religiöses Konzept einer dreifachen Göttin.,0,0,-0.3442238043827745,True
test_1425,"Achesons Mutter Alice war Malerin und seine Großeltern mütterlicherseits waren Louis Stanley, ein Eisenbahnanwalt, und Jane C. Stanley, Aquarellist.","Archesons Mutter Alice war Malerin, seine Großeltern mütterlicherseits waren Jane C. Stanley, eine Eisenbahnanwältin und Louis Stanley, ein Aquarellist.",0,0,-0.925156856119192,True
test_1426,"Der Status der südkordofanischen Region des Nuba - Gebirges und des Blauen Nils ist weniger klar, da ethnische Daten komplexer sind.","Der Status der Region der Nuba-Berge in Südkurdufan und am Blauen Nil ist komplexer, da die ethnischen Daten weniger klar sind.",0,0,-0.6021538475463161,True
test_1427,Neben Kuykendall dienten Robert White und Joshua Soule Zimmerman als Kanzleikommissar für Hampshire County.,Neben Robert White und Joshua Soule Zimmerman war er als Kommissionsmitglied der Kanzlei im Bezirk Hampshire tätig.,0,1,0.5899513242370288,False
test_1428,"Diese waren im Vereinigten Königreich selten, aber in Europa, zumindest für große Lokomotiven, sind sie relativ häufig.","Diese waren selten im Vereinigten Königreich, aber relativ weit verbreitet in Europa, zumindest bei großen Lokomotiven.",1,0,-0.2840981653000375,False
test_1429,"Die Gruppe spielte landauf, landab und wurde in Israel berühmt, und tourte 2007 sogar in New York.","Die Gruppe spielte landauf, landab, wurde in Isreal berühmt und tourte 2007 sogar in New York.",1,0,-0.688842130914829,False
test_1430,"Zu den Sängern in der Band gehörten Dorothy Crane, Walter Cummins, Betty Griffin, Jerry Lang's Bruder Bernie und Scottee Marsh, die später mit Tommy Dorsey sangen.","Zu den Sängern in der Band gehörten Dorothy Crane, Jerry Lang, Betty Griffin, Bernie's Bruder Walter Cummins und Scottee Marsh, die später mit Tommy Dorsey sangen.",0,1,0.10248473283760651,False
test_1431,"Die ersten drei Hotels wurden in den 1980er Jahren in Frankreich gebaut, gefolgt vom ""Patio Eilat Resort Hotel"" in Israel.","Die ersten drei Hotels wurden in den 1980er Jahren in Israel gebaut, gefolgt von dem „Patio Eilat Resort Hotel“ in Frankreich.",0,1,0.1844353739099832,False
test_1432,"Als Lee Anfang 1862 zum militärischen Berater von Präsident Jefferson Davis angenommen wurde, ernannte er Long zum militärischen Sekretär im Rang eines Obersten.","Als Lee Anfang 1862 der Militärberater von Präsident Jefferson Davis wurde, ernannte er Long zum militärischen Sekretär in den Rang eines Oberst.",1,0,-0.9673307691424166,False
test_1433,"Nach der ersten Duellrunde besiegte Heine Totland die Skanksters und traf in der zweiten Runde auf Gaute Ormåsen, der Bjørn Johan Muri besiegte.","Nach der ersten Runde der Duelle besiegte Heine Totland die Skanksters und traf in der zweiten Runde auf Gaute Ormåsen, der Bjørn Johan Muri besiegte.",1,1,0.052223755415554796,True
test_1434,"Der Flug berichtete darüber, wie klein der Hurrikan war, inklusive des großen Auges.",Der Flug ergab dass es ein kleiner Orkan mit einem breiten Auge war.,1,0,-1.7297375099030834,False
test_1435,Unter dem deutschen Namen „Vinothek” haben sich Önotheken nördlich der Alpen von Österreich nach Deutschland ausgebreitet.,Die Enoteche erstreckte sich unter dem deutschen Namen „Vinothek“ auf Österreich nördlich der Alpen und von Deutschland auf Österreich.,0,1,0.5757433341704018,False
test_1436,Die obigen Beispiele der Singularendung „-m“ waren Possessivformen für die erste Person.,Die obigen Beispiele des besitzanzeigenden Schemas „-m“ waren für die erste Person Singular.,0,0,-0.21647556070630103,True
test_1437,These three paternal dynasties ruled the kingdom of Waalo with the Mbooj maternal family .,Diese drei maternalen Dynastien beherrschen das Königreich Waalo zusammen mit der paternalen Familie der Mbooj.,0,0,-2.0438673656104833,True
test_1438,"Von dieser Bevölkerung sind 87,91 % ethnische Ungarn, 7,53 % ethnische Rumänen und 4,43 % ethnische Roma.","Von dieser Bevölkerung sind 87,91 % ethnische Rumänen, 7,53 % ethnische Ungarn und 4,43 % ethnische Roma.",0,1,0.10477575379896531,False
test_1439,7. November: Die am 2. November in New York eingetroffene Delegation des Sicherheitsrats der Vereinten Nationen kehrte nach Afghanistan zurück.,"7. November: Die Delegation des Sicherheitsrates der Vereinten Nationen, die am 2. November in Afghanistan ankam, kehrte nach New York zurück.",0,1,0.13891710812409497,False
test_1440,"Wilhelm Keppler begleitete Cuno im Jahr 1932, um Adolf Hitler auf dem Gebiet der Wirtschaft zu beraten.",Wilhelm Keppler schloss sich 1932 Cuno an um Adolf Hitler wirtschaftlich zu beraten.,1,0,-0.8244191755780046,False
test_1441,Die Verwaltungsregion Chenzhou in der Tang-Dynastie fällt unter die Verwaltungsbehörden des modernen Zhoukou im östlichen Henan:,In der Tang-Dynastie stand die Verwaltungsregion Chenzhou  unter der Regierung des modernen Zhoukou im östlichen Henan:,1,1,0.28271947623808213,True
test_1442,Er zog nach Indiana und ließ sich in Connersville nieder und setzte die Anwaltskanzlei fort.,"Er zog um nach Indiana, ließ sich in Connersville nieder und führte seine Anwaltspraxis fort.",1,1,0.15001760168032718,True
test_1443,"Heinz Kohut sah das grandiose Selbst als Fixierung auf ein normales Kindheitsstadium, während andere Post-Freudianer die Rolle der Fixierung bei Aggression und Kriminalität untersuchten.","Heinz Kohut sah das normale Selbst als Fixierung auf eine grandiose Kindheitsphase, während andere Post-Freudianer die Rolle der Fixierung bei Aggression und Kriminalität untersuchten.",0,1,0.16191837321160074,False
test_1444,"Später, während des Angriffs auf Andrew, Graf von Angoulême, würde Richard Adémars Truppen anführen.","Später, während des Angriffs auf Adémar, Graf von Angoulême, gehörte Andrew zu Richards Streitkräften.",0,1,0.04464027213580979,False
test_1445,Die Massenproduktion von elektronischen und digitalen Filmen war bis zum Aufkommen der pornografischen Videotechnik direkt mit der etablierten Filmindustrie verbunden.,Bis zum Aufkommen der elektronischen und digitalen Videotechnik war die Massenproduktion pornografischer Filme direkt mit der Hauptfilmindustrie gebunden.,0,0,-1.1972090262943658,True
test_1446,"Er hat als Profi in Italien, Russland, Griechenland, Frankreich, Indonesien und Griechenland gespielt und nationale Meisterschaften in Puerto Rico, Portugal und Indonesien gewonnen.","Er spielte professionell in Griechenland, Russland, Italien, Frankreich, Puerto Rico, Portugal und Indonesien und gewann nationale Meisterschaften in Indonesien und Griechenland.",0,0,-0.06416164780442746,True
test_1447,"Dass ich gegangen bin, dass ich verloren habe.","Dass ich verloren habe, dass ich gegangen bin.",1,0,-0.02883945632231988,False
test_1448,"Nachdem er in Rente gegangen war, blieb er in Krzemieniec und verstarb dort.",Nach seiner Pensionierung blieb er in Krzemieniec und verstarb dort.,1,0,-0.9098401741377703,False
test_1449,"Die realisierte Abweichung basierend auf der Formel 7 Intraday - Returns ist in Formel 8 angegeben, wobei die Intraday - Returns durch definiert sind","Die realisierte Varianz basierend auf Formel _ 7 Intraday-Renditen wird durch Formel _ 8 gegeben, wobei die Intraday-Renditen definiert werden können durch",1,0,-0.4422401519721627,False
test_1450,"Der Konsonant - Ejektiv ist eine Art Velarlaut, der in einigen gesprochenen Sprachen verwendet wird. Das Symbol im Internationalen phonetischen Alphabet, das diesen Laut darstellt.","Der konsonantische Ausstoß ist eine Art Velar-Laut, der in einigen gesprochenen Sprachen verwendet wird. Das Symbol im Internationalen Phonetischen Alphabet, das diesen Klang darstellt, ist.",1,1,0.19798575497677373,True
test_1451,"Bisher wurden Zinovjevs Werke vom Oulu Symphony Orchestra, Lahti Symphony Orchestra, Kymi Sinfonietta, dem Finnish Radio Symphony Orchestra und Avanti aufgeführt!","Bisher wurden die Werke von Zinovjev vom Finnish Radio Symphony Orchestra, dem Lahti Symphony Orchestra, der Kymi Sinfonietta, dem Oulu Symphony Orchestra und den Avanti aufgeführt!",1,1,0.11350139772718137,True
test_1452,"Aamir Khan vereinbarte in „Rang De Basanti” aufzutreten, sofort nachdem er Mehra’s Drehbuch gelesen hatte.","Mehra stimmte unmittelbar nach der Lektüre des Skripts von Aamir Khan zu, in ""Rang De Basanti"" mitzuspielen.",0,0,-0.6588604825260341,True
test_1453,Unten sind einige von ihnen beschrieben und hier auch mit „Externe Links” verknüpft.,Einige von ihnen sind unten beschrieben und einige hier unter „Externe Links” verknüpft.,1,0,-0.6303781672856846,False
test_1454,McCall und Lesiuk verließen die Band im Sommer 2007 wobei McCall durch Jamie Macleod am Schlagzeug ersetzt wurde und Steven Tosh den Bass übernahm.,McCall und Lesiuk verließen die Band im Sommer 2007. McCall wurde durch Jamie Macleod am Schlagzeug ersetzt und Steven Tosh übernahm den Bass.,1,0,-0.5480993881450019,False
test_1455,Der 40-minütige Film wurde von Alain Godard zusammen mit Annaud geschrieben.,Der 40-minütige Film wurde von Alain Godard mit Annaud geschrieben.,1,1,0.20772738326959506,True
test_1456,"Dabei handelt es sich um die formale Art, Speisen zu servieren und zu essen, die in den Zen-Tempeln praktiziert wird.","Dies ist der Zen-Stil des Servierens und Essens, der in formalen Tempeln praktiziert wird.",0,0,-0.5783804109051276,True
test_1457,"Tom fährt in die Toskana und konfrontiert William und Hélène mit den Nachrichten, die Marianne ihm erzählt hat.","Tom reist in die Toskana und konfrontiert William und Marianne mit den Neuigkeiten, die Hélène ihm mitgeteilt hat.",0,0,-0.530971890622873,True
test_1458,"Der Sitz ist in Mondercange, südlich von Luxemburg-Stadt.","Es hat seinen Sitz in Mondercange, südlich von Luxemburg-Stadt.",1,0,-1.0430200313140727,False
test_1459,Er nahm an mehreren internationalen Symposien und nationalen Ausstellungen (DAE) teil und gewann mehrere Bildhauer-Wettbewerbe.,Er nahm auch an mehreren internationalen Symposien und nationalen Ausstellungen (DAE) teil und gewann mehrere Bildhauer-Wettbewerbe.,1,1,0.9453721681864068,True
test_1460,"Nach 2014 haben mehr Ukrainer aus der Ostukraine, mehr Männer und mehr jüngere Ukrainer in Polen gearbeitet.","Nach 2014 haben mehr Ukrainer aus der Ostukraine, mehr jüngere Männer und mehr Ukrainer in Polen gearbeitet.",0,1,0.5563596414179038,False
test_1461,Es wurde am 28. Januar 2008 in den Vereinigten Staaten von der Angular Recording Corporation und am 18. März 2008 in Großbritannien von Domino Records veröffentlicht.,Es wurde am 28. Januar 2008 von Angular Recording Corporation im Vereinigten Königreich und am 18. März 2008 von Domino Records in den Vereinigten Staaten veröffentlicht.,0,0,-1.024584102604833,True
test_1462,NS,"Der 9. Dienstposten New Deal, wie in der Newsrail vom September 1982 abgedruckt, ist unten aufgeführt und zeigt die N-Wagenfahrten.",0,0,-1.2351025874873516,True
test_1463,Er veröffentlichte auch Scenic Beauties Collection und Extracurricular Painting Guides.,Er veröffentlichte auch Scenic Beauties Collection und Extracurricular Painting Guides.,1,1,1.4571203194407278,True
test_1464,Es wurde 1605 an Lord Cromwell übergeben und 1636 an Sir Francis Blundell verkauft.,Es wurde 1605 an Lord Cromwell übergeben und 1636 an Sir Francis Blundell verkauft.,1,1,0.04630597013228577,True
test_1465,"Atalacmea multilinea ist eine Art der Meeresschnecken oder echten Napfschnecken, ein Meeres-Gastropoden-Mollusk aus der Familie der Lottiidae, eine der wahren Napfschnecken-Familien.","Atalacmea multilinea ist eine Art Meeresschnecke oder echte Napfschnecke, eine echte Gastropoden-Molluske aus der Familie der Lottiidae, einer der Familien der marinen Napfschnecken.",0,0,-0.5209894813396753,True
test_1466,Casely Hayford war außerdem stark in die politische Bewegung im Hinblick auf die afrikanische Emanzipation involviert.,Casely Hayford war ebenfalls stark an der afrikanischen Bewegung zur politischen Emanzipation beteiligt.,0,0,-0.3684305106917819,True
test_1467,"Es ist leichter und viel kürzer in der Länge - ein notwendiger Designparameter, wenn man seine Platzierung in Kleinwagen bedenkt.","Es ist leichter und in der Länge deutlich kürzer, angesichts seiner Positionierung unter den Kompaktautos ein unerlässlicher Designparameter.",1,0,-0.20002538001059333,False
test_1468,Im Januar 2011 kündigte AMD die AMD Accelerated G-Series Embedded Processing Unit (AMD) an.,Im Januar 2011 kündigte AMD die AMD Accelerated G-Series Embedded Processing Unit an.,1,1,0.9391378379078809,True
test_1469,Sie entkamen als jüdische Familie vor der Deportation in die Konzentrationslager weil sie von einer belgischen Familie in Comblain-au-Pont versteckt wurden.,"Als jüdische Familie entkamen sie der Deportation in die Konzentrationslager, da sie von einer belgischen Familie in Comblain-au-Pont versteckt wurden.",1,0,-0.20399953189481568,False
test_1470,"Mit einer Primärnotierung an der nigerianischen Börse ist es das erste afrikanische Unternehmen, das eine grenzüberschreitende Einwärtsnotierung an der Johannesburger Börse hat.",Mit einer grenzübergreifenden Börsennotierung an der Börse von Johannesburg ist es das erste afrikanische Unternehmen mit einer primären Notierung an der nigerianischen Börse.,0,1,0.09819382688391387,False
test_1471,"Basie Land ist ein Studioalbum von Billy Byers und seinem Orchester aus dem Jahr 1964, das von Count Basie komponiert und arrangiert wurde.",Basie Land ist ein Studioalbum aus dem Jahre 1964 von Billy Byers und seinem Orchester. Die Musik wurde von Count Basie komponiert und arrangiert.,1,0,-0.883766634118318,False
test_1472,Der Fluss Dobroaia ist ein Nebenfluss des Aujel in Rumänien.,Der Fluss Dobroaia ist ein Nebenfluss des Aușel in Rumänien.,1,1,0.10385450779412686,True
test_1473,"Zu den ersten Beiratsmitgliedern gehörten Walter Cronkite, Norman Cousins, Gore Vidal, Norman Podhoretz, Saul Bellow und Alistair Cooke.","Zu den ersten Beratern gehörten Walter Cronkite, Norman Vetter, Gore Vidal, Norman Podhoretz, Saul Bellow und Alistair Cooke .",1,1,0.8497345391812318,True
test_1474,"Die Gemeinden Nickerson, Duquette, Bruno, Askov, Sandstone und Sturgeon Lake befinden sich alle in der Nähe von Kerrick.","Nickerson, Duquette, Bruno, Askov, Sandstone und Sturgeon Lake sind alles Nachbargemeinden von Kerrick.",1,0,-1.6233694349410686,False
test_1475,"Der Musiksaal wurde 1862 erstmals von Paris nach London importiert und wurde enorm populär, mit Tänzern, Sängern, Akrobaten, Zauberern und Tieren.","Der Musiksaal wurde 1862 erstmals von London nach Paris importiert und wurde mit Tänzern, Sängern, Akrobaten und Zauberern enorm beliebt.",0,0,-0.08076923616188991,True
test_1476,"In der Nähe ist der Lostine Fluss, ein Nebenfluss des Wallowa Flusses, östlich des Wallowa-Gebirges im nordöstlichen Oregon.","Der Lostine River, ein Nebenfluss des Wallowa River, östlich der Wallowa Mountains im Nordosten von Oregon, liegt in der Nähe.",1,0,-0.8351552208970672,False
test_1477,Er war mit Elisabeth Young (1854-1932) verheiratet und war der Vater des Schiffsmagnaten N. O. Young Fearnley und Landeigentümers Thomas Fearnley.,Er war mit Elisabeth Young (1854 - 1932) verheiratet und war der Vater des Schifffahrtsmagnaten Thomas Fearnley und des Grundbesitzers N. O. Young Fearnley.,0,1,0.2150169020103042,False
test_1478,Er wurde von Dale Romans trainiert und in seinen wichtigsten Rennen vom Jockey John Velazquez geritten.,Er war durch John Velazquez trainiert und in seinem wichtigsten Rennen von Jockey Dale Romans geritten.,0,0,-0.10733773346992759,True
test_1479,"Generell werden holomorphe Funktionen durch ""W"" entlang einer Subvariante ""V"" definiert, indem holomorphe Funktionen auf affine Subvarianten geklebt werden.",Bei allgemeinen holomorphen Funktionen entlang einer Teilmenge sind „V” von „W”  durch das Zusammenfügen holomorpher Funktionen auf affinen Untermengen definiert.,1,1,0.4684916368138249,True
test_1480,Der Film wurde von Alena Kruchkova geschnitten und von Andrei Litvinov produziert.,Der Film wurde von Alena Kruchkova editiert und von Andrei Litvinov produziert.,1,1,0.365727359124676,True
test_1481,"Er inszenierte und schrieb seinen ersten Spielfilm, der im Mai 2011 produziert wurde.","Im Mai 2011 produzierte, inszenierte und schrieb er seinen ersten Spielfilm.",1,0,-0.6683906346522973,False
test_1482,"Wo die moderne Industriegesellschaft zugunsten der Industriegesellschaft zusammenbrach, verwandelt die moderne Landwirtschaft die neue Gesellschaft in eine zweite und reflexivere Netzwerk- oder Informationsgesellschaft.","Wo die Moderne die Industriegesellschaft zugunsten der Industriegesellschaft zerrüttete, verwandelt die landwirtschaftliche Moderne die neue Gesellschaft in eine zweite und reflexivere Netzwerk- oder Informationsgesellschaft .",1,0,-0.19820846418087623,False
test_1483,"Vermont grenzt im Norden an Mitcham, im Westen an Nunawading und Forest Hill, im Süden an Vermont South und im Osten an Wantirna und Ringwood.","Vermont South grenzt an Mitcham im Norden, Nunawading und Forest Hill im Westen, Vermont im Süden und Wantirna und Ringwood im Osten.",0,0,-0.4286134726549856,True
test_1484,"Er wurde am 21. Dezember 1965 in Oxon Hill, Maryland, geboren und besuchte die High School in New Haven, Connecticut.","Er wurde am 21. Dezember 1965 in New Haven, Connecticut, geboren und besuchte die Oxon Hill High School in Oxon Hill, Maryland .",0,0,-0.2592129757935452,True
test_1485,"Gyula ist nach dem mittelalterlichen ungarischen Herrscher Gyula III benannt, der auch unter den ungarischen Stämmen ein Titel war und noch immer ein beliebter Vorname für Jungen war.",Gyula wurde nach dem ungarischen Herrscher aus dem Mittelalter Gyula III. benannt. Gyula war auch ein Titel bei den ungarischen Stämmen und ist noch immer ein beliebter Name für Jungen.,1,0,-0.28766767771915935,False
test_1486,Sie wurde von den Deutschen versenkt und 1943 bis 1944 zweimal durch Bombenangriffe der Alliierten getroffen und schließlich 1946 bis 1947 geborgen.,1943–1944 wurde es von den Deutschen versenkt und zweimal von alliierten Bombern attackiert und schließlich 1946–1947 geborgen.,1,0,-0.6838675237756561,False
test_1487,In der Geschichte solcher Geräte löste es „The Turk“ ab und wurde durch „Mephisto“ ersetzt.,"In der Geschichte derartiger Automaten waren ""The Turk"" und ""Mephisto"" erfolgreich.",1,1,0.01108718643530826,True
test_1488,Eine moderne Idee einer dreifachen Göttin steht im Mittelpunkt der neuen religiösen Bewegung der Wicca.,Eine neue religiöse Idee einer dreifachen Göttin ist von zentraler Bedeutung für die moderne Bewegung der Wicca.,0,0,-0.4878619627810398,True
test_1489,Agranat wurde im Jahr 1906 in Louisville in Kentucky als Sohn einer jüdisch-zionistischen Familie geboren.,"Agranat wurde 1906 in Louisville, Kentucky, in einer jüdisch-zionistischen Familie geboren.",1,0,-0.3780274813195611,False
test_1490,"Weitz ist verheiratet mit Sebastian Weitz, einem kubanischen Mexikaner, mit dem er einen Sohn hat, Mercedes Martinez und eine Tochter, Athena Weitz.","Verheiratet ist Sebastian Weitz, der kubanischer Mexikaner ist, mit wem er einen Sohn, Mercedes Martinez und eine Tochter, Athena Weitz, hat.",1,0,-0.4423388055380236,False
test_1491,"Don Carlos Driggs wurde 1907 in Driggs, Idaho als Sohn von Junius, der die Stadt gründete, und May Jerusha Robison geboren.",NS,0,0,-1.4911670253661073,True
test_1492,"Die Band spielte großflächig, wurde in Israel berühmt und tourte 2007 sogar in New York City.",Die Gruppe tourte ausgiebig und war in Israel berühmt und spielte 2007 sogar in New York City.,0,0,-0.8876993704682034,True
test_1493,Es war die dritte Aufgabe des Turniers und der sechste Halt der 14 IRB Sevens World Series 2013.,Es war die dritte Auflage des Turniers und die sechste Station der 2013/14 IRB Sevens World Series .,1,0,-0.4577098780670724,False
test_1494,Bei Handys mit WVGA ist diese Bildschirmauflösung unterdessen allgemein üblich. Auf dieser Liste stehen Telefone mit nativen Displays.,"Handys mit nativem WVGA-Display - die Auflösung hat sich durchgesetzt, dies ist eine Liste von Handys, die solche Displays haben.",0,0,-1.529336183047465,True
test_1495,"Nach der ersten Runde des Duells besiegte Heine Totland die Skanksters und traf in der zweiten Runde auf Gaute Ormåsen, der Bjørn Johan Muri besiegte.","Nach der ersten Runde der Duelle besiegte Heine Totland die Skanksters und traf auf Gaute Ormåsen, der Bjørn Johan Muri besiegte, in der zweiten Runde.",1,0,-0.10392053410497237,False
test_1496,Er spielte in fünf aufeinander folgenden Spielen von Runde 1 (Huddersfield Giants) bis Runde 5 (Wakefield Trinity Wildcats).,Er spielte in fünf aufeinander folgenden Spielen aus Runde 1 (Huddersfield Giants) bis Runde 5 (Wakefield Trinity Wildcats).,1,1,0.6400049442412566,True
test_1497,Er war mit Elisabeth Young (1854 - 1932) verheiratet und war der Vater des Schifffahrtsmagnaten Thomas Fearnley und des Grundbesitzers N. O. Young Fearnley.,Er war mit Elisabeth Young (1854 - 1932) verheiratet und der Vater des Schifffahrtsmagnaten Thomas Fearnley und des Landbesitzers N. O. Young Fearnley.,1,1,0.29587866308724886,True
test_1498,Eine CD mit Themen aus vierzehn seiner Filme wurde 2008 bei Philip Powers veröffentlicht und von 1M1 Records produziert.,Eine CD mit Themen aus vierzehn seiner Filme wurde 2008 bei Philip Powers veröffentlicht und von 1M1 records produziert.,1,0,-0.7812233114006065,False
test_1499,Der erste Flug mit Air Ceylon am 10. Dezember 1947 war von Kankesanthurai nach Madras über den Flughafen Ratmalana.,Der Einweihungsflug von Air Ceylon ging am 10. Dezember 1947 vom Ratmalana Airport über Kankesanthurai nach Madras.,0,0,-0.7691172993343375,True
test_1500,NS,"Die möglichen Silbenstrukturen sind V, CV oder CCV, während die zweite Konsonant ist.",0,0,-1.8955572583618676,True
test_1501,NS,NS,0,1,0.46795547600951715,False
test_1502,"Dezipium war der vorgeschlagene Name für ein neues chemisches Element, das von Marc Delafontaine vom Mineral Samarskit isoliert wurde.","Decipium war der vorgeschlagene Name für ein neues chemisches Element, das von Marc Delafontaine aus dem Mineral Samarskit isoliert wurde.",1,1,0.13363349941823377,True
test_1503,Er starb am 6. Januar 1976 in Alicante und wurde in der Kirche der Madrid-Kirche begraben.,Er verstarb am 6. Januar 1976 in Madrid und wurde in der Kirche von Alicante bestattet.,0,0,-0.6263816820830904,True
test_1504,Ihr Urenkel war der Schauspieler Richard Marner (geb. Alexander Molchanoff).,Ihr Urenkel war der Schauspieler Richard Marner (geborener Alexander Molchanoff).,1,1,0.39656157568495576,True
test_1505,"Somatherapie (oder Soma) wurde in den 70er Jahren von Wilhelm Reich als Gruppentherapie entwickelt, dies auf der Grundlage der Forschungen des Psychoanalytikers Freire.",Die Somatotherapie ( oder Soma) wurde in den 1970er Jahren von den Freire als Gruppentherapie auf der Grundlage der Forschungen des Psychoanalytikers Wilhelm Reich geschaffen.,0,0,-1.1106658381047705,True
test_1506,Imagica und Robot Communications gründeten am 1. April 2004 die Imagica Robot Holdings Inc. und Imagica wurde Teil dieses Unternehmens.,Am 1. April 2004 gründeten Imagica und Robot Communications gemeinsam die Imagica Robot Holdings Inc. und Imagica wurde Teil dieser Firma.,1,0,-0.06182324088841795,False
test_1507,"Der Sikhismus ist eine Religion, die in Indien in der Mitte des 15. Jahrhunderts mit dem ersten Guru begann, bekannt als der Guru Nanak Dev Ji ( 1469-1539 C.E . ).","Sikhismus ist eine Religion, die Mitte des 15. Jahrhunderts mit dem ersten Guru, bekannt als Guru Nanak Dev Ji (1469 - 1539 unserer Zeitrechnung) in Indien begann.",1,1,0.7346735304764204,True
test_1508,"Pennmakkal ist ein indischer Malayalam-Film von 1966, produziert von J. Sasikumar und inszeniert von KP Kottarakkara.","Pennmakkal ist ein indischer Malayalam-Film aus dem Jahre 1966, produziert von J. Sasikumar und unter der Regie von KP Kottarakkara.",1,0,-0.11653203854691141,False
test_1509,"Ashte ist ein Dorf im Distrikt Dahanu in Maharashtra, Indien. Es it in Palghar - Taluka gelegen.","Ashte ist ein Dorf in Palghar - Bezirk Maharashtra, Indien. Es befindet sich im Dahanu - Taluka .",0,0,-0.666683239505237,True
test_1510,"Alexandre Édouard Maurice Cossmann, genannt Maurice Cossmann (18. September 1850 - 17. Mai 1924) war ein französischer Paläontologe und Malakologe.","Maurice Cossmann, voller Name von Alexandre Édouard Maurice Cossmann (18. September 1850 - 17. Mai 1924) war ein französischer Paläontologe und Malakologe .",0,0,-0.13475869093155224,True
test_1511,Im Februar 2014 kündigte Network Ten an dass Hugh Riminton Danielle Isdale als Moderator und Victoria Murphy als Sportmoderator ersetzen würde.,"Im Februar 2014 gab Network Ten bekannt, dass Danielle Isdale Hugh Riminton als Moderatorin ersetzen würde, und Victoria Murphy würde die Sportmoderatorin werden.",0,1,0.7953781306504691,False
test_1512,Es begann mit der japanischen Invasion Chinas über Finnland und der sowjetischen Invasion der Mandschurei im Jahr 1937.,Er begann mit der japanischen Invasion Chinas über die Mandschurei und der sowjetischen Invasion Finnlands im Jahr 1937.,0,0,-0.1208204785378143,True
test_1513,"John John Milton bezieht sich auf Shakespeare und zitiert Angela Warren „Comus“: „Unter der glasigen, kühlen, lichtdurchlässigen Welle“.","Angela Warren bezieht sich auf Shakespeare und zitiert John Miltons „Comus”:  „Unter der glasigen, kühlen, durchscheinenden Welle”.",0,0,-0.09986140325019466,True
test_1514,Audubon Council entstand aus der Zusammenlegung von Shawnee Trails Council und Four Rivers Council.,Shawnee Trails Council entstand aus der Zusammenlegung von Four Rivers Council und Audubon Council.,0,1,1.0893944965891795,False
test_1515,Im Jahr 1953 ging das Team in Asien auf Tour und im August 1959 in Australien.,Das Team machte im Jahr 1953 auch eine Tour durch Australien und im August 1959 durch Asien.,0,0,-0.2675113534235496,True
test_1516,Der Boia Mică ist ein Nebenfluss des Valea Sterminoasă in Rumänien.,Der Boia Mică ist ein Nebenfluss des Valea Sterminoasă in Rumänien.,1,1,0.3277293845867836,True
test_1517,Das Departement Tarapacá war ein Departement der Provinz Tarapacá in den Jahren 1883 bis 1928. Es gehörte zu Chile.,Die Abteilung Tarapacá war von 1883 bis 1928 eine Abteilung Chiles. Es war Teil der Provinz Tarapacá.,0,0,-1.0076504366558272,True
test_1518,Das nasseste Jahr war 1983 und das trockenste Jahr war 1976.,"1983 war das feuchteste Jahr, 1976 das trockenste.",1,0,-0.024427164423961645,False
test_1519,"„Around the World in 80 Minutes“ mit Robert E. Sherwood, ist ein amerikanischer Pre-Code Dokumentarfilm von 1931, der von Douglas Fairbanks gedreht und von Douglas Fairbanks und Victor Fleming geschrieben wurde.","„In 80 minutes around the world“ mit Robert E. Sherwood, ist ein amerikanischer Precode-Dokumentarfilm des Regisseurs Douglas Fairbanks von 1931 und von Douglas Fairbanks und Victor Fleming geschrieben.",1,1,0.32828025849834674,True
test_1520,"Im November 1989 war Delaney Mitglied der New York Stock Exchange und wurde Senior Managing Director bei Henderson Brothers, Inc. und Bear Wagner.","Im November 1989 wurde Delaney Mitglied des New York Stock Exchange und wurde leitender Verwaltungsdirektor bei Henderson Brothers, Inc. und Bear Wagner.",0,0,-1.1817467067723326,True
test_1521,"Dies war das erste von drei Hotels der dritten Klasse, die im zentralen Geschäftsviertel erbaut wurden.",Das war das erste von drei drittklassigen Hotels die im Hauptgeschäftsviertel gebaut wurden.,1,0,-0.544990647257146,False
test_1522,"Siebenberg hat den Song als seinen Favoriten auf dem Album beschrieben, „weil er so persönlich und so unverfälscht ist“.","Siebenberg beschrieb den Song als seinen Favoriten auf dem Album, da er so persönlich und rein ist.",1,1,0.48844549326417763,True
test_1523,Petkeljärvi National Park ist ein Nationalpark in der Region Ilomantsi in Nordkarelien in Finnland.,Der Petkeljärvi-Nationalpark ist ein Nationalpark in Ilomantsi in der Region Nordkarelien in Finnland.,0,0,-0.6328380070753171,True
test_1524,In seinem ersten Spiel für die LSU schnappte er sich 32 Rebounds gegen die Tulane University.,In seinem allerersten Spiel für die Tulane University schnappte er sich 32 Rebounds gegen LSU.,0,1,0.39782219558813414,False
test_1525,"Bei Patienten mit postmenopausaler Osteoporose sinkt das Frakturrisiko, es erhöht aber das Infektionsrisiko.","Bei postmenopausaler Osteoporose verringert es das Risiko von Frakturen, erhöht jedoch das Infektionsrisiko.",1,1,0.267452405523143,True
test_1526,Großherzog Ludwig IV. verstarb am 13. März 1892 an einem Herzinfarkt im Neuen Palast in Darmstadt und sein Sohn Ernest Louis nahm seine Stelle ein.,Großherzog Ernest Louis starb am 13. März 1892 an einem Herzinfarkt im Neuen Schloss in Darmstadt und wurde von seinem Sohn Ludwig IV. abgelöst.,0,0,-0.5913857618162305,True
test_1527,"Bhagyamudra ist ein Film aus dem Jahr 1968 auf Malayalam, unter der Regie von S. L. Puram Sadanandan und geschrieben von M. A. V. Rajendran.","Bhagyamudra ist ein Film in Malayalam-Sprache aus dem Jahr 1968, der von S. L. Puram Sadanandan geleitet und von M. A. V. Rajendran geschrieben wurde.",1,0,-0.9740743604502847,False
test_1528,"2011 schrieb er auch die Biographie der Sängerin Madonna mit dem Titel „Mad for Madonna The Queen of Pop”, die von Castelvecchi Publisher verlegt wurde.","Im Jahr 2011 veröffentlichte er auch die Biographie der Sängerin Madonna mit dem Titel „Mad for Madonna, Queen of Pop"", schrieb der Castelvecchi-Verlag.",0,0,-0.43138727758841255,True
test_1529,"Das Album wurde in Los Angeles von Aníbal Kerpel aufgenommen. Gemischt in „La Casa“ Studien in Los Angeles, Kalifornien.","Dieses Album wurde in Los Angeles, Kalifornien von Aníbal Kerpel aufgenommen, gemischt in „La Casa“ Studios in Los Angeles.",1,0,-0.10617343871309359,False
test_1530,"Carpenter hatte Lieutenant Hugh L. Scott eigens dazu ausgewählt, die Truppe L (bestehend aus Kiowa, Komantschen und Apachen) für die 7. Kavallerie zu organisieren und zu befehligen.","Hugh L. Scott hatte Lieutenant Carpenter ausgewählt, damit dieser Troop L (bestehend aus Kiowa, Comanche und Apache-Indianern) für die 7. Kavallerie zu organisieren und zu befehligen.",0,0,-0.8041876085332605,True
test_1531,"Eine weitere Möglichkeit, die Hirschpopulation zu regulieren, ist die Kontrolle der Geburtenrate.","Eine weitere Möglichkeit, die Population von Hirschen zu kontrollieren, ist die Regulierung der Geburtenrate.",1,1,0.7123660780637605,True
test_1532,Der Spielplatz ist neu mit modernen Fitnessgeräten für Kinder.,Der neue Spielplatz ist mit modernen Fitnessgeräten für Kinder ausgestattet.,1,0,-0.1738848713744191,False
test_1533,"Im Jahr 2012 spielte Jennifer la Pena als Gil mit im TV-Remake des Films ""Mundo Man ay Magunaw"" von Salvador Royales.","Im Jahr 2012 wurde Jennifer la Pena als Gil Teil des TV-Remakes des Salvador Royales-Films „Mundo Man ay Magunaw"".",1,0,-0.4574468108851605,False
test_1534,"Der Kurnur-Damm ist ein Erdschüttungsdamm am Fluss Bori in der Nähe von Tuljapur, im Distrikt Osmanabad im Bundesstaat Maharashtra in Indien.","Tuljapur ist ein Erddamm am Bori-River in der Nähe des Kurnur-Damm, in Osmanabad im Staat Maharashtra in Indien.",0,0,-0.6178973129315685,True
test_1535,"Sie wurde in Cochabamba, Bolivien geboren. In den 90er Jahren zog sie nach Los Angeles und später nach Mexico City.","In Cochabamba in Bolivien geboren, zog sie in den 1990er Jahren nach Mexiko City und später nach Los Angeles.",0,0,-0.28817462343560574,True
test_1536,"Er hat drei Söhne Cole, Lukas, Owen mit seiner Frau Karla und auch von Regina.","Er hat mit seiner Frau Karla, die ebenfalls zu Regina gehört, drei Söhne - Owen, Lukas und Cole.",1,1,0.22764601381474237,True
test_1537,"""In 80 Minuten um die Welt"" mit Douglas Fairbanks, ein amerikanischer Pre-Codex-Dokumentarfilm aus dem Jahr 1931, wurde von Douglas Fairbanks und Victor Fleming und von Robert E. Sherwood inszeniert.","„In 80 minutes around the world“ mit Robert E. Sherwood, ein amerikanischer Precode-Dokumentarfilm, wurde vom Regisseur Douglas Fairbanks 1931 und von Douglas Fairbanks und Victor Fleming geschrieben.",0,1,0.45307145543688654,False
test_1538,"Atlantas größte Moschee, Al Farooq Masjid, ist an der 14. Straße im Stadtzentrum von Atlanta gelegen.","Atlantas größte Moschee, Al Farooq Masjid, ist an der 14. Straße im Stadtzentrum von Atlanta gelegen.",1,1,0.41726160795128975,True
test_1539,In der Tang-Dynastie steht die Verwaltungsregion Chenzhou unter der Regierung des modernen Zhoukou im östlichen Henan:,Der Chenzhou-Distrikt in der Tang-Dynastie fällt unter die Verwaltung des modernen Zhoukou im Osten von Henan:,1,0,-0.16610511428668917,False
test_1540,Es wurde von den Deutschen versenkt und 1943 zweimal von alliierten Bombern vernichtet - 1944 und schließlich 1946 - 1947.,Sie wurde von den Deutschen errichtet und von 1943 - 1944 zweimal von alliierten Bombern versenkt. Schließlich wurde sie von 1946-1947 verschrottet.,0,0,-0.8973624532913852,True
test_1541,"Er ließ sich schließlich im Nordwesten Italiens nieder, offensichtlich unterstützt von Guy, wo er wahrscheinlich den Titel ""Come"" erhielt.",NS,0,0,-1.5978257077895828,True
test_1542,Die Suffolk University unterhält eine Abstandskamera im New England Cable News Fernsehstudio in der Innenstadt von Boston.,New England Cable News betreibt eine ferngesteuerte Kamera im Fernsehstudio der Suffolk University in der Innenstadt von Boston.,0,0,-0.6145816439886193,True
test_1543,Es wurde 1605 an Lord Cromwell übergeben und 1636 an Sir Francis Blundell verkauft.,1605 wurde es an Lord Cromwell verkauft und 1636 ging es an Sir Francis Blundell.,0,0,-0.27728510435247944,True
test_1544,"Bei normalen zylindrischen Projektionen, die Geometrie der infinitesimalen Elemente",Die Geometrie des normalen zylindrischen Elements resultiert in einer Infinitesimalprojektion.,0,0,-0.30500936223948194,True
test_1545,"Wilfred Baddeley besiegte Joshua Pim 6 : 4, 1 : 6, 7 : 5 und 6 : 0.","Joshua Pim schlug Wilfred Baddeley 6 : 4, 1 : 6, 7 : 5 und 6 : 0.",0,1,0.19268321690625,False
test_1546,Es wurde von Robert Curzon 1834 im Kloster von Saba gekauft und 1883 von C. R. Gregory entdeckt.,Es wurde 1834 von C. R. Gregory im Kloster von Saba gekauft und 1883 sah  Robert Curzon es.,0,1,0.20233505574969268,False
test_1547,"Das Licht im Louvre-Gemälde ist wärmer und scheint weicher, aber das liegt womöglich an der Farbe der äußeren Firnisschicht.","Die Lichtverhältnisse im Louvre: Die Gemälde wirken wärmer und weicher, dies kann aber auch am Farbton auf der Oberfläche liegen.",1,0,-0.7786381165910634,False
test_1548,Anderson wurde 1943 in Oakland in Kalifornien geboren und er stammt aus Redondo Beach in Kalifornien.,"Anderson wurde 1943 in Redondo Beach, Kalifornien, geboren und stammt aus Oakland, Kalifornien.",0,0,-0.7519727781748647,True
test_1549,Die neunte Staffel wurde das zweiterfolgreichste Programm von Comedy Central.,Die zweite Staffel wurde bei Comedy Central zum Programm mit der neuntbesten Bewertung.,0,0,-1.0583308710672998,True
test_1550,"40 Menschen wurden gerettet, 40 in den Rettungsbooten und drei durch die „Delaware“.","43 Menschen wurden gerettet, 40 in den Rettungsbooten und drei von den „Delaware“ gerettet.",0,1,0.6604402542284301,False
test_1551,Hoppkorv war das letzte Album der US-amerikanischen Blues-Rock-Band Hot Tuna und ihr siebzehntes Studioalbum wurde als Grund BFL1-1920 für Grund Records aufgenommen.,"Hoppkorv war das siebte Album der amerikanischen Blues-Rock-Band Hot Tuna, und ihr letztes Studioalbum wurde unter dem Namen Grunt BFL1-1920 für Grunt Records aufgenommen.",0,0,-0.556815141609429,True
test_1552,Huyghe wurde 1962 in Chile und New York geboren und lebt und arbeitet in Paris.,"Huyghe wurde 1962 in Chile und New York geboren, er lebt und arbeitet in Paris.",1,0,-0.5031455099683894,False
test_1553,"Die Nashua Silver Knights, Teil einer kollegialen Sommer-Liga, ist das derzeitige Team der Stadt.","Die Nashua Silver Knights, Teil einer College-Sommer-Liga, sind die aktuelle Mannschaft der Stadt.",1,0,-0.6202148659174559,False
test_1554,"Dr. Adams heiratete Fräulein Sarah Hunt, bei der er eine Tochter interließ, die im Jahr 1788 B. Hyatt, esq. heiratete.","Dr. Adams verlies Fräulein Sarah Hunt, mit der er im Jahr 1788 eine Tochter heiratete mit B. Hyatt, esq.",0,0,-0.27845518927608437,True
test_1555,Sepahua ist ein Bezirk im Süden Perus in der Provinz Atalaya.,Sepahua ist ein Distrikt im südlichen Peru in der Provinz Atalaya.,1,1,0.017392111134071908,True
test_1556,Mei Shigenobu ist Mutter des japanischen Staatsbürgers und Journalisten Fusako Shigenobu.,Fusako Shigenobu ist die Mutter des japanischen Journalisten Mei Shigenobu.,0,0,-0.30119253042064764,True
test_1557,Beschreiben Sie zuerst die Bereiche mit niedrigem Pollenwert  und nicht die Bereiche mit hohem Pollenwert.,Beschreiben Sie zuerst die Bereiche mit niedrigem Pollengehalt und nicht die Bereiche mit hohem Pollengehalt.,1,1,0.8070862633634518,True
test_1558,"Elektroenzephalographische Veränderungen werden durch Zuckerendorphine vermittelt, der Mechanismus dafür bleibt jedoch unbekannt, es scheint nicht reduziert zu sein.","Elektroenzephalographische Veränderungen sind Endorphin, das durch Zucker verändert wird, der Mechanismus dafür bleibt jedoch unbekannt. Er scheint nicht reduziert zu sein.",1,1,0.34646555364706655,True
test_1559,Vor der Rückkehr der serbischen Flüchtlinge im Jahr 1999 verließen albanische Familien die Stadt.,"Vor der Rückkehr albanischer Flüchtlinge im Jahr 1999, verließen serbische Familien das Dorf.",0,1,0.5300029221393797,False
test_1560,Dotty wurde 1923 in Gloucester geboren und verstarb 2014 in Boston.,Dotty wurde 1923 in Gloucester geboren und  verstarb 2014 in Boston.,1,0,-0.5142383394000513,False
test_1561,Ein typischer Trainingsstandort der Royal Air Force (nicht fliegend) kennt qua Struktur die folgenden integrierten Gebäudeflügel:,Ein typischer Ausbildungsplatz der Royal Air Force ( ohne Flüge) hat die folgende integrierte flügelbasierte Struktur:,1,1,0.18602117867655232,True
test_1562,"Abraham Hart war Präsident, und Mayer Sulzberger Secretary das Kuratorium.","Mayer Sulzberger war Präsident, und Abraham Hart Sekretär des Kuratoriums.",0,0,-0.9931718070137124,True
test_1563,"In seinem Berliner Atelier hingen drei Persönlichkeiten an der Wand: Faraday, Maxwell und Schopenhauer.","In seinem Berliner Arbeitszimmer hingen drei Personenabbildungen an der Wand: Schopenhauer, Maxwell, Faraday.",1,0,-0.1966322304319551,False
test_1564,"Kurz nachdem Angela Cameron heiratete, bricht ein Afroamerikaner in ihr Haus ein, bringt ihren Ehemann und Sohn um und vergewaltigt ihre Schwester.","Kurz nachdem Angela Cameron geheiratet hatte, brach ein Amerikaner in ihr Haus ein, tötet ihren Mann und ihren Sohn und vergewaltigt ihre Schwester.",0,0,-0.9147823991007414,True
test_1565,"Einmal schreiben, überall laufen","Schreibe irgendwo, einmal ausgeführt",0,0,-0.8426115091520732,True
test_1566,"Es hat seine Hauptniederlassungen in Vancouver und Washington, und Fabriken in Shanghai, Hillsboro, Oregon, und Lohja, Finnland.","Der Hauptsitz ist in Shanghai, Hillsboro, Oregon, und Lohja in Finnland, und es gibt Betriebe in Vancouver und Washington.",0,0,-1.331442953134156,True
test_1567,"Die Musik, die gespielt wird, als Blackadder ""Bob"" den Hof macht, ist ""Fantasia on greensleeves"" von Vaughan Williams.","Die Musik, die gespielt wird, als Blackadder um „Bob“ wirbt, ist Vaughan Williams ' „Fantasia on Greensleeves“.",1,1,0.17249464548355276,True
test_1568,Lusaghbyur (auch romantisiert bekannt als Lusakhpyur; einst Svanverdi und Svan) ist ein Dorf in der Provinz Shirak in Armenien.,Lusaghbyur (vormals romanisiert zu Lusakhpyur; auch Svanverdi und Svan) ist ein Dorf in der armenischen Provinz Shirak.,0,0,-1.4853981276725579,True
test_1569,Eine geplante Wasserumleitung des Flusses Mandovi (oder Mahadayi) und ein Projekt des Wasserkraftwerks würden zur Überströmung einiger oder aller Gavali führen.,Ein vorgeschlagenes Umleitungs- und Kraftwerkprojekt im Fluss Mandovi (Fluss Mahadayi) würde zu einer vollständigen oder teilweisen Überschwemmung von Gavali führen.,1,0,-2.0274101438292833,False
test_1570,"Der Santa Cruz Sky Park war ein Flughafen im Scotts Valley, Kalifornien, im Distrikt Santa Cruz.","Santa Cruz Sky Park war ein Flughafen in Scotts Valley, Santa Cruz County, Kalifornien.",1,1,0.1775639695301061,True
test_1571,1947 war er ein erfolgloser Kandidat für das Amt des Stadtrats von Saint Joseph und 1948 für das Amt des Staatsanwaltes von South Bend.,"Er scheiterte 1947 bei seiner Kandidatur für das Richteramt von South Bend City, und 1948 für die Staatsanwaltschaft von Saint Joseph County.",0,0,-0.5093579909230309,True
test_1572,Dance war eine der Inspirationen für das Exodus-Lied „The Toxic Waltz“ von ihrem 1989er Album „Fabulous Disaster“.,"Der Tanz war eine der Inspirationen für den Exodus-Song „The Toxic Waltz“, von ihrem 1989er Album „Fabulous Disaster''.",1,0,-0.16344181615564157,False
test_1573,"Die englische Küche dominierte die frühe nationale Küche; aber als neue Einwanderer aus anderen Ländern kamen, gewannen andere koloniale Suppen an Popularität.","Er produzierte seinen ersten Feature-Film im Mai 2011, führte Regie und schrieb ihn.",1,0,-1.0559279029979887,False
test_1574,Die topologische Vektorraumformel _ 13 wird als „Startobjekt“ oder „Startstruktur“ in Bezug auf die gegebenen Daten bezeichnet.,"Die ursprüngliche Vektorraumformel 13 wird hinsichtlich der gegebenen Daten als Ursprungsobjekt "" oder topologische Struktur bezeichnet.",0,0,-1.539034288738267,True
test_1575,Die Kirchenprälatur von Itaituba ist eine Gebietsprälatur die in der Stadt Itaituba in der römisch-katholischen Provinz Belém dedo Pará in Brasilien gelegen ist.,Das kirchliche Prälat von Itaituba ist eine territoriale Prälatur in der Stadt Itaituba in der römisch-katholischen Provinz von Belém do Parà in Brasilien.,1,1,0.08974722568966775,True
test_1576,"Im Mai 2011 produzierte, inszenierte und schrieb er seinen ersten Spielfilm.","Im Mai 2011 produzierte, inszenierte und schrieb er seinen ersten Spielfilm.",1,1,0.4012527249876555,True
test_1577,"Ihre Kinder waren Marvin Eisenstadt, die Barbara heiratete, Gladys Eisenstadt, Ira Eisenstadt, die Deirdre Howley heiratete, und Ellen Eisenstadt, die Herbert Cohen heiratete.","Ihre Kinder waren Barbara, die Deirdre Howley heiratete; Gladys Eisenstadt; Ira Eisenstadt, die Herbert Cohen heiratete; und Ellen Eisenstadt, die Marvin Eisenstadt heiratete.",0,1,0.18338808156998,False
test_1578,Hunter berichtet seinem Vater Zac MacGuire (Charlie Clausen) und Evie unmittelbar.,Berichte seinem Vater Zac MacGuire (Charlie Clausen) und Evie unmittelbar.,1,1,0.15654653998108747,True
test_1579,"Sunny schnitt den Song im November 1973, Roger Greenaway produzierte ihn und Chris Gunning kümmerte sich um das Arrangement und die Leitung.","Rory Jennings, der Tommy Connolly spielt, spielt den Teenager Davros in Big Finish Productions.",1,0,-2.422945469289077,False
test_1580,NS,NS,0,1,0.46795547600951715,False
test_1581,Im Mai 1983 startete eine Tournee durch das Vereinigte Königreich mit dem Live-Gitarristen Robin George für zusätzliche Auftritte.,Im Mai 1983 begann eine UK-Tournee mit dem Live-Gitarristen Robin George für zusätzliche Auftritte.,1,0,-0.7369616549877772,False
test_1582,"Die abgelehnten und vernachlässigten Kinder hatten beide negative soziale Präferenzwerte, aber nur die abgelehnten Kinder hatten einen hohen sozialen Einfluss.","Die zurückgewiesenen und vernachlässigten Kinder hatten beide eine negative soziale Präferenz, aber nur die zurückgewiesenen Kinder wiesen einen hohen sozialen Einfluss auf.",1,0,-0.05791577149911176,False
test_1583,"Wenn ein Satz aus mehreren grammatischen Kategorien besteht, trägt nur die erste die Pluralmarkierung.","Wenn ein Satz mehrere grammatische Kategorien umfasst, trägt nur die erste die Pluralmarkierung, z.B. :",1,0,-0.23772562393771202,False
test_1584,"Ballouhey gibt es in Frankreich hauptsächlich in Isère und Paris, sowie in Südafrika.",Ballouhey existiert hauptsächlich in Paris und in Isère und in Frankreich sowie in Südafrika.,0,1,0.29891257362357393,False
test_1585,"Der Stausee war der erste von zwei im Goyt Valley gebauten Stauseen, bei dem anderen handelte es sich um den Errwood Reservoir.","Das Wasserreservoir war das erste der beiden  Wasserreservoirs im Errwood Reservoir, das andere war Goyt Valley.",0,0,-1.2782205950412915,True
test_1586,Der Petkeljärvi-Nationalpark ist ein Nationalpark in Ilomantsi in der nordkarelischen Region Finnlands.,Bei dem Nationalpark Petkeljärvi handelt es sich um einen Nationalpark in Ilomantsi in der Region Nordkarelien in Finnland.,1,0,-1.2698106995315874,False
test_1587,"Rishi hatte einen Sohn, Clark, geboren am 3. April 2007. Eine Socks and Sandals EP über Mikrokosmos-Musik wurde nach ihm benannt, Rishi Saturn .","Rishi hatte einen Sohn, Clark, der am 3. April 2007 geboren war. Eine Socks and Sandals-EP zu Microcosm Music wurde nach ihm, Rishi Saturn, benannt.",1,0,-0.4394006582816129,False
test_1588,"Ahatallah war entweder nicht in der Lage dazu oder wollte niemanden aus seiner eigenen Kirche schicken, schlug aber offenbar vor, dass Mark stattdessen nach Indien gehen würde.","Mark war entweder dazu oder wollte niemanden aus seiner eigenen Kirche schicken und er schlug offensichtlich vor, dass Ahatallah stattdessen nach Indien gehen könnte.",0,0,-0.5521734429607857,True
test_1589,"Zu den beispielhaften Meilensteinen gehören der Sieg über eine Mannschaft der World Series, Partien gegen legendäre Mannschaften und Siege über andere Spieler in direkten Begegnungen.","Beispielhafte Meilensteine ​​besiegen ein Team der World Series Champions, schlagen historische Mannschaften und spielen Kopf-an-Kopf gegen andere Spieler.",1,0,-0.3522332704543697,False
test_1590,"Er mündet in den Peachtree Creek, der dann in den Chattahoochee River südlich von Vinings und Paces mündet.","Es mündet in Peachtree Creek, der danach südlich von Vinings und Paces in den Fluss Chattahoochee strömt.",1,1,0.41734874246734155,True
test_1591,Der Giuroc ist ein Nebenfluss des Măgherus in Rumänien.,Der Giuroc River ist ein Nebenfluss des Măgheruş River in Rumänien.,1,1,0.3231149080489989,True
test_1592,"Die Birkenhead Wharf liegt angrenzend an die Iron Cove Bridge und in der Nähe des Birkenhead Point Factory Outlet Centre, das etwa eine Minute zu Fuß entfernt ist.","Birkenhead Wharf liegt neben der Iron Cove Bridge und in der Nähe des Birkenhead Point Factory Outlet Centre, das etwa eine Minute zu Fuß entfernt ist.",1,0,-0.3139122483183391,False
test_1593,"Er war der Sohn von John Scott und seiner Frau Jane Scott, Tochter von Thomas Cairnes.","Er war der Sohn von Thomas Cairnes und seiner Frau, Jane Scott, der Tochter von John Scott.",0,0,-0.38728877553625096,True
test_1594,"Lusaghbyur (früher latinisiert als Lusakhpyur, auch Svanverdi und Svan) ist ein Dorf in der armenischen Provinz Shirak.",Lusaghbyur (früher romanisiert als Lusakhpyur; Svanverdi und Svan) ist ein Dorf in der  Provinz Shirak in Armenien.,1,0,-0.45194967322233703,False
test_1595,Eine CD mit Themen aus vierzehn seiner Filme wurde 2008 bei Philip Powers veröffentlicht und von 1M1 records produziert.,Eine CD mit Themen aus vierzehn seiner Filme wurde 2008 von Philip Powers produziert und bei 1M1 Records veröffentlicht.,0,0,-0.9185998165519463,True
test_1596,"Der nächste Besitzer war Steen Brahe, Bruder des Astronomen Tyge Brahe.","Der nächste Besitzer war Tyge Brahe, ein Bruder des Astronomen Steen Brahe.",0,1,0.5729693485155088,False
test_1597,"Das Monomer Phenanthrenoid 8,8'-Bidehydrojuncusol und das Dimer Juncusol und Dehydrojuncusol können aus Juncus acutus isoliert werden.","Das Dimere Phenanthrenoid 8,8 '; - Bidehydrojuncusol und das monomere Juncusol und Dehydrojuncusol können aus „J. acutus“ isoliert werden.",0,1,0.4205340102993854,False
test_1598,"Im selben Jahr erhielt Larco Hoyle einige Ratschläge von seinem Onkel, Victor Larco Herrera, einem Gründer des ersten Museums in Lima.","Im selben Jahr erhielt Larco Hoyle so manchen Rat von seinem Onkel, Victor Larco Herrera, ein Gründer des ersten Museums in Lima.",1,0,-0.3597173727139781,False
test_1599,Der Zion Square ist als „stets überfüllt und verrückt” beschrieben worden.,"Der Zion Square wurde als „immer verrückt, immer überfüllt“ beschrieben.",1,1,0.41066837330831485,True
test_1600,"1943 wurde Anderson in Redondo Beach, Kalifornien, geboren und kommt aus Oakland, Kalifornien.","Anderson wurde 1943 in Oakland, Kalifornien, geboren und stammt aus Redondo Beach, Kalifornien.",0,1,0.02992099699170503,False
test_1601,Der Soundtrack wurde von Deva komponiert und die Texte wurden von Vairamuthu und Seeman geschrieben.,Der Soundtrack wurde von Deva und die Texte von Vairamuthu und Seeman geschrieben.,0,0,-0.44981562339198355,True
test_1602,Jeff Scott diente als Sprecher und David Hayes Prophater führte das Publikum im A-Cappella-Gesang.,David Hayes Prophater diente als Ansager und Jeff Scott führte das Publikum in einen A-Capella-Gesang.,0,0,-0.016039760813578052,True
test_1603,"Der Konsonant - Ejektiv ist eine Art velarer Klang, der in einigen gesprochenen Sprachen verwendet wird. Das Symbol im Internationalen Phonetischen Alphabet, das diesen Klang repräsentiert.","Der Velar-Ausstoß ist eine Art konsonantischer Klang, der in einigen gesprochenen Sprachen vorkommt. Das Symbol im Internationalen Phonetischen Alphabet, das diesen Klang darstellt, ist .",0,0,-0.09217724937440075,True
test_1604,"Sammy Downs wurde in der Heimatgemeinde von Effie, seiner Mutter, in der Avoyelles Parish, südlich der Rapides Parish geboren.",Sammy Downs wurde in der einheimischen Gemeinschaft seiner Mutter Effie in der Gemeinde Rapides südlich der Gemeinde Avoyelles geboren.,0,0,-0.8525001914847602,True
test_1605,Das Vereinshaus wurde von Curtis für die damals erhebliche Summe von 60.000 US-Dollar gebaut und für eine Gebühr an den Verein vermietet.,"Das Clubhaus wurde von Curtis gebaut, für die damalige Summe von $ 60.000, und gegen eine große Gebühr an den Club vermietet.",0,0,-0.7669398805248485,True
test_1606,"Cornelius Olatunji Adebayo ist ein ehemaliger Senator Nigerias, der Gouverneur des Staates war und später Leiter des nigerianischen Bundesministeriums für Kommunikation wurde.","Cornelius Olatunji Adebayo ist ein ehemaliger Seantor von Nigeria, er war Gouverneur und später Kopf Nigerian Federal Ministry of Communciations.",1,0,-0.49523736285232245,False
test_1607,Saito ist der Leiter des Saito Neko Quartetts und ist bekannt für seine vielen Kooperationen mit der Musikerin Ringo Sheena.,Saito ist der Leiter des Saito Neko Quartetts und bekannt für seine vielen Kooperationen mit dem Musiker Ringo Sheena.,1,0,-0.48360570263629465,False
test_1608,"Während des englischen Bürgerkriegs überraschte im Jahr 1645 eine parlamentarische Streitmacht aus Newport Pagnell einen Zug von 18 Royalisten, die in Finmere stationiert waren.","Während des englischen Bürgerkriegs überraschte eine parlamentarische Kraft aus Finmere einen Zug von achtzehn Royalisten, der 1645 in Newport Pagnell stationiert war.",0,0,-0.35046129255340686,True
test_1609,"Das Dorf Podkriváň ist eine Kommune im Distrikt Detva, in der Region Banská Bystrica in der Zentralslowakei.",Podkriváň ist ein Dorf und eine Gemeinde in der Region Banská Bystrica im Bezirk Detva in der Zentralslowakei.,0,0,-1.6691364865042249,True
test_1610,"Nadège du Bospertus ist ein französisches Modell, Ex-Jurymitglied bei „Italia’s Next Top Model” und Muse von Giorgio Armani und Gianni Versace.",Nadège du Bospertus ist ein französisches Model und ehemaliges Jury-Mitglied von „Italia 's Next Top Model“. Sie war die Muse von Giorgio Armani und Gianni Versace.,1,1,0.43882918325510245,True
test_1611,"Shook war ein unabhängig produziertes britisches Underground-Musikmagazin mit Sitz in London, das verschiedene Formen von Black Music und elektronischer Musik abdeckte.","Shook war ein elektronisches Musikmagazin mit Sitz in London, das verschiedene Formen der britischen und schwarzen Untergrundmusik abdeckte.",0,0,-0.31930202412720987,True
test_1612,Nach seiner Primär- und Sekundärschulbildung in Isparta ging er auf die Pertevniyal High School in Istanbul.,Nach seiner Grund- und Sekundarschulzeit in Istanbul absolvierte er das -Gymnasium Pertevniyal in Isparta.,0,0,-1.3973764116212313,True
test_1613,In Filmen passen Schulgeschichten von Gebräuchen und Bildungssituationen auf komische Art und Weise sehr gut in die Satire des Konfuzianismus aus früheren Schriften.,In Filmen fügen sich die Schulgeschichten über Betragen und Erziehungssituationen in Comicbildern nahtlos in die Satiren über den Konfuzianismus aus frühen Schriften ein.,1,0,-1.17996859029227,False
test_1614,"Später zog er in die Schweiz und dann nach Italien, wo er Shelley und Byron traf.","Danach zog er in die Schweiz und später nach Italien, wo er Shelley und Byron traf.",0,1,0.6981255916586974,False
test_1615,"Der Film ist mit den Stars Oscar Nunez, Rob Huebel, Timothée Chalamet, Lily Rabe, Anthony Quintal und Lili Reinhart besetzt.","Die Filmstars Oscar Nunez, Rob Huebel, Timothée Chalamet, Lily Rabe, Anthony Quintal und Lili Reinhart .",1,0,-1.3078854016272174,False
test_1616,"Carlton House wurde 1909 von Bridget Horan erworben, dann 1917 von John Luddy, einem Toowoomba-Gewinner, und 1924 von William Glover aus Toowoomba.","Carlton House wurde 1909 von Bridget Horan, dann von John Luddy, einem Gastwirt von Toowoomba im Jahr 1917, und von William Glover von Toowoomba im Jahr 1924 erworben.",1,0,-0.4544557134463544,False
test_1617,Ján Sokol (geboren am 9. Oktober 1933) ist ein slowakischer Bischof und ehemaliger Erzbischof von Trnava.,Ján Sokol (geboren am 09. OKtober 1933) ist ehemaliger Bischof und Erzbischof von Trnava.,0,0,-0.7876166443781129,True
test_1618,"Beide Töchter taten dies, bevor er 1976 in Tosca und 1981 in Janear starb.","Beide Töchter taten dies bevor er verstarb, Tosca im Jahr 1976 und Janear im Jahr 1981.",1,0,-2.0553237796408,False
test_1619,"Diese Bevölkerung setzt sich zu  87,91 % aus gebürtigen Rumänen, zu 7,53 % aus gebürtigen Ungarn und zu 4,43 % aus gebürtigen Roma zusammen.","Diese Bevölkerung setzt sich aus 87,91% ethnischen Rumänen, 7,53% ethnischen Ungarn und 4,43% ethnischen Roma zusammen.",1,0,-0.11197018175685902,False
test_1620,"Sie segelte von Galveston, Texas, am 12. September 1943 ab und erreichte Key West am 16. September.","Sie segelte am 12. September 1943 von Galveston, Texas los, und erreichte Key West am 16. September.",1,0,-0.043077509598675845,False
test_1621,"Im Zuge der laufenden Ermittlungen befragte die Polizei den Sänger Rimi Tomy und Schauspieler Siddique, beides enge Freunde von Dileep und seiner Frau Kavya Madhavan.","Die Polizei befragte auch die Sängerin Rimi Tomy und den Schauspieler Kavya Madhavan im Rahmen der laufenden Ermittlungen, beide enge Freunde von Siddique und seiner Frau Dileep.",0,0,-0.7706912753323975,True
test_1622,"Eine dritte Radioversion wurde von der BBC im Mai 2008 ausgestrahlt, mit Wilton wieder als Duff und dem Autor, der Beth spielt.",Eine dritte Radioversion wurde von der BBC mit Wilton als Beth und dem Autor Duff im Mai 2008 gespielt.,0,0,-0.4971876275007018,True
test_1623,"Die Gemeinden Nickerson, Duquette, Bruno, Askov, Sandstein und Sturgeon Lake liegen alle in der Nähe von Kerrick.","Die Gemeinden Bruno, Duquette, Nickerson, Askov, Sandstein und Sturgeon Lake liegen alle in der Nähe von Kerrick.",1,1,0.08819606490214416,True
test_1624,Sie segelte am 12. September 1943 aus Galveston in Texas ab und kam am 16. September in Key West an.,Sie segelte am 12. September 1943 aus Galveston in Texas los und traf sich am 16. September in Key West.,1,0,-0.023975896514270234,False
test_1625,Der Campus befand sich in Wai Chai und Kennedy Town. Im August 2013 bezog die Schule ihren neuen dauerhaften Standort in Sai Kung.,Der Campus war in Wan Chai und Kennedy Town gelegen und im August 2013 zog die Universität an ihren neuen permanenten Standort in Sai Kung.,1,0,-0.6415833102170417,False
test_1626,"Talfourd Ely war ein Enkel von John Towill Rutt, einem frühen Freund von Crabb Robinson.","Talfourd Ely war ein Enkel von Crabb Robinson, eines frühen Freundes von John Towill Rutt.",0,0,-0.05654174737980333,True
test_1627,1963 trat Roy der Kommunistischen Partei Indiens bei und leitete Gewerkschaftsbewegungen im Kolkata-Gebiet von Bansdroni.,Roy trat im Jahr 1963 der Kommunistischen Partei Indiens bei und leitete Gewerkschaftsbewegungen im Kolkata-Gebiet von Bansdroni.,1,1,0.1841861266895115,True
test_1628,NS,NS,0,1,0.46795547600951715,False
test_1629,"David wurde am 21. September 1933 in Coventry mit seinem Zwillingsvater Charles und Jessamine Robbins geboren, dem achten und neunten Kind der zwölf von Robbins.","Robbins wurde am 21. September 1933 in Coventry gemeinsam mit seinem Zwillingsbruder David geboren, sie waren das achte und neunte Kind von zwölf von Charles und Jessamine Robbins.",0,0,-0.4387495562564049,True
test_1630,"Frank James fing bei einer lokalen Firma an, die für die Sezessionisten von Drew Lobbs Army rekrutiert wurde, und kämpfte im August 1861 in der Schlacht von Wilson's Creek.","Frank James trat einer örtlichen Gesellschaft bei, wurde für die sezessionistische Drew Lobbs Army rekrutiert, und kämpfte im August 1861 in der Schlacht von Wilson’s Creek.",1,0,-0.8424203459846821,False
test_1631,"William Llewelyn Williams, bekannt als Llewelyn Williams (10. März 1867-22. April 1922), war ein walisischer Journalist, Anwalt und radikaler Politiker der Liberalen Partei.","William Williams, bekannt als Llewelyn Williams (10. März 1867 - 22. April 1922), war ein radikaler Journalist, Anwalt und Politiker der Welsh Liberal Party.",0,0,-0.09976302004493709,True
test_1632,Er spielte die kubanischen Tres und nicht die kubanische Gitarre und er entwickelte seine eigene Technik für diese spanische Gitarre.,"Er spielte die kubanische Tres eher als die kubanische Gitarre, und entwickelte für diese spanische Gitarre seine eigene Technik.",1,0,-0.3730786778310754,False
test_1633,Birigüi hat laut Klimaklassifikation ein schwüles subtropisches Klima: Tiefstmarke 36 ° C und Höchstmarke 4 ° C.,Gemäß der Klimaklassifikation von Köppen hat Birigüi ein schwüles subtropisches Klima. Tiefstmarke 36 °C und Höchstmarke 4 °C.,1,0,-0.11315487426639959,False
test_1634,Robert Goldsborough wurde am 3. Oktober 1937 in Chicago als Sohn des Architekten Robert Vincent Goldsborough und Wilma (Janak) Goldsborough geboren.,Robert Vincent Goldsborough wurde am 3. Oktober 1937 in Chicago als Sohn des Architekten Robert Goldsborough und Wilma (Janak) Goldsborough geboren.,0,0,-0.12593824516046148,True
test_1635,Vor seiner Unabhängigkeit war das russische Zarenreich ein autonomes Großfürstentum innerhalb von Finnland.,Das kaiserliche Russland war vor seiner Unabhängigkeit ein autonomes Großherzogtum innerhalb Finnlands.,1,0,-0.7874721621035184,False
test_1636,Achille Deveria zeichnete Adèle Dumilâtre mit Jean Coralli.,NS,0,0,-1.1956044477446168,True
test_1637,"Sie waren dort, um für uns zu beten und um sich an uns zu erfreuen.",Sie waren dazu da uns zu erfreuen und für uns zu beten.,1,1,0.12379181332338007,True
test_1638,In Kuba wurde die Anpflanzung im Jahr 1880 von Fernando Heydrich in Matanzas eingeführt.,Seine Anpflanzung wurde 1880 von Fernando Heydrich in Kuba eingeführt.,0,1,0.17592019015593052,False
test_1639,Seit 1984 ist Patricia Dale mit Patricia Meyer verheiratet und gemeinsam haben sie zwei Söhne: Ryan (geboren 1988) und Blake (geboren 1992).,Dale ist seit 1984 mit Patricia Meyer verheiratet und hat zusammen zwei Söhne: Ryan (geboren 1988) und Blake (geboren 1992).,1,0,-0.5002509248100621,False
test_1640,"John Reed King war der Moderator, und Ray Bloch leitete das Orchester.","Ray Bloch war der Ansager, und John Reed King der Dirigent des Orchesters.",0,1,0.5030279357005888,False
test_1641,Der Fluss Geamărtălui ist ein Nebenfluss des Flusses Breaza in Rumänien.,Der Fluss Breaza ist ein Nebenfluss des Flusses Geamărtălui in Rumänien.,0,0,-0.32537137037940844,True
test_1642,Der Erzbischof Seóighe wurde am 16. Mai 1485 ernannt und 1487 geweiht. er starb am 20. Dezember 1501.,Erzbischof Seóighe wurde am 16. Mai 1485 ernannt und 1487 geweiht. Er starb entweder am 20. oder 20. Dezember 1501.,1,0,-0.8070636623676978,False
test_1643,"Die Saison 2008/09 Colorado Avalanche war die 37. Saison der Franchise, die 14. in der National Hockey League und die 30. als Colorado Avalanche.","Die Colorado Avalanche-Saison 2008/09 war die 37. Saison der Franchise, die 14. Saison in der Nationalen Hockey Liga und die 30. Saison als Team Colorado Avalanche.",1,1,0.450801461056639,True
test_1644,"Es liegt 20 Meilen nordwestlich von Roanoke, Virginia und ca. zwei Meilen südöstlich von Glasgow, Virginia.",Es befindet sich 20 Meilen nordwestlich von Roanoke inVirginia und etwa zwei Meilen südöstlich von Glasgow in Virginia.,1,1,0.03194638600185129,True
test_1645,"Heinz Kohut sah das grandiose Selbst als Fixierung auf ein normales Kindheitstadium, während andere Post-Freudianer die Rolle der Fixierung bei Aggression und Kriminalität untersuchten.",Heinz Kohut sah das grandiose Selbst als Fixierung auf ein normales Kindheitstadium; während andere Post-Freudianer die Rolle der Fixierung bei Aggression und Kriminalität untersuchten.,1,1,0.6388970869200558,True
test_1646,"Die Gruppe spielte landauf, landab und wurde in Israel berühmt und tourte 2007 sogar in New York.",Die Gruppe spielte ausgiebig und wurde in Israel berühmt. Im Jahr 2007 ging sie sogar in New York City auf Tour.,1,0,-0.7856463121518923,False
test_1647,"Es gilt außerdem zu beachten, dass der folgende Code auch ohne ADL funktionieren würde (wird ohnehin darauf angewendet).","Es lohnt sich auch, anzumerken, dass der folgende Code ohne ADL funktionieren würde (dies wird sowieso angewendet).",1,1,0.45695559916988493,True
test_1648,Über Chris Sievey wurde eine Biographie vom Manchester-Autor Mick Middles geschrieben und im November 2014 veröffentlicht.,Es wurde von dem Autor Mick Middles aus Manchester eine Biographie über Chris Sievey geschrieben und im November 2014 veröffentlicht.,1,0,-0.10606674500477975,False
test_1649,1953 starb Timothy Detudamo nach langer Krankheit und wurde als Leiter durch Raymond Gadabu ersetzt.,Im Jahr 1953 starb Timothy Detudamo nach langer Krankheit und wurde von Raymond Gadabu als Chief Chief abgelöst.,1,0,-0.37588968406948153,False
test_1650,Die Advance Bank (und ihre Tochtergesellschaft BankSA) wurde 1997 wieder von der St.George Bank übernommen.,St. George Bank (und ihre Tochtergesellschaft BankSA) wurde 1997 wieder von Advance Bank übernommen.,0,0,-0.5263829413983468,True
test_1651,Am 29. November 1171 unterzeichnete Gonzalo Ruiz de Bureba zum ersten Mal eine Erklärung als „Gonzalo“.,Am 29. November 1171 unterzeichnete Gonzalo Ruiz de Bureba  zum ersten Mal ein Zertifikat als „Gonzalo”.,1,0,-1.2353263690085985,False
test_1652,Am 20. Februar 1959 vollendete Premierminister John Diefenbaker das Projekt und die fünf fertigen Pfeile wurden demontiert.,Am 20. Februar 1959 beendete Premierminister John Diefenbaker das Projekt und die fünf abgebrochenen Bögen wurden vervollständigt.,0,0,-0.5703188505641005,True
test_1653,"Darüber hinaus war es ein Match mit dreifacher Bedrohung für die United States Championship zwischen Champion Kofi Kingston, The Miz und Jack Swagger.","Es folgte ein Triple Threat-Match der US-Meisterschaft zwischen Titelverteidiger Jack Swagger, The Miz und Kofi Kingston.",0,0,-0.8905076837654019,True
test_1654,Die Überreste der zwei teilweise zerstörten armenischen Kirchen waren am Ende der Sowjetära noch erhalten.,Die noch erhaltenen Überreste von zwei Armenischen Kirchen wurde gegen Ende der Sowjetzeit teils zerstört.,0,0,-1.300064903317967,True
test_1655,"Wieder mit Viki zusammen sieht sich Jean Randolph David unter dem Einfluss ihrer dissoziativen Identitätsstörung, ihrer gefühlskalten zweiten Persönlichkeit, dazu gezwungen sich scheiden zu lassen um sich dafür von Tina zu befreien.","Als Viki wieder unter dem Einfluss ihrer dissoziativen Identitätsstörung steht, zwingt ihre eisige alternative Persönlichkeit Jean Randolph David dazu, sich von Tina scheiden zu lassen, im Austausch für seine Freiheit.",0,0,-1.0292720411557337,True
test_1656,"Er spielte zu Beginn seiner Karriere in Australien, zog aber nach Schottland um in der Victorian State League für Frankston City zu spielen.","Er spielte zu Beginn seiner Karriere in Schottland, zog aber nach Australien, um in der Victorian State League für Frankston City zu spielen.",0,0,-0.34949922379550313,True
test_1657,"Er wurde von den Philadelphia 76ers in der 77. Runde (7. ""Pick Overall"") des NBA Draft von 1967 ausgewählt.",Er wurde von den Philadelphia 76ers in der 7. Runde (77. Wahl insgesamt) des NBA Draft 1967 selektiert.,0,0,-0.24433741893784344,True
test_1658,"Der Flug berichtete, wie breit der Hurrikan war, einschließlich eines kleinen Auges.","Der Flug berichtete, wie breit der Wirbelsturm war, einschließlich eines kleinen Auges.",1,1,0.05958859627447666,True
test_1659,"Er würde in dieser Nacht zur Station westlich von Tecumseh reisen und dann mit einem anderen Pferd nach Violet Springs zurückkehren, bevor seine Nachbarn misstrauisch werden konnten.","Er würde diese Nacht zur Station westlich von Tecumseh reiten und mit einem anderen Pferd nach Violet Springs zurückkehren, bevor seine Nachbarn misstrauisch werden könnten.",1,0,-1.097441073596019,False
test_1660,Es dient dem Kantonsgebiet Chandimandir der Stadt Panchkula.,Er dient  dem Panchkula Gebiet der Chandimandir Cantonment Stadt.,0,0,-0.03814496915476173,True
test_1661,"Während die 33d Fighter Group inaktiv war, wurde sie als 33d Tactical Fighter Group mit der 33d Tactical Group konsolidiert.","Während die 33d Tactical Group inaktiv war, wurde sie mit der 33d Fighter Group als 33d Tactical Fighter Group konsolidiert.",0,0,-0.45093915460241474,True
test_1662,Die Aufzeichnungen der Library of Congress und WorldCat im Hinblick auf den Sohn (1915 bis 1971) beziehen sich nominell sowohl auf Grover C. Halls als auch auf die Familie.,Die Library of Congress und WorldCat Records für seinen Sohn (1915 bis 1971) gehören nominell sowohl zu Grover C. Halls als auch zu der Familie.,1,0,-0.5178090783865293,False
test_1663,Zwei kleine unabhängige Ligen mit nur wenigen Mitgliedern sind übrig geblieben: die Grampian Alliance League und die Highland Alliance League.,Es verbleiben zwei kleine unabhängige Ligen mit nur einer Handvoll Mitgliedern: die Highland Alliance League und die Grampian Alliance League.,1,0,-0.06350483449840405,False
test_1664,"Die Folge Cabot Trail wurde vor Ort in Cape Breton gefilmt, sowie in Peggys Cove und dem Hochland von Nova Scotia, entlang der Ostküste.",Die Ostküsten-Folge wurde entlang des Cabot Trail in Nova Scotia und auch in Peggys Cove und dem Hochland von Cape Breton gefilmt.,0,0,-0.8990945175127906,True
test_1665,"Retzius wurde in Stockholm geboren, Sohn des Anatomen Anders Retzius (und Enkel des Naturforschers und Chemikers Anders Jahan Retzius).",Retzius wurde in Stockholm als Sohn des Anatomen Anders Jahan Retzius (und Enkelsohn des Naturforschers und Chemikers Anders Retzius) geboren.,0,1,0.8329831642290187,False
test_1666,"Malet heiratete 1664 Mary Aldworth, die Witwe von John Aldworth of Letcombe Regis, Berkshire, und Tochter von Thomas White von Fyfield Berkshire.","Malet trat gegen 1664 mit Mary Aldworth, Witwe von John Aldworth von Letcombe Regis, Berkshire und Tochter von Thomas White aus Fyfield Berkshire in die Ehe.",1,0,-0.9404138663936573,False
test_1667,"Es ist eine vorgelagerte Baffin-Insel, gelegen in der Cornelius Grinnell Bay.",Es ist eine Cornelius Grinnell Bay Offshore-Insel auf Baffin Island.,0,1,0.5530747129241468,False
test_1668,Blake war seit 1984 mit Patricia Meyer verheiratet und hat mit ihr zwei Söhne: Ryan (1988 geboren) und Dale (1992 geboren).,Blake ist seit 1984 mit Patricia Meyer verheiratet und hat zwei Söhne: Ryan (geb. 1988) und Dale (geb. 1992).,1,0,-0.8875475213410592,False
test_1669,"Am 13. Juni 1987 kam „Shatterer” in Japan in die Läden, wo es von Toho herausgebracht wurde.","""Shatterer"" wurde am 13. Juni 1987 in Japan vertrieben, wo es von Toho veröffentlich wurde.",1,1,0.01647573564225735,True
test_1670,"Das Album enthält einen Remix des Materials, das ursprünglich von Nurse With Wound gemischt wurde und 2007 als Disconnected veröffentlicht wurde.","Das Album enthält einen Remix des Materials, welches original von Nurse With Wound gemischt und im Jahr 2007 als Disconnected veröffentlicht wurde.",1,0,-1.1239396190680444,False
test_1671,Dieser Vorbehalt wurde von der Regierung Seiner Majestät immer als für den Vilayet von Jerusalem und den unabhängigen Sanjak von Beirut geltend angesehen.,Diese Reserve wurde von der Regierung Seiner Majestät immer als der Vilayet von Jerusalem und der unabhängige Sanjak von Beirut angesehen.,1,0,-0.3956664068992225,False
test_1672,"Beddgelert ist ein See in der Nähe von Llyn Dinas, Gwynedd in Nordwales, der vom Glaslyn River gespeist wird.","Llyn Dinas ist ein See bei Beddgelert, Gwynedd in Nordwales und wird vom Glaslyn River gebildet.",0,0,-1.0174982428178567,True
test_1673,"Bas Basie Land ist ein Studioalbum von Count Basie und seinem Orchester aus dem Jahr 1964, das von Billy Byers komponiert und produziert wurde.","Land Basie Land ist ein Studioalbum von Billy Byers und seinem Orchester aus dem Jahr 1964, das von Count Basie komponiert und abgemischt wurde.",0,0,-0.7646970918377917,True
test_1674,"Fair Oaks liegt bei (38.651254, -121.259279) zwischen Sacramento und Folsom.","Fair Oaks liegt zwischen Sacramento und Folsom (38.651254, -121.259279).",1,0,-0.37650815760873824,False
test_1675,"Kapitän Cassin starb in Washington, DC. Er wurde auf dem Arlington National Cemetery beigesetzt, wurde jedoch später nach Washington überführt.","Captain Cassin starb in Washington DC. Er wurde in Washington begraben, wurde aber später auf den Arlington National Cemetery verlegt.",0,0,-0.6761835798040631,True
test_1676,"Gugark war die 13. Provinz Großarmeniens. Sie umfasst heute Teile Nordarmeniens, Nordost-Georgien und der Südwesttürkei.","Gugark war die 13. Provinz von Großarmenien und umfasst heute Teile von Nordarmenien, der Nordosttürkei und Südwestgeorgiens.",0,0,-0.12054700252569217,True
test_1677,"Die Fossilien, die in St. Louis häufig vorkommen sind u.a. ""Lithostrotion"" und ""Lithostrotionella"" und die Bryozoa ""Fenestrellina"".","Zu den Fossilien, die häufig in St. Louis gefunden werden, gehören die Bryozoaner - Korallen „Lithostrostrotion“ und „Lithostrotionella“ und die Rugosaner „Fenestrellina“.",0,0,-0.567258185656521,True
test_1678,"Die schwedische Eishockey-Meisterschaft 1932 gewann die elfte Saison der schwedischen Eishockey-Meisterschaft, Schwedens nationaler Meisterschaft, Hammarby IF war die Meisterschaft.","Die schwedische Eishockeymeisterschaft von 1932 war die 11. Saison der schwedischen Eishockeymeisterschaft, der schwedischen nationalen Meisterschaft, Hammarby IF gewann die Meisterschaft.",0,0,-0.19949513741248714,True
test_1679,"Das Haubitze-Regiment war abtransportiert worden, und das ursprüngliche Artillerie-Regiment behielt die Nummer des Standard-Lichtregiments.","Das Spitzenregiment war entfernt worden, und das Standard-Artillerie-Regiment behielt die Nummer des ursprünglichen Leichtregiments.",0,0,-0.5333885177041099,True
test_1680,Es war bis 1991 das einzige öffentliche Theater in Tehama County  und bis 1993 das einzige Kino.,Bis 1991 war es die einzige Theaterbühne in Tehama County und bis 1993 das einzige öffentliche Kino.,0,0,-0.8861841948869004,True
test_1681,"Dann trifft er auf den Snoqualmie River, um den Snohomish River in Monroe zu bilden.",Er mündet dann bei Monroe in den Snohomish River und wird zum Snoqualmie River.,0,0,-0.050328987036480255,True
test_1682,"Bhagyamudra ist ein Film aus 1968 in der Sprache Malayalam, welcher von S. L. Puram Sadanandan verfasst und von M. A. V. Rajendran inszeniert wurde.","Bhagyamudra ist ein Film in Malayalam-Sprache aus dem Jahr 1968, der von S. L. Puram Sadanandan inszeniert und von M. A. V. Rajendran geschrieben wurde.",0,1,0.01025613581073015,False
test_1683,Die Limousine wurde am 5. Juli 2003 in Europa und im Oktober 2003 in Nordamerika lanciert. Ende 2004 wurde der Kombi gelauncht.,Die Limousine wurde am 5. Juli 2003 in Europa und im Oktober 2003 in Nordamerika lanciert und Ende des Jahres 2004 wurde der Kombi gelauncht.,1,0,-0.6623422608984676,False
test_1684,Lake Georgetown ist auch eine Trinkwasserquelle für Georgetown und die Nachbarstadt Round Rock.,Lake Georgetown ist auch die Trinkwasserquelle für Georgetown und die nahe gelegene Stadt Round Rock.,1,0,-0.4090156676660651,False
test_1685,Es wurde von den Deutschen versenkt und 1943 zweimal von alliierten Bombern verschrottet - 1944 und schließlich 1946 - 1947.,Sie wurde 1943 - 1944 von den Deutschen versenkt und zweimal von Alliierten Bombern verschrottet. 1946 - 1947 wurde sie schließlich errichtet.,1,0,-0.8027584728835248,False
test_1686,"Sunny ist das einzige Mitglied, das aus der ersten Staffel zurückkehrte, obwohl Bora, Jiyoung und Hyoyeon während der vorhergehenden Staffel Gastauftritte hatten.","Sunny ist das einzige Mitglied der ersten Staffel, das zurückkehrt, obwohl Bora, Jiyoung und Hyoyeon während der vorhergehenden Staffel Gastauftritte hatten.",1,0,-0.05654601777464918,False
test_1687,Casely Hayford war ebenfalls stark involviert in die Afrikanische Bewegung zur politischen Emanzipation.,Casely Hayford war auch intensiv in der afrikanischen Bewegung für politische Emanzipation engagiert.,1,1,0.185173705920761,True
test_1688,Eine Zeit lang war Ashraf Khan Khattak der älteste Sohn von Khushal Khan Khattak und Herrscher des Khattak-Klans.,Ashraf Khan Khattak war der älteste Sohn von Khushal Khan Khattak und eine Zeit lang Herrscher über den Khattak-Klan.,1,0,-0.07010839088462462,False
test_1689,"Ungarala Rambabu ist ein Telugu-Film, geschrieben und gemanagt von Paruchuri Kiriti und produziert von Kranthi Madhav.","Ungarala Rambabu ist ein Telugu-Film, geschrieben und unter der Regie von Paruchuri Kiriti und produziert von Kranthi Madhav.",1,1,0.2914756520138887,True
test_1690,"Winarsky ist Mitglied von ACM, der IEEE, der Phi Beta Kappa und der Sigma Xi.","Winarsky ist Mitglied von ACM, IEEE, Phi Beta Kappa und Sigma Xi.",1,1,1.673835261648228,True
test_1691,"Mit Unterstützung der Weltbank, der Vereinten Nationen und der Asian Development Bank gründete Lao PDR 1974 den Fonds Stage II.","Mit Unterstützung der Vereinten Nationen, der Asiatischen Entwicklungsbank und der Weltbank, gründete Laos 1974 den Stage II Fonds.",1,1,0.022275573186694597,True
test_1692,"Sparrow war ein rechtshändiger Schlagmann und spielte 4 Innings in 2 erstklassigen Matches mit einem Durchschnitt von 18,75 und einem Top-Score von 64.","Sparrow war Rechtshänder und spielte 4 Innings in 2 erstklassigen Spielen mit einem Durchschnitt von 18,75 und einer Bestnote von 64.",1,0,-0.37104212911221157,False
test_1693,Mrs. Glad war von 1901 bis 1919 und 1926 bis 1936 in Ovamboland aufgetreten und hatte dort als erste Schulinspektorin gearbeitet.,Frau Glad hatte 1901 - 1919 und 1926 - 1936 in Ovamboland gearbeitet und dort als erste Inspektorin von Schulen gearbeitet.,0,0,-1.14825983794093,True
test_1694,"Sag es sofort seinem Vater, Charlie Clausen (Zac MacGuire) und Evie.","Sag es sofort seinem Vater, Zac MacGuire (Charlie Clausen), und Evie .",0,1,0.2099730684104234,False
test_1695,Der Vălcea ist ein Nebenfluss des Arieşul Mare in Rumänien.,Der Arieşul Mare ist ein Nebenfluss des Vâlcea in Rumänien.,0,1,0.569130588519641,False
test_1696,"Im Jahr 1096 ging es an Arnulf de Montgomery über, kehrte aber 1102 an die Aumales zurück, die es bis 1221 hielten.","1096 kam es zu Arnulf de Montgomery zurück, aber 1102 ging es in den Besitz der Aumales über, die es bis 1221 innehatten.",0,0,-0.46326156640352323,True
test_1697,Piper City wurde 1867 von Samuel Cross aus New York und William A. Piper aus Philadelphia entworfen (5. März 1820 - 6. Juli 1896).,Piper City wurde 1867 von Samuel Cross of Philadelphia und William A. Piper (5. März 1820 -- 6. Juli 1896) of New York angelegt.,0,0,-0.2113628072849948,True
test_1698,"Cito Gaston war der erste schwarze Manager, der an den World Series teilnahm seit  für Toronto in den Jahren 1992 und 1993.","Dusty Baker war der erste schwarze Manager, der seit Cito Gaston für Toronto an einer World Series teilnimmt.",0,0,-0.6334121672943437,True
test_1699,Fanwood befindet sich im 22. Kongressdistrikt und ist Teil des 12. State Legislative District in New Jersey.,Fanwood ist im 12. Kongressdistrikt gelegen und ist Teil des 22. Legislativdistrikts des Bundesstaates New Jersey.,0,0,-1.2066744061774615,True
test_1700,"Die Band wurde 1999 in Dunwoody, Georgia, gegründet, nachdem der Gitarrist Ben Eberbaugh und der Bassist Jared Swilley die Renegades verlassen hatten und der Gitarrist Cole Alexander die Reruns verlassen hatte.","Die Band wurde 1999 in Dunwoody, Georgia, gegründet, nachdem der Gitarrist Cole Alexander und der Bassist Jared Swilley die Renegades verlassen hatten und der Gitarrist Ben Eberbaugh die Reruns verlassen hatte.",0,1,0.8476898243035399,False
test_1701,Glockner trat erstmals als Mason während der Episodenübertragung am 22. Februar 2013 auf.,"Die erste Folge, in der er als Glockner auftritt, wurde am 22. Februar 2013 ausgestrahlt.",0,0,-1.3192333673592944,True
test_1702,"Es verfügt jetzt über moderne Hochhäuser, große zeitgenössische Shopping-Viertel, einen neuen Metra-Bahnhof und etliche neue Business- und Serviceeinrichtungen.","Es dort jetzt moderne Hochhäuser, neue Einkaufsstraßen, einen großen, modernen Metra-Bahnhof und mehrere neue Geschäfts- und Dienstleistungseinrichtungen.",0,0,-1.469889712547269,True
test_1703,"Im schottischen Fussball sind semi-professionelle Teams aller Level in der ersten schottischen Liga vertreten, wobei die meisten Teams der schottischen zweiten Liga semi-professionell sind.","Im schottischen Fußball treten auf allen Ebenen unterhalb der schottischen Premiership halbprofessionelle Teams an, wobei die meisten Teams unterhalb der schottischen Meisterschaft semiprofessionell sind.",1,0,-0.05790472473375874,False
test_1704,Eine empfohlene Wasserumleitung des Mandovi River (Mahadayi River) und ein Projekt des Wasserkraftwerks würden zur Überflutung eines Teils oder des ganzen Gavali führen.,Ein vorgeschlagenes Umleitungs- und Kraftwerkprojekt im Fluss Mahadayi (Fluss Mandovi) würde zur vollständigen oder teilweisen Überschwemmung von Gavali führen.,1,0,-1.103506384442407,False
test_1705,"Roger Roger Pritchard, immigrierte im Jahr 1653 aus England nach Milford, Connecticut und trat mit Elizabeth Prudden in den Ehestand.","Elizabeth Elizabeth Prudden, 1653 aus England ausgewandert nach Milford, Connecticut, heiratete Roger Pritchard.",0,0,-0.29670407136985355,True
test_1706,"Soulié de Morant arbeitete mehrere Jahre im französischen diplomatischen Korps in China, wo er in mehreren chinesischen Städten als französischer Konsul tätig war.","Soulié de Morant war mehrere Jahre im französischen diplomatischen Korps in China tätig, wo er in diversen chinesischen Städten die Position des französischen Konsuls bekleidete.",1,0,-0.390883977624653,False
test_1707,"Facundo Argüello gewann den Titel, indem er Brian Dabul im Finale 6 : 1 und 6 : 3 besiegte.",Facundo Argüello besiegte Brian Dabul 6 : 1 und 6 : 3 im Finale und gewann den Titel.,1,1,0.31435403877211965,True
test_1708,Lusaghbyur (früher die romanisierten Lusakhpyur; auch Svanverdi und Svan) ist ein Dorf in der Provinz Shirak in Armenien.,"Lusaghbyur (auch latinisiert als Lusakhpyur, ehemals Svanverdi und Svan) ist ein Dorf in der armenischen Provinz Shirak.",0,0,-1.385922388838976,True
test_1709,Die Chicago Bears sanken auf die Giants 27:21 und zum ersten Mal seit 1976 unterlagen sie mit 0:6,"Die Chicago Bears sanken auf die Giants 27:21, und verloren 0:6 zum ersten Mal seit 1976.",1,0,-0.23942838917831655,False
test_1710,Nur 10 Tage später wurde er zusammen mit Aaron Heilman für Ronny Cedeño zu den Seattle Mariners  gewechselt.,Nur zehn Tage später wurde er zusammen mit Ronny Cedeño im Austausch mit Aaron Heilman an die Seattle Mariners weitergegeben.,0,0,-0.21046314298881652,True
test_1711,Retzius wurde in Stockholm als Sohn des Anatomen Anders Retzius (und Enkelsohn des Naturforschers und Chemikers Anders Jahan Retzius) geboren.,"Retzius wurde in Stockholm geboren, der Sohn des Anatomen Anders Retzius (und Enkel des Naturforschers und Chemikers Anders Jahan Retzius).",1,1,0.5007052696714916,True
test_1712,"Frank und seine Frau haben zwei Kinder - Frank Jr. und Noelle - und sechs Enkel: Tommy, Olivia, Taylor, Alyssa, Giroux und Tessa.","Frank Frank und seine Ehefrau haben zwei Kinder: Frank Jr. und Noelle. Sie haben auch sechs Enkel: Tommy, Olivia, Taylor, Alyssa, Giroux und Tessa.",1,0,-0.16785962617195127,False
test_1713,Lusaghbyur (romanisiert als Lusakhpyur; ehemals Svanverdi und Svan) ist ein Dorf in der Provinz Shirak in Armenien.,Lusaghbyur (auch bekannt als Lusakhpyur romanisiert; früher Svanverdi und Svan) ist ein Dorf in der Provinz Shirak in Armenien.,1,1,0.2387364243084279,True
test_1714,Sie wurde unter der Prämisse: „hat ein sehr großes Potenzial und ein großes Talent und wird in Zukunft zu einer einzigartigen musikalischen Persönlichkeit heranwachsen” beobachtet.,"Sie wurde betrachtet als jemand ""mit sehr großem Potenzial und Talent und dass sie sich in der Zukunft zu einer einzigartigen musikalischen Persönlichkeit entwickeln wird"".",1,0,-0.35278645946506726,False
test_1715,Taylor blieb bis zu seinem Tod als Scout für die Chicago White Sox und die Milwaukee und Atlanta Braves im Baseball aktiv.,Taylor blieb bis zu seinem Tod im Baseball als Scout für die Chicago White Sox und die Milwaukee und Atlanta Braves aktiv.,1,1,0.5718874930641721,True
test_1716,"Malet heiratete Mary Aldworth, Witwe von John Aldworth von Letcombe Regis, Berkshire und Tochter von Thomas White von Fyfield Berkshire bis 1664.","Malet heiratete Mary Aldworth, die Witwe von Thomas White von Letcombe Regis, Berkshire und Tochter von John Aldworth von Fyfield Berkshire im Jahr 1664.",0,0,-0.5293886087864724,True
test_1717,Die United Presbyterian Missionary Society of Scotland schickte 1864 ihre Agenten nach China.,1864 schickte die Vereinigte Presbyterianische Missionsgesellschaft Chinas ihre Vertreter nach Schottland.,0,0,-0.15501671534404682,True
test_1718,In einer 1985er Episode von „The Tonight Show Starring Johnny Carson“ erwähnt Johnny die Geschichte und erzählt dem Kumpel Ed McMahon die Handlung.,"In einer Episode von ""The Tonight Show with Johnny Carson"" im Jahr 1985 erwähnt Johnny die Geschichte und erzählt sie seinem Kollegen Ed McMahon.",1,0,-0.29010417562962976,False
test_1719,"Angela Warren bezieht sich auf Shakespeare und zitiert aus „Comus” von John Milton: „Unter der glasigen, kühlen, durchsichtigen Welle”.","Angela Warren bezieht sich auf Shakespeare und zitiert aus „Comus” von John Milton: „Unter der glasigen, kühlen, durchsichtigen Welle”.",1,0,-0.23242841121775404,False
test_1720,"Neville heiratete Edith Cranstoun Macnamara, die älteste Tochter von H. T. J. Macnamara, die Richterin an den Landgerichten und gleichzeitig Eisenbahnpräsidentin war.","H. T. J. Macnamara heiratete Edith Cranstoun Macnamara, die älteste Tochter von Neville, die einmal Richterin der Bezirksgerichte und eines Eisenbahnkommissars war.",0,0,-0.7127386335773352,True
test_1721,"Ihr Sohn, Samuel Provoost, war der Vater von John (1742 - 1815), dem ersten evangelischen Bischof von New York.","Ihr Sohn John war der Vater von Samuel Provoost (1742-1815), dem ersten protestantischen Bischof der Episkopalkirche von New York.",0,0,-0.763390892146303,True
test_1722,"Vembannur ist ein Dorf, gelegen im Nedumangad-Taluk des Distrikts Thiruvananthapuram in Kerala, Indien. Vembannur fällt unter das Panchayat Aruvikkara des Taluks Nedumangad.","Vembannur ist ein Dorf im Taluk Aruvikkara des Taluks Nedumangad in Kerala, Indien. Vembannur fällt unter das Panchayat von Nedumangad des Distrikts Thiruvanathapuram.",0,0,-0.07912885660028957,True
test_1723,John Reed King war der Sprecher und Ray Bloch der Leiter des Orchesters.,"Ray Bloch war Ansager, John Reed King führte das Orchester.",0,0,-0.6334474791571586,True
test_1724,Diese Gesichtsbewegungsformen der Kommunikation kommen aus den gleichen Bereichen des Gehirns.,Diese Formen der Gesichtskommunikation stammen aus denselben Gehirnbereichen.,1,0,-1.0030390670102234,False
test_1725,Er machte Aufnahmen mit Billy Eckstine’s Band und spielte 1946 bei der Lionel Hampton Band.,Er spielte mit der Band von Lionel Hampton und 1946 nahm er zusammen mit der Band Billy Eckstine auf.,0,0,-0.38438593511336516,True
test_1726,"Die Keita-Dynastie regierte Mali vom frühen 17. bis zum 12. Jahrhundert, vorkaiserlich und imperial.",Die Keita-Dynastie regierte das präimperiale und imperiale Mali vom frühen 17. Jahrhundert bis ins 12. Jahrhundert.,1,1,0.07091172278413327,True
test_1727,"Das Dorf Podkriváň ist eine Kommune in der Region Banská Bystrica, im Distrikt Detva in der Zentralslowakei.","Podkriváň ist ein Dorf und eine Gemeinde in der Region Banská Bystrica, im Bezirk Detva in der Mittelslowakei.",1,0,-1.6691364865042249,False
test_1728,"Im Jahr 1974 wurde der heutige Distrikt mit dem Landkreis Repton und einem Teil des Landkreises South East Derbyshire zusammengelegt, so dass der städtische Distrikt South Derbyshire entstand.","Der Distrikt wurde im Jahr 1974 mit dem Distrikt Repton Rural und einem Teil des Distrikt South East Derbyshire Rural fusioniert, so dass der heutige Distrikt South Derbyshire entstand.",0,0,-1.2557036898764178,True
test_1729,Es wurde von Billy Gierhart geschrieben und von Seth Hoffman geleitet.,Es wurde von Seth Hoffman geschrieben und Billy Gierhart führte Regie.,0,1,0.06307110340249578,False
test_1730,"Sie werden durch spärliche, live gespielte Orchestermusik überlappt und bestehen aus vagen, beinahe absichtlich farblosen Klängen.","Sie überlappen sich mit spärlicher, live gespielter Orchestermusik und bestehen aus vagen, beinahe mutwillig farblosen Klängen.",1,0,-0.40700673807846766,False
test_1731,"Er wurde am 21. Dezember 1965 in Oxon Hill, Maryland, geboren und besuchte die Oxon Hill High School in New Haven, Connecticut.","Er wurde am 21. Dezember 1965 in New Haven, Connecticut, geboren und ging auf die Oxon Hill High School in Oxon Hill, Maryland.",0,0,-0.6692260406350509,True
test_1732,NS,Zingone spielte Fußball für den Club Lito.,0,0,-1.214750478977194,True
test_1733,Die nächste Veröffentlichung wurde 1986 von Ron's Bruder Robert Fuller erstellt.,Die nächstfolgende Fassung wurde im Jahr 1986 von Rons Bruder Robert Fuller kreiert.,1,0,-0.4743494764610131,False
test_1734,"Im Jahr 2011 schrieb er auch die Biographie der Sängerin Madonna mit dem Titel „Mad for Madonna. The queen of pop'', veröffentlicht im Castelvecchi Verlag.","Im Jahr 2011 schrieb er auch die Biografie der Sängerin Madonna mit dem Titel ""Mad for Madonna The Queen of Pop"", die vom Castelvecchi-Verlag veröffentlicht wurde.",1,0,-0.023370559273822478,False
test_1735,"Im Juni 2005 wurde das BBC College of Journalism als E-Learning-Kurs mit Vin Ray als Executive Editor eröffnet, der erste Direktor war Kevin Marsh.","Im Juni 2005 wurde das BBC College of Journalism als E-Learning-Kurs mit Kevin Marsh als Executive Editor eröffnet, dessen erster Direktor Vin Ray war.",0,0,-1.2296785504031895,True
test_1736,"Die Musik, die als Bob „Blackadder“ gespielt wird, ist „Fantasia on Greensleeves“ von Vaughan Williams.","Die Musik, die als Blackadder-Courts „Bob” gespielt wird, ist Vaughan Williams „Fantasia on Greensleeves”.",0,1,0.5623014423512457,False
test_1737,Die größte Schlucht in Namibia ist der Fish River Canyon in Afrika.,Die größte Schlucht in Afrika ist der Fish River Canyon in Namibia.,0,0,-0.3609624646893542,True
test_1738,„Taunton Castle“ war am 1. August in Rio de Janeiro und am 31. Oktober in Penang.,„Taunton Castle” war am 1. August in Rio de Janeiro und am 31. Oktober in Penang.,1,0,-0.23236332628194012,False
test_1739,"Wa Kyun ist eine Insel in der Andamansee, vor der Küste des Bundesstaates Mon, in Südburma.","Wa Kyun ist eine Insel in der Andamanensee, direkt vor der Küste von Burma, südlich von Mon State.",0,0,-0.2669739037441248,True
test_1740,Es wurde in China (Hainan) und Vietnam gefunden.,Es kommt in China (Hainan) und Vietnam vor.,1,1,1.1444499317003194,True
test_1741,"Die Porte de Vincennes befindet sich dort, wo die nordöstliche Ecke des 12. Arrondissements auf die südöstliche Ecke des 20. Arrondissements von Paris trifft.",Die Porte de Vincennes liegt am Treffpunkt der südöstlichen Ecke des 20. Arrondissements mit der nordöstlichen Ecke des 12. Arrondissments von Paris.,0,0,-0.4233610235619548,True
test_1742,"Der JoyKey hat keine beweglichen Teile, keine Korken, die sich abnutzen können, oder Federn, die brechen können.","Der JoyKey hat keine beweglichen Teile, Propfen, die zerbrechen können, oder Federn, die sich abnutzen können.",0,0,-0.7683356176628807,True
test_1743,"In „The Stand – Das letzte Gefecht“ von Stephen King wird Woodsville als Heimat von Glen Pequod Bateman erwähnt, einer der Hauptfiguren im Roman.","In ""The Stand"" von Glen Pequod Bateman wird Woodsville als Heimat von Stephen King, einer Hauptrolle des Romans, erwähnt.",0,0,-0.19131769577753788,True
test_1744,"Schliemann räumte fünf Schächte aus und erkannte sie als die Gräber, die durch Pausanias erwähnt wurden.","Schliemann erkannte fünf Schächte und räumte sie aus, als die Gräber, die von Pausanias erwähnt wurden.",0,0,-0.028347636336252036,True
test_1745,Die römisch-katholische Diözese von Bungoma ist eine Diözese in der Stadt Bungoma in der Kirchenprovinz Kisumu in Kenia.,Bei der römisch-katholischen Diözese Bungoma handelt es sich um eine Diözese in der Stadt Kisumu in der Kirchenprovinz Bungoma in Kenia.,0,0,-1.00546859380036,True
test_1746,"Sie porträtierte Mika Kobayashi gegen Masahiro Motoki im japanischen Film „Departures“ 2008, der die 81. Academy Awards als bester fremdsprachiger Film gewann.",Sie porträtierte in dem japanischen Film „Departures”  von 2008 Masahiro Motoki als Gegenpart von Mika Kobayashi.  Der Film erhielt den 81. Oscar für den besten fremdsprachigen Film.,0,0,-0.8757150711371289,True
test_1747,"Die ethnische Zugehörigkeit von Hilltown ist mit 93 % hauptsächlich weiß, 3 % sind Asiaten und 1 % sind Chinesen.",Die Ethnizität in Hilltown ist mit 93% überwiegend kaukasisch; 3% asiatisch und 1% chinesisch.,1,0,-0.37622827941247355,False
test_1748,Er ist zusammen mit Martin Hansen (Lucas) Mitempfänger des prestigeträchtigen Carnegie-Stipendiums für Mathematik.,"Er ist, gemeinsam mit Lucas (Martin Hansen) , Co-Empfänger des renommierten Carnegie Stipendiums für Mathematik.",1,1,0.09969388055383566,True
test_1749,"Vermont grenzt im Norden an Mitcham, im Westen an Nunawading und Forest Hill, im Süden an Vermont und im Osten an Wantirna und Ringwood.","Vermont South grenzt im Norden an Mitcham, im Westen an Nunawading und Forest Hill, im Süden an Vermont und im Osten an Wantirna und Ringwood.",0,1,0.05320237626236002,False
test_1750,"Die Mehrheit von ihnen lebt mittlerweile in Griechenland, einige jedoch immer noch in Bulgarien.","Die meisten leben heute in Bulgarien, und manche von ihnen immer noch in Griechenland.",0,1,0.6315904934754747,False
test_1751,"Sehr wenige, möglicherweise 20 von 75 wurden vor Kursbeginn abgesagt.","Nur sehr wenige, möglicherweise 20 der 75er wurden storniert, bevor der Bereich festgelegt wurde.",1,0,-1.1169052249033462,False
test_1752,"Chandler erkannte den Computer als Lernwerkzeug, lehnte aber einen vorherrschenden Objektivismus ab, der Daten als Informationen und Informationen als Wissen betrachtete.","Chandler sah den Computer als ein Lernwerkzeug, lehnte aber einen vorherrschenden Objektivismus ab für den Daten Informationen und Informationen Wissen waren.",0,1,0.06377842939369394,False
test_1753,Als kleiner Komponist der Impressionistenschule leistete er als Dirigent herausragende Beiträge zur französischen Kirchenmusik.,"Als Komponist der impressionistischen Schule bleib er unbedeutend, leistete aber als Dirigent herausragende Beiträge zur französischen Kirchenmusik.",1,1,0.5675596138541817,True
test_1754,Er war mit Elisabeth Young (1854-1932) verheiratet und Vater des Reeders N. O. Young Fearnley und des Landbesitzers Thomas Fearnley.,Er war mit Elisabeth Young (1854 bis 1932) verheiratet und war der Vater des Schifffahrtsmagnaten N. O. Young Fearnley und der Landbesitzer Thomas Fearnley.,1,0,-0.07835288290509912,False
test_1755,"Südlich der Third Avenue vorbei, mündet die Cross Bronx in Richtung Westen in die Ausfahrt 3, die zum Tremont Park führt.","Das Cross Bronx Westbound führt zum Tremont Park, südlich der Third Avenue, Ausfahrt 3.",1,1,0.4845882279702184,True
test_1756,"Duncan McIntyre wurde am 6. Oktober 1899 in Kent, England, geboren, der Sohn von Captain Ivor Ewing McIntyre.","Duncan McIntyre wurde am 6. Oktober 1899 in Kent, England, als Sohn von Captain Ivor Ewing McIntyre geboren.",1,0,-0.4443483096560731,False
test_1757,In der Wahl 2011 besiegte Tarit Brahmachari vom Kongress seinen nächsten Rivalen Manoj Chakraborty von RSP.,"Bei den Wahlen im Jahr 2011 besiegte Tarit Brahmachari vom Kongress seinen größten Rivalen, Manoj Chakraborty von RSP.",1,0,-1.205946555260009,False
test_1758,Diese Formen der Mimik stammen aus denselben Bereichen des Gehirns.,Dieselbe Änderung in den Ausdrucksformen entsteht im Mimikbereich des Gehirns.,0,0,-1.8353966421811103,True
test_1759,Der Kanal ist einer der ältesten schiffbaren Kanäle Europas und sogar Belgiens.,Der Kanal ist einer der ältesten befahrbaren Kanäle in Belgien und Europa.,0,0,-0.10523071467173706,True
test_1760,Die Giants sanken auf die Chicago Bears 27:21 und waren zum ersten Mal seit 1976 mit 0:6 .,NS,0,0,-1.8341428244368143,True
test_1761,Dora Rangelova ist die aktuelle Kapitänin des bulgarischen Fed Cup Teams und Mutter des Tennisspielers Dimitar Kuzmanov.,Dora Rangelova ist die bulgarische Teamchefin der aktuellen Fed-Cup-Mannschaft. Auch ist sie die Mutter des Tennisspielers Dimitar Kuzmanov.,0,0,-0.6556612311700786,True
test_1762,"Der uvulare Ejektiv ist ein konsonantischer Laut, der in manchen gesprochenen Sprachen verwendet wird. Das Symbol im Internationalen Phonetischen Alphabet, das diesen Laut bezeichnet.","Das uvuläre Ejektiv ist eine Art von konsonantischem Klang, der in einigen gesprochenen Sprachen verwendet wird. Das Symbol im Internationalen Phonetischen Alphabet, das diesen Klang repräsentiert, ist .",1,0,-0.33946794167036254,False
test_1763,Die obenstehenden Beispiele des Stamms „-m” im Singular standen im Possessiv der ersten Person.,Die obigen Beispiele für das besitzanzeigende Schema „-m“ waren für die erste Person Singular.,0,0,-1.079920303436941,True
test_1764,"Meadows, im Yosemite Valley in der Nähe der Bridalveil Falls, ist auch nach George Monroe benannt.",Monroe Meadows im Fall Bridalveil in der Nähe des Yosemite Valley wird auch nach George Monroe benannt.,0,0,-0.6739952500057228,True
test_1765,"Seine Kinder waren Carolyn, Brennan, Matt Pelosi, Laurence (1970 gestorben), Andrew (1971 geboren) und Cynthia (1981 geboren).","Seine Kinder waren Carolyn und Cynthia (gestorben 1970), Brennan, Matt Pelosi, Laurence (geboren 1971) und Andrew (geboren 1981).",0,0,-0.12226937464731857,True
test_1766,Am 20. Februar 1959 beendete Premierminister John Diefenbaker das Projekt und die fünf fertiggestellten Arrows wurden verschrottet.,Am 20. Februar 1959 schloss Ministerpräsident John Diefenbaker das Projekt ab und die fünf demontierten Pfeile waren fertiggestellt.,0,0,-1.1355424772616116,True
test_1767,Er wurde in aufeinanderfolgenden Coups durch Murtala Mohammed (1975) und Olusegun Obasanjo (1976) ersetzt.,Er wurde in aufeinanderfolgenden Coups durch Olusegun Obasanjo (1975) und Murtala Mohammed (1976) ersetzt.,0,1,0.3090093055207431,False
test_1768,Das Manuskript wurde von Caspar René Gregory (278) und Frederick Henry Ambrose Scrivener (Nummer 329) an die Liste der neu­tes­ta­ment­lichen Manuskripte hinzugefügt.,Das Manuskript wurde von Caspar René Gregory (278) und Frederick Henry Ambrose Scrivener (Nummer 329) in die Liste der Manuskripte des Neuen Testaments aufgenommen.,1,0,-0.9061723800885962,False
test_1769,Vor seiner Unabhängigkeit war das kaiserliche Russland ein autonomes Großherzogtum in Finnland.,Vor seiner Unabhängigkeit war Finnland ein unabhängiges Großherzogtum innerhalb des Russischen Kaiserreichs.,0,0,-1.09878721666083,True
test_1770,Zu dieser Zeit war der Eigentümer des Landes Mr. Johnson und er stimmte einem 99-jährigen Pachtvertrag mit einem Mr. Leslie Vernon Calcutt zu.,"Der damalige Eigentümer des Landes war Leslie Vernon Calcutt, und er vereinbarte eine 99-jährige Pacht mit Mr. Johnson.",0,0,-0.690865284467132,True
test_1771,"Das internationale Programm des Zentrums umfasst laufende Konferenzen zum Thema Schrift und Literatur sowie regionale Veranstaltungen für Studenten, Akademiker, GCC-Bürger und Einwohner.","Das internationale Programm des Zentrums umfasst laufende Konferenzen mit dem Thema Schreiben und Literatur sowie regionale Events für Studenten, Akademiker, GCC-Bürger und Einwohner.",1,1,0.05000582305133816,True
test_1772,"Danach gefragt wie man seinen Namen aussprach, antwortete er dem „The Literary Digest”: „Mein Name spricht sich aus wie man ihn schreibt: ,ear'en-house’”.","Auf die Frage hin, wie man seinen Namen ausspricht, antwortete er  ""The Literary Digest"" ""mein Name wird so geschrieben, als würde er ""ear'en-house"" ausgesprochen.",0,1,0.23424746193497958,False
test_1773,Der Audubon Council wurde durch den Zusammenschluss des Shawnee Trails Council und des Four Rivers Council gebildet.,Durch den Zusammenschluss des Four Rivers Council und des Audubon Council entstand das Shawnee Trails Council.,0,1,0.7402658359534496,False
test_1774,"Wenn bei einer Oberfläche eine konstante Gaußsche Krümmung von Null vorliegt, handelt es sich um eine entwickelbare Oberfläche und bei der Geometrie der Oberfläche handelt es sich um euklidische Geometrie.","Wenn eine Oberfläche eine konstante Null-entwickelbare Krümmung aufweist, geht es um eine euklidische Oberfläche und die Geometrie dieser Oberfläche ist eine Gaußsche Geometrie.",0,1,0.04952675030478393,False
test_1775,"Der Azusa Campus der Azusa Pacific University befindet sich im San Gabriel Valley, im Nordosten von Los Angeles.","Der Azusa Campus der Azusa Pacific University befindet sich im San Gabriel Valley, nordöstlich von Los Angeles.",1,0,-0.19064825855496093,False
test_1776,"Der Ringer springt dann nach vorne und schwingt sich herum, um rückwärts zu fallen und den Kopf des Gegners in eine Matte sinken zu lassen.","Der Ringer springt herum und schwingt sich nach vorne, um nach hinten zu fallen und den Kopf des Gegners in die Matte zu drücken.",0,0,-0.07141884857694292,True
test_1777,"Die letzte Zeile des dritten Verses wurde während der Herrschaft Alexander I. von Jugoslawien in „Kralja Aleksandra, Bože hrani“ geändert.","Die letzte Zeile des dritten Verses wurde geändert in „Kralja Aleksandra, Bože hrani“,' während der Herrschaft von Alexander I. von Jugoslawien.",1,0,-0.14903612525678145,False
test_1778,1864 entsandte die United Presbyterian Missionary Society von China ihre Vertreter nach Schottland.,Die United Presbyterian Missionary Society of Scotland schickte 1864 ihre Agenten nach China.,0,0,-0.37925779705429097,True
test_1779,"Dusty Baker wurde zum ersten schwarzen Manager seit Cito Gaston für Toronto, der in eine World Series eintrat und daran teilnahm.",Cito Gaston war der erste farbige Manager für Toronto seit Dusty Baker in den World Series und,0,0,-1.1782867302844897,True
test_1780,"Für ihre Verbrechen wurde sie am 3. Mai 1947 um 9:55, Uhr, 24 Minuten nach Elisabeth Marschall, von Albert Pierrepoint im Gefängnis von Hameln  hingerichtet.","Sie wurde am 3. Mai 1947, neun Minuten nach Albert Pierrepoint, um 9:55 Uhr von Elisabeth Marschall im Hamelner Gefängnis hingerichtet.",0,1,0.4209371629889972,False
test_1781,Das Team machte im Jahr 1953 auch eine Tour durch Australien und im August 1959 in Asien.,Das Team war 1953 auch in Asien auf Tournee und im August 1959 in Australien.,0,0,-0.9103117233438885,True
test_1782,"Die möglichen Silbenstrukturen sind V, CV oder CCV, wobei der zweite ein Konsonant ist.","Die zweiten Silbenstrukturen sind V, CV oder CCV, welches der mögliche Konsonant ist.",0,0,-0.6387226367390635,True
test_1783,Die erbaute methodistische Kapelle ist eines der wenigen Backsteingebäude in Upsall.,"Die verlassene methodistische Kapelle ist eines der wenigen Gebäude in Upsall, die aus Ziegelsteinen errichtet wurden.",0,0,-0.10687184414660467,True
test_1784,"Im Sommer 1924 ging er nach Smackover im Süden von Arkansas, um in Zeiten des Ölrauschs in einem Büro in Norphlet in der Nähe von Union County zu arbeiten.","Im Sommer 1924 ging er nach Union County im südlichen Arkansas, um während des Ölbooms in einem Büro in Norphlet nahe Smackover zu arbeiten.",0,0,-1.310157115252757,True
test_1785,"Sieben Stockwerke des Gebäudes sind für zusätzliche Parkplätze vorgesehen und es gibt eine interne Parkrampe, die mit dem Gebäude verbunden ist.","Sieben Stockwerke des Gebäudes sind für zusätzliche Parkplätze vorgesehen. Außerdem gibt es eine Parkrampe, die an das Gebäude angeschlossen ist.",1,0,-0.13498655874848742,False
test_1786,1920 und 1921 in Venedig gewannen die Italiener - 1920 trat keine andere Nation an und 1921 traten die Franzosen nicht an.,1920 und 1921 kamen die Italiener in Venedig hinzu - 1920 gewann keine andere Nation und 1921 nahmen die Franzosen nicht teil.,0,0,-0.23645277871567827,True
test_1787,"Die schwedische Eishockey-Weltmeisterschaft im Jahr 1932 gewann die elfte Saison der schwedischen Eishockey-Meisterschaft, Schwedens nationaler Meisterschaft, Hammarby IF war die Meisterschaft.","Die Schwedische Eishockeymeisterschaft 1932 war die 11. Saison der Schwedischen Eishockeymeisterschaft, der nationalen Meisterschaft Schwedens. Hammarby IF gewann die Meisterschaft.",0,0,-0.018204017958293628,True
test_1788,"Der JoyKey hat keine beweglichen Teile, keine Korken, die brechen können, oder Federn, die abgenutzt werden können.","Das JoyKey hat keine beweglichen Teile, keine Korken, die brechen oder Federn, die sich abnutzen können.",1,0,-0.9161366050195413,False
test_1789,"Er war 1924 eingeladener Sprecher des ICM in Toronto, 1932 in Zürich und 1936 in Oslo.","1924 war er Gastredner für das ICM in Toronto, 1932 in Oslo und 1936 in Zürich.",0,0,-0.4600195846246108,True
test_1790,Die Musik wurde von A. T. Ummer geschrieben und die Texte von P. Bhaskaran komponiert.,Die Musik wurde von A. T. Ummer geschrieben und die Liedtexte von P. Bhaskaran komponiert.,1,0,-0.5207761573604245,False
test_1791,"Gugark (,) war die 13. Provinz von Großarmenien. Es umfasst jetzt Teile von Nordarmenien, der Nordosttürkei und Südwestgeorgien.","Gugark (,) war die 13. Provinz von Großarmenien und umfasst heute Teile des nördlichen Armeniens, die Nordost-Türkei und Südwest-Georgia.",1,0,-0.43961258620367527,False
test_1792,"Rory Jennings, der Tommy Connolly spielt, spielt den Jugendlichen Davros in den Big Finish Productions.","Tommy Connolly , who plays Rory Jennings , plays teenagers - Davros in the Big Finish Productions .",0,0,-0.41465113394950015,True
test_1793,Die zweite Serie wurde von den Kritiken besser angenommen als die erste.,Die erste Serie wurde von Kritikern besser aufgenommen als die zweite.,0,0,-1.0674303170647192,True
test_1794,"Nicht alle Kronen waren Stoffkappen, einige Kappen enthielten Metall und waren stark vergoldet.",Nicht alle Kronen waren Stoffkappen. Einige Kappen Metall und viele Juwelen.,1,0,-0.8353255108164798,False
test_1795,"Es war das dritte von drei erstklassigen Hotels, die im zentralen Geschäftsviertel gebaut wurden.","Dies war das erste der drei Hotels der dritten Klasse, die im zentralen Geschäftsviertel errichtet wurden.",0,0,-0.5437644334987786,True
test_1796,Die Pennsylvania Route 268 führt vom westlichen Ende der Brücke südlich nach Parker und nördlich nach Emlenton.,Die Pennsylvania Route 268 führt vom westlichen Ende der Brücke nach Norden zu Parker und nach Süden zu Emlenton.,0,0,-0.44170906747369576,True
test_1797,"Geboren in Brooklyn, New York, verstarb er in Tiburon, Kalifornien.","Er wurde in Brooklyn, New York, geboren und starb in Tiburon, Kalifornien.",1,1,0.22645305381748815,True
test_1798,"43 Menschen wurden gerettet, 40 davon in den Rettungsbooten und drei von dem ""Delaware"".",43 Menschen wurden gerettet; 40 in den Rettungsbooten und drei von den „Delaware“ gerettet.,1,1,0.654542793412967,True
test_1799,"Sie segelte am 12. September 1943 von Key West los und kam am 16. September in Galveston, Texas an.","Sie segelte am 12. September 1943 aus Key West los und kam am 16. September in Galveston, Texas an.",1,1,0.24362811488272096,True
test_1800,"Sag ihm sofort seinen Vater, Charlie Clausen (Zac MacGuire) und Evie .","Erzählen Sie das sofort seinem Vater, Zac MacGuire (Charlie Clausen) und Evie.",1,0,-0.7720711648805345,False
test_1801,Audubon Council entstand aus der Fusionierung zwischen Shawnee Trails Council und dem Four Rivers Council.,Aus der Fusion des Four Rivers Council und des Audubon Council entstand der Shawnee Trails Council.,0,1,0.8191524940542375,False
test_1802,"Zwei wurden 1934 geflogen, aber es wurden keine mehr hergestellt.","Im Jahr 1934 wurden zwei geflogen, jedoch wurde die Produktion danach eingestellt.",1,0,-2.07179741894791,False
test_1803,"Diese Tatsache scheint Teil des „Plans“ der Zylonen zu sein, die die menschlichen Kolonien mit einer neuen Generation hybrider Lebensformen neu besiedeln wollen.","Diese Tatsache scheint Teil des „Plans“ der Zylonen zu sein, den die menschlichen Kolonien mit einer neuen Generation von Hybridwesen wiederbeleben wollen.",1,0,-0.03496905283579077,False
test_1804,"Ein weiteres Mittel, um die Hirschpopulation zu kontrollieren, ist die Geburtenrate zu regulieren.",Eine weitere Methode zur Regulierung des Hirschbestands ist die Kontrolle der Geburtenrate.,1,0,-0.8727821655790173,False
test_1805,Katz wurde 1947 in Schweden geboren und zog im Alter von 1 Jahr nach New York City.,Katz wurde 1947 in New York City geboren und zog im Alter von einem Jahr nach Schweden.,0,0,-0.2670569473869443,True
test_1806,Stephen Stephen wurde am 29. August 1806 durch Friedensrichter Benjamin Hough in Jefferson County mit Elizabeth Core getraut.,"Benjamin Hough wurde am 29. August 1806 von Stephen Ford, dem Justice of the Peace in Jefferson County mit Elizabeth Core verheiratet.",0,0,-0.704526537922847,True
test_1807,"Luk oder Loke ist die chinesische Romanisierung mehrerer (aber nicht aller) kantonesischer Nachnamen, die in Mandarin als Lu romanisiert werden.","Luk oder Loke ist die chinesische Romanisierung mehrerer (aber nicht aller) kantonesischer Familiennamen, die auf Mandarin als Lu romantisiert werden.",1,1,0.3281913801250248,True
test_1808,"Wenn die Kommunalwahlen von 1983 Parlamentswahlen gewesen wären, hätte die sozialistische Linke acht Sitze im Parlament erhalten.","Wäre die Kommunalwahl 1983 eine Parlamentswahl gewesen, hätte die Sozialistische Linke 8 Sitze im Parlament erhalten.",1,0,-0.013337343636771859,False
test_1809,Nach dem Umzug nach Salt Lake City in den 1920er Jahren und dann nach Ogden in Utah siedelten sich Robertson und seine Familie 1937 in Mapleton in Utah an.,Nach dem Umzug nach Ogden Utah in den 1920er-Jahren und dann nach Salt Lake City ließen sich Robertson und seine Familie  1937 in Mapleton Utah nieder.,0,0,-0.21162501300808356,True
test_1810,Bettencourt spielte Gitarre und Chris Gehringer verhalf ihm in den Sterling Sound Studios in New York City zur Meisterschaft.,Bettencourt spielte Gitarre und wurde von Chris Gehringer in den Sterling Sound Studios in New York City ausgebildet.,1,0,-0.23454217942672861,False
test_1811,"Im Jahr 2000 besiegte Poonam Devi Devi von RJD Dharmendra Yadav, der JDU vertrat.",Poonam Devi von der RJD besiegte Dharmendra Yadav von der JDU im Jahr 2000.,0,0,-0.6825147084630162,True
test_1812,"Fair Oaks befindet sich in ( 38.651254, -121.259279), zwischen Sacramento und Folsom.","Sacramento liegt zwischen Fair Oaks und Folsom (38.651254, -121.259279).",0,0,-0.8616198539225687,True
test_1813,"2011 schrieb er auch die Biographie der Sängerin Madonna mit dem Titel „Mad for Madonna The Queen of Pop“, veröffentlicht vom Verleger Castelvecchi.",2011 schrieb er auch die Biographie der Sängerin Madonna mit dem Titel „Mad for Madonna. The queen of pop“ veröffentlicht von Castelvecchi Publisher.,1,1,0.062119048522610076,True
test_1814,Am 18. April 2009 wurde die Serie zum ersten Mal in Australien auf Nickelodeon (Neuseeland und Neuseeland) gezeigt.,Die Serie hatte am 18. April 2009 in Neuseeland auf Nickelodeon (Australien und Neuseeland) ihr Debüt.,0,0,-0.2435322228197242,True
test_1815,Kjeld Deichmann starb plötzlich 1963 und Erica schloss das Atelier und gab das Töpfern auf.,Im Jahr 1963 starb Erica unerwartet und schloss Kjeld Deichmann das Atelier und gab die Töpferkunst auf.,0,1,0.11500628015138548,False
test_1816,"Er besuchte die Seton Hall Preparatory School in der Nähe von West Orange (heute in South Orange, New Jersey).","Er besuchte die Seton Hall Preparatory School in der Nähe von South Orange, New Jersey (heute in West Orange).",0,1,0.5131917836853602,False
test_1817,Desborough Hundred bestand aus folgenden mittelalterlichen Gemeinden und Weilern (ehemals alte Vills):,Desborough Hundred bestand aus den folgenden antiken Gemeinden und Weilern (ehemals mittelalterliche Töchter):,0,1,0.3342444547892883,False
test_1818,Bis September 1942 hatten die Vulkanier den Dienst übernommen und die Midlands wurden vernichtet und dann zurückgezogen.,Bis September 1942 hatten die Vulcans ihre Rolle vollständig übernommen und die Midlands wurden aus dem Verkehr gezogen und verschrottet.,0,0,-0.07537278331684627,True
test_1819,"Jonathan Erlich und Andy Ram gewannen den Titel durch ihren Sieg mit 5:3, 5:4 über Mark Knowles und Daniel Nestor im Finale.","Mark Knowles und Daniel Nestor gewannen den Titel, als sie Jonathan Erlich und Andy Ram im Finale mit 5: 3 und 5: 4 besiegten.",0,1,0.08159170393622361,False
test_1820,"Frank James trat einer sezessionistischen Kompanie bei, die für die lokale Drew Lobbs-Armee rekrutiert wurde, und kämpfte im August 1861 in der Schlacht am Wilson's Creek.","Frank James trat einer lokalen Sozietät bei, die für die sezessionistische Drew Lobbs Armee rekrutiert wurde, und im August 1861 in der Schlacht von Wilson's Creek kämpfte.",0,0,-0.627226750485267,True
test_1821,Die New England Cable News haben eine Fernkamera im Fernsehstudio der Suffolk University in der Innenstadt von Boston.,Die Suffolk University betreibt eine Remote-Kamera im Fernsehstudio der New England Cable News im Zentrum von Boston.,0,0,-0.9779028058487921,True
test_1822,Es war die einzige öffentliche Bühne in Tehama County bis 1991 und bis 1993 auch das einzige Kino.,Es war bis 1991 die einzige öffentliche Bühne im Distrikt Tehama und bis zum Jahr 1993 das einzige Kino.,1,0,-0.7283913879960003,False
test_1823,Zum Zeitpunkt der Übernahme durch die Royal Liver Group im Jahr 2011 bestand die Royal London Group aus:,Zum Zeitpunkt der Übernahme durch die Royal London Group im Jahr 2011 war die Royal Liver Group:,0,1,0.6089860638226662,False
test_1824,"Er etablierte sich schließlich im Nordwesten Italiens, offensichtlich unterstützt von Guy, wo er wahrscheinlich der „Titel“ wird.","Er etablierte sich schließlich im Nordwesten Italiens, anscheinend unterstützt von Guy, wo er wahrscheinlich den Titel „comes“ erhielt.",0,0,-0.23532027678614542,True
test_1825,Der in Australien geborene Lang zog als junger Mann nach Israel und ließ sich dort im Jahr 1961 nieder.,Der in Australien geborene Lang zog als junger Mann nach Israel  und ließ sich 1961 dort nieder.,1,0,-0.4175198740135059,False
test_1826,Am 29. Juli 1791 heiratete Sarah Lea Thomas Wright Hill (1765 - 1842) in der St. Martins Kirche in Birmingham und hatte 8 Kinder.,"Thomas Wright Hill heiratete Sarah Lea (1765 -- 1842) am 29. Juli 1791 in der St. Martin's Church, Birmingham und hatte 8 Kinder:",1,0,-0.3963814322085729,False
test_1827,"Während seines Auftritts in der DTM trat der Audi V8 gegen viel kleinere und etwas kleinere Mercedes 190, BMW M3 und etwas leichtere Opel Omega 3000 an.","Bei seiner Teilnahme an der DTM konkurrierte der Audi V8 mit dem viel kleineren Mercedes 190, dem BMW M3 und dem etwas leichteren Opel Omega 3000.",1,0,-0.33935109496932647,False
test_1828,"Cape Don wurde 1818 von Phillip Parker King benannt, als Anerkennung für General Sir George Don, den Lieutenant Governor von Gibraltar.","Cape Don wurde 1818 von George Don als Anerkennung für General Sir Phillip Parker King, Lieutenant Governor von Gibraltar, benannt.",0,0,-0.8301726463050755,True
test_1829,David wurde am 21. September 1933 in Coventry zusammen mit seinem Zwillingsvater Charles und Jessamine Robbins geboren. Die beiden waren das achte und neunte von zwölf Kindern von Robbins.,"David wurde am 21. September 1933 in Coventry geboren, mit seinem Zwilling Charles und Jessamine Robbins, dem achten und neunten von den zwölf Kindern der Robbins.",1,0,-0.5374271794859492,False
test_1830,"Lloyd erweiterete sein Business und begann mit dem Verkauf von Spielwaren und Geschenken. Als die Geschenkebranche expandierte, eröffnete und leitete er das in Grandview, Missouri, ansässige House of Lloyd.","Lloyd gründete und führte sein eigenes Geschäft, begann mit dem Verkauf von Spielzeug und Geschenken und er expandierte das House of Lloyd mit Sitz in Grandview, Missouri, als das Geschenkebusiness wuchs.",0,0,-0.8387297013737268,True
test_1831,"Der Khan ritt mit einer Eskorte hinaus, Tsitsianov ging mit zwei anderen Männern mit und wurde erschossen.","Der Khan ging mit einer Eskorte hinaus, Tsitsianov ritt mit zwei anderen Männern und wurde erschossen.",0,0,-0.28608508723370274,True
test_1832,"Superstar Jackie Shroffs Fahrer Rahul Roy konnte seine Arbeit nicht verrichten, also wurde er durch seinen Sohn Deepak (Alok Nath) ersetzt.","Unfähig seinen Job zu machen wurde Alok Nath, der Fahrer von Superstar Jackie Shroff, durch seinen Sohn Deepak (Rahul Roy) ersetzt.",0,0,-0.3839179576623979,True
test_1833,"William Heyers Eltern sind William J. und Merlyn M. Heyer, sie besuchte das Moorpark College und dann die California Lutheran University.",Die Eltern von William Heyer sind William J. und Merlyn M. Heyer. Sie besuchte die California Lutheran University und anschließend das Moorpark College.,0,0,-0.11287777097223817,True
test_1834,Er spielte bei seinem Ortsverein Adrigole Gaelic Football und war in den 1960er und 1970er Jahren Mitglied des Cork Senior Intercounty-Teams.,Er spielte Senior Intercounty Football bei seinem Heimatverein Adrigole und war in den 1960er- und 1970er-Jahren Mitglied der Mannschaft Cork Gaelic.,0,1,0.4675137436479283,False
test_1835,"Mark Machin war CEO des Canada Pension Plan Investment Board, das im Juni 2016 durch Mark Wiseman ersetzt wurde.",Mark Wiseman war der CEO des Canada Pension Plan Investment Board und wurde im Juni 2016 durch Mark Machin abgelöst.,0,1,0.21341878499239886,False
test_1836,NS,"Betrachten Sie einen Markt mit korrelierten Formel 119-Aktien Formel 120 mit risikolosen Renditen Formel 121, Formel 122 und einer stochastischen Bindung mit",0,0,-1.2518964544661437,True
test_1837,"Selim heiratete Gülbahar Hatun, die Mutter von Bayezid II. war, dem Nachfolger von Bayezid II. und Neffen von Sitti Mükrime Hatun.","Bayezid II. trat mit Gülbahar Hatun, die die Mutter von dem Nachfolger von Bayezid II., Selim I, und dem Neffen von Sitti Mükrime Hatun war, in die Ehe.",0,0,-0.5482585289884151,True
test_1838,"Siebenberg bezeichnete den Song auf dem Album als seinen Favoriten, ""weil er so persönlich und so unverfälscht ist.""","Siebenberg beschrieb den Song als seinen Favoriten auf dem Album, weil er so authentisch und persönlich ist.",1,1,0.464728520848129,True
test_1839,"Octavius Warre Malets zweite Tochter Alice Anna Catherine, heiratete Thomas am 24. Juni 1852 im britischen Konsulat in Köln.","Die zweite Tochter von Thomas Anne, Alice Anna Catherine, heiratete Octavius Warre Malet am 24. Juni 1852 im britischen Konsulat in Köln.",0,0,-0.29754422222660637,True
test_1840,"Gelobt von Richard Gibson und Hofmaler John Carlile, sie wird als ebenso erfolgreich betrachtet wie Peter Lely.",Sie wird von Richard Gibson und dem Hofmaler Joan Carlile gepriesen als ebenso erfolgreich wie Peter Lely.,1,1,0.047300262791656555,True
test_1841,"Ab 1958 war Melkus Professor für Violine, historische Violine, Viola und Barock an der Wiener Musikhochschule.","Von 1958 an war Melkus Professor für Geige, Barockgeige, Bratsche und historische Auftrittproben an der Universität für Musik und darstellende Kunst Wien.",0,0,-0.5640451086213484,True
test_1842,"Tod Leiweke’s jüngerer Bruder, Tim, ist seit 2015 leitender Geschäftsführer der National Football League.","Tim, der jüngere Bruder von Tod Leiweke, ist seit 2015 Chief Operating Officer der National Football League.",1,0,-1.7007965153171822,False
test_1843,"Die erste wäre eine Probe in Tulagi, die zweite wäre die Besetzung und Besetzung der Fidschi-Inseln und des Guadalcanal (Operation Watchtower).",Die erste wäre eine Probe im Tulagi; die zweite wäre die Besetzung der Fidschi-Inseln und Guadalcanal ( Operation Wachtturm ).,1,0,-0.3785754157409401,False
test_1844,North Abaco ein Bezirk auf den Bahamas auf den Abaco-Inseln. Er hat 9.578 Einwohner (Volkszählung 2010).,Es ist einer der Bezirke der Bahamas auf den Abaco-Inseln und hat eine Einwohnerzahl von 9.578 (Volkszählung von 2010).,1,0,-0.4470335355178617,False
test_1845,"Das nächste Rathaus wurde 1627 im Barockstil erbaut und es wurde 1650, 1653, 1735 und 1779 beschädigt.","Das nächste Rathaus wurde 1627 im Barockstil beschädigt und 1650, 1653, 1735 und 1779 errichtet.",0,0,-0.43483427898105254,True
test_1846,Brewer arbeitet in der kreativen und kollaborativen Gemeindehilfe und verwendet ihren Einblick um den künstlerischen Prozess anderer zu unterstützen.,"Brewer arbeitet in der künstlerischen Gemeindehilfe und nutzte dabei ihren Einblick, um andere beim gemeinsamen künstlerischen Schaffen zu unterstützen.",0,0,-1.2768424554491473,True
test_1847,Die Giants verloren 21:27 gegen die Chicago Bears und standen erstmals seit 1976 bei 0:6.,Die Chicago Bears verloren mit 21:27 gegen die Giants und standen erstmals seit 1976 bei 0:6.,0,0,-0.5075619022646108,True
test_1848,"Heshan ist eine Stadt in der Grafschaft Changle, Fuzhou City, Fujian Provinz, China.","Heshan ist eine Stadt die im Kreis der Stadt Changle, Stadt Fuzhou, Provinz Fujian in China gelegen ist.",1,0,-0.7416543694064182,False
test_1849,"Er würde in dieser Nacht westlich von Tecumseh zum Bahnhof gehen und dann mit einem anderen Pferd nach Violet Springs zurückkehren, bevor seine Nachbarn misstrauisch werden könnten.","Er würde in dieser Nacht zur Station westlich von Tecumseh zurückkehren und dann mit einem anderen Pferd zu Violet Springs reiten, bevor seine Nachbarn misstrauisch werden könnten.",0,0,-0.39143350414797606,True
test_1850,"Pete Sampras gewann im Finale mit 6:7, 6:4 und 7:6 gegen Tim Henman.","Tim Tim Henman gewann gegen Pete Sampras im Finale 6:7, 6:4, 7:6.",0,0,-0.4674534500595501,True
test_1851,"Das uvuläre Ejektiv ist eine Art konsonantischer Klang, der in einigen gesprochenen Sprachen verwendet wird. Das Symbol im Internationalen Phonetischen Alphabet, das diesen Klang repräsentiert.","Der Konsonant - Ejektiv ist eine Art uvularer Klang, der in einigen gesprochenen Sprachen verwendet wird. Das Symbol im Internationalen Phonetischen Alphabet, das diesen Klang repräsentiert,",0,1,0.3853466207221755,False
test_1852,"Die Schwedische Eishockeymeisterschaft von 1932 gewann die 11. Saison der Schwedischen Eishockeymeisterschaft, die Schwedische Nationalmeisterschaft, Hammarby IF war die Meisterschaft.","Die schwedische Eishockeymeisterschaft von 1932 war die 11. Saison der schwedischen Eishockeymeisterschaft, die schwedische nationale Meisterschaft, Hammarby IF gewann die Meisterschaft.",0,1,0.3662603201838396,False
test_1853,"McCarthy wurde in San Francisco, Kalifornien, geboren, zog jedoch im Alter von vier Jahren mit seiner Familie nach Auckland.","McCarthy wurde in San Francisco, Kalifornien, geboren, zog jedoch mit seinen Eltern im Alter von vier Jahren nach Auckland.",1,0,-0.37312104374111643,False
test_1854,"Der BBC World Service sendete ebenfalls eine Version mit dem Namen „Animal, Vegetable and Mineral“, bei dem Michael Flanders die Leitung innehatte und Terry Wogan teilnahm.","Der BBC World Service sendete auch eine Version mit dem Titel „Animal, Vegetable and Mineral“, die von Michael Flanders geleitet wurde und zu deren Teilnehmern Terry Wogan gehörte.",1,0,-0.19441054081165965,False
test_1855,"Dieser Käfer wurde 1988 als nicht-funktionierende Spezies beschrieben: er ist recht lang, hat neue Flügel und kann nicht fliegen.","Dieser Käfer wurde 1988 als nicht-funktionelle Spezies beschrieben. Er ist etwa etwa lang, er hat neue Flügel und kann nicht fliegen.",1,1,0.06025580625296545,True
test_1856,Mehta hat mit seiner Ehefrau zwei Kinder: ein Mädchen namens Jahnavi Mehta (geboren 2001) und einen Jungen namens Arjun Mehta (geboren 2003).,"Mehta hat zwei Kinder mit seiner Ehefrau Juhi Chawla, ein Mädchen, Jahnavi Mehta (geboren 2001) und einen Jungen, Arjun Mehta (geboren 2003).",1,0,-0.6028872569711984,False
test_1857,"Sie wurde Mutter von Val, Boris und Rosalind Lorwin, ihre Tochter war Psychologieprofessorin.","Sie war die Mutter von Val, Boris und Rosalind Lorwin, ihre Tochter wurde Professorin für Psychologie.",0,0,-0.226465760162596,True
test_1858,"Armando Santiago (geb. 18. Juni 1932) ist ein portugiesischer Komponist, Dirigent, Musiklehrer und Universitätsadministrator kanadischer Herkunft.","Armando Santiago (geb. 18. Juni 1932) ist ein kanadischer Komponist, Dirigent, Musikpädagoge und Universitätsadministrator portugiesischer Herkunft.",0,1,0.17694241484340345,False
test_1859,In der frühen Astronomie beruht sein Ruhm auf der Einführung der mathematischen Weltkugel und seinen astronomischen Beiträgen zum Verständnis der Bewegung der Planeten.,Sein Ruhm ist in der mathematischen Astronomie auf die Einführung der astronomischen Kugel und auf seine frühen Beiträge zum Verständnis der Bewegung der Planeten zurückzuführen.,0,1,0.5700994864329901,False
test_1860,"Die Idee, geo­gra­phisches Routing unter Verwendung von Koordinaten in einem virtuellen Raum durchzuführen, anstatt physikalische Koordinaten zu verwenden, stammt von Rao et al.","Die Idee, geographische Routen durch einen virtuellen Raum zu legen und dabei Koordinaten statt physikalische Koordinaten zu verwenden, stammt von Rao et al.",1,1,0.03834669991750628,True
test_1861,"Ihn interessierte besonders die dekorative Wirkung seiner Bilder, die sich aus stilisierten Figuren in langen Mänteln oder Gesten zusammensetzten. Der erzählerische Inhalt war hingegen zweitrangig.","Er war insbesondere in die dekorativen Effekte seiner Gemälde interessiert, deren Komposition aus stilisierten Figuren in langen Gewändern oder mit theatralischen Gesten bestand; erzählerischer Inhalt war zweitrangig.",1,0,-1.5563559639136293,False
test_1862,"Die Keita-Dynastie regierte Mali, vorkaiserlich und imperial, vom frühen 17. bis zum 12. Jahrhundert.",Die Keita-Dynastie herrschte im vorkaiserlichen und kaiserlichen Mali vom 12. Jahrhundert bis ins frühe 17. Jahrhundert.,0,0,-0.437068734834979,True
test_1863,"1979 hatte er sein bestes Jahr auf Tournee und war in Tel Aviv, Johannesburg und Atlanta im Viertelfinale dabei.","1979 hatte er sein bestes Jahr als er unterwegs war, ein Viertelfinale in Tel Aviv, Johannesburg und Atlanta.",1,1,0.8152750738821021,True
test_1864,Amtierender Chef -- Rene Piccarreto -- Sohn von Loren Piccarreto verhaftet 1988 entlassen 1994.,Der amtierender Chef – Rene Piccarreto – Sohn von Loren Piccarreto wurde 1988 verhaftet und 1994 freigelassen.,1,1,0.38474154482384837,True
test_1865,"Shook war eine selbstständig produzierte Underground-Zeitschrift für elektronische Musik, hatte ihren Sitz in London und deckte verschiedene Formen britischer und Schwarzer Musik ab.","Shook war ein in London produziertes elektronisches Musikmagazin, das verschiedene Formen der britischen Musik und der schwarzen Musik abdeckte.",1,1,0.6192853633541909,True
test_1866,"Dann unterrichtete er an der Schule in Toledo, Ohio, und war von 1856 -  1859 Schauspielleiter der Schulen in Cleveland.","Er lehrte dann die Schule in Cleveland, OH und war von 1856-1859 stellvertretender Leiter der Schulen in Toledo.",0,0,-0.5154028123507047,True
test_1867,"Es gibt regelmäßige beziehungsweise resp. unregelmäßige, wesentliche Beiträge der Gruppenformel _ 11 mit der Abelianisierungsformel _ 285 der Typen","Es gibt regelmäßige oder unregelmäßige, wesentliche Beiträge von Gruppen in der Formel 11 mit Abelisierungen der Formel 285 oder Typen.",1,0,-0.2791754761541909,False
test_1868,"„Cosmic Explorer“ wurde am 6. April 2016 von Universal J Japan, Universal Music und Perfume Records in vier verschiedenen Formaten veröffentlicht.","„Cosmic Explorer“ wurde am 6. April 2016 in vier verschiedenen Formaten von Universal J Japan, Universal Music und Perfume Records veröffentlicht.",1,0,-0.35528813730860687,False
test_1869,Der Fluss Arieşul Mare ist ein Nebenfluss des Flusses Válcea in Rumänien.,Der Fluss Vălcea ist ein Nebenfluss des Flusses Arieşul Mare in Rumänien.,0,0,-0.0652125941720555,True
test_1870,El Hatillo bietet kostenlose öffentliche Bildung mit insgesamt siebzehn Grundschulen an; elf sind privat und sechs öffentlich.,"El Hatillo bietet kostenlose öffentliche Bildung mit insgesamt siebzehn Grundschulen an, elf davon sind privat und sechs öffentlich.",1,0,-0.12960415125745806,False
test_1871,1953 starb Timothy Detudamo nach langer Krankheit und wurde durch Raymond Gadabu als Hauptleiter ersetzt.,Im Jahr 1953 verstarb Raymond Gadabu nach einer langer Krankheit und wurde von Timothy Detudamo als Chef abgelöst.,0,1,0.07178685717193178,False
test_1872,"Nach dem Krieg spielte er zweimal für die Armee gegen die Royal Navy, 1948 und 1949, und gegen die Cambridge University 1949.","Nach dem Krieg spielte er zweimal für die Armee gegen die Royal Navy, 1948 und 1949, und 1949 gegen die Cambridge University.",1,1,0.09592975215934718,True
test_1873,Audio wird bei direkter digitaler Aufnahme beibehalten (die Audioqualität wird also transkribiert).,Audio wird mit direkter digitaler Aufzeichnung transkribiert (die Audioqualität wird beibehalten).,0,1,0.07295494907588085,False
test_1874,"Der Chefredakteur ist Herbert Wessels (seit 2009), stellvertretender Redakteur ist Markus Ermert (seit 2002).","Zweiter Herausgeber ist Herbert Wessels (seit 2009), Chefeditor ist Markus Ermert (seit 2002).",0,0,-0.7125286553025988,True
test_1875,Das Lied wurde von Gala geschrieben und komponiert und von Filippo Andrea Carmeni und Maurizio Molella produziert.,Der Song wurde von Gala von Filippo Andrea Carmeni geschrieben und komponiert und von Maurizio Molella produziert.,1,0,-0.48410190839233114,False
test_1876,"De Ruiter, geboren in Leiden, spielte für den FC Utrecht, den FC Den Bosch, Excelsior, den RKC Waalwijk und den FC Emmen.","De Ruiter wurde in Leiden geboren und spielte für FC Utrecht, FC Den Bosch, Excelsior, RKC Waalwijk und FC Emmen.",1,0,-0.575584900138438,False
test_1877,"Cai Feng hatte ebenfalls einen Sohn, Cai Mao.","Cai Feng hatte auch einen Sohn, Cai Mao.",1,0,-0.004357636787676866,False
test_1878,Das Krebs-Genome - Projekt wurde im Jahr 2000 von Peter Campbell ins Leben gerufen und jetzt ist Michael Stratton der Gruppenleiter des Projekts.,"Das Cancer Genome Project wurde von Peter Campbell im Jahr 2000 gestartet, und Michael Stratton ist derzeit Arbeitsgruppenleiter des Projekts.",1,0,-1.1421247113293198,False
test_1879,"Jessica Loe begann 2004 mit dem Rudern, und Olivia Loe folgte ihr 2006.","Im Jahr 2004 übernahm Olivia Loe das Rudern, und Jessica Loe folgte ihr im Jahr 2006.",0,0,-0.8122206680567469,True
test_1880,"Das Gedicht ist in vier zeitgenössischen Manuskripten erhalten geblieben, von denen eines fragmentiert ist:","Das Gedicht ist in vier zeitgenössischen Handschriften aufgezeichnet, eine davon ist bruchstückhaft.",1,0,-0.8487092261534582,False
test_1881,"Enigmaticolus Monnieri ist eine Meeresschneckenart, ein echtes gastropodenartiges Weichtier aus der Familie der Buccinidae, der Meereswellhornschnecken.","Enigmaticolus monnieri ist eine Art von Seeschnecke, eine Meeres-Gastropodenmuschel aus der Familie der Buccinidae, die echten Wellhornschnecken.",0,0,-0.32091043514133993,True
test_1882,"Propilidium pelseneeri ist eine Art der Meeresschnecken, eine wahre Napfschnecke und Gastropoden-Mollusk in der Familie der Lepetidae.","Propilidium pelseneeri ist eine Art der Meeresschnecken, eine wahre Napfschnecke und Meeres-Gastropoden-Mollusk der Familie der Lepetidae.",0,1,0.9533580728174663,False
test_1883,"Simon Simon wurde 1979 als Sohn von Charlie und Megan Pace geboren und lebte in Manchester, England.","Simon wurde im Jahr 1979 als Sohn von Charlie und Megan Pace geboren und lebte in Manchester, England.",1,0,-0.32174187874332116,False
test_1884,"Nach Angaben des United States Census Bureau ist Kennesaw eine Gesamtfläche, die Land und 1,08 % Wasser umfasst.",NS,0,0,-0.1715344642853014,True
test_1885,Es gibt auf der Eyre-Halbinsel auch eine abseits gelegene Schmalspureisenbahn von Port Lincoln nach Ceduna.,Auf der Halbinsel Eyre gibt es auch eine isolierte Schmalspurbahn von Port Lincoln nach Ceduna.,1,1,0.26905187192107205,True
test_1886,"Es ist aus den Vereinigten Staaten (Maine, Oregon und Kalifornien) und aus British Columbia (Kanada) bekannt.","Es ist in den Vereinigten Staaten (Maine, Oregon, Kalifornien) und Kanada (British Columbia) bekannt.",1,1,0.10639728778560598,True
test_1887,Die einzige andere Stadt Jennings liegt in Putnam County.,Im ganzen Land befindet sich die einzige andere Gemeinde von Jennings in Putnam County.,1,0,-0.3861452872416997,False
test_1888,"Er wurde 1824 zum Staatsanwalt für Seneca County, 1826 für Williams County und 1827 für Sandusky County ernannt.","Er wurde 1824 als Anwalt für Williams County bestellt, 1826 für Seneca County und 1827 für Sandusky County.",0,0,-0.732800286351026,True
test_1889,Bei der Betrachtung des wirtschaftlichen Profits werden die expliziten Kosten gemeinsam mit den impliziten Kosten einbezogen.,Bei der Berücksichtigung des impliziten Profits werden die expliziten Kosten gemeinsam mit den wirtschaftlichen Kosten berücksichtigt.,0,1,0.0023767758375125014,False
test_1890,"Jesus verbrachte drei Tage im Bauch des Fisches, und Jona verbrachte drei Tage im Grab.","Jonah verbrachte drei Tage im Bauch des Fisches, Jesus würde drei Tage im Grab verbringen.",0,0,-0.6236401788242604,True
test_1891,"Herbert Wessels ist (seit 2009) der Chefredakteur, zweiter Redakteur ist (seit 2002) Markus Ermert.","Herbert Wessels ist (seit 2009) Chefredakteur, und Markus Ermert (seit 2002) zweiter Redakteur.",1,0,-0.2410094557943233,False
test_1892,"Guillermo Coria besiegte Alberto Martín mit 6 zu 3 , 3 zu 6 und 6 zu 2.","Guillermo Coria besiegte Alberto Martín 6 : 3, 3 : 6 und 6 : 2.",0,0,-0.838226152237535,True
test_1893,"Die Farbe der Schale ist gleichmäßig, unter einer sehr dünnen, weißlich, gelblich, braunen Oberhaut.","Die Farbe der Schale ist glatt, unter einer sehr dünnen, weißlichen, gelblich-braunen Epidermis.",1,0,-0.13977999617527315,False
test_1894,"„Trust in Me” ist ein Song der von Ned Wever, Milton Ager und Jean Schwartz geschrieben wurde.","„Trust in Me” ist ein von Jean Schwartz, Milton Ager und Ned Wever geschriebenes Lied.",1,0,-0.4874099110102941,False
test_1895,"Das Fallbeil wurde 1949 zum letzten Mal in Westdeutschland eingesetzt, 1966 in Ostdeutschland.","Das Fallbeil wurde letztmals 1949 in Ostdeutschland, 1966 in Westdeutschland eingesetzt.",0,1,0.38582929006155775,False
test_1896,Es bedient den südöstlichen Vorort Edithvale von Melbourne und wurde am 20. September 1919 eröffnet.,Es bedient dem im äußersten Südosten gelegenen Vorort von Melbourne Edithvale und wurde am 20. September 1919 eröffnet.,1,1,0.03435148614287531,True
test_1897,"Weitere Schwierigkeiten waren unter anderem die Entscheidung von Peter Jackson, sieben Wochen vor Beginn des Films den Komponisten Howard Shore durch James Newton Howard zu ersetzen.","Weitere Schwierigkeiten waren Peter Jacksons Entscheidung, Howard Shore Komponisten sieben Wochen vor dem Filmwechsel auf James Newton Howard umzustellen.",0,1,0.09993628560697654,False
test_1898,Ihr Status als Satellitenstadt von Kuala Lumpur hängt mit ihrer Lage im Herzen des Klang-Tals in Malaysia zusammen.,Der Status als Satellitenstadt von Kuala Lumpur ist mit der Lage im Herzen des Klang-Tals in Malaysia verbunden.,1,1,0.06483629814538816,True
test_1899,Statesboro -- Bulloch County Airport ist die Heimat der U.S. Auxiliary's Air Force; Statesboro „Eagle“ Composite Squadron ( GA451) der Civil Air Patrol. www.statesborocap.com .,Der Statesboro -- Bulloch County Airport ist die Heimat der US Air Force Auxiliary's Statesboro „Eagle'' Composite Squadron ( GA451) der Civil Air Patrol. www.statesborocap.com,1,0,-0.25185475373716215,False
test_1900,"Die Chicago Bears sanken auf die Giants 27:21, und verloren 0:6 zum ersten Mal seit 1976.",Die Chicago Bears verloren 21:27 gegen die Bears und standen erstmals seit 1976 bei 0:6.,1,0,-0.955250733880087,False
test_1901,NS,Er starb am 6. Januar 1976 in Madrid und wurde in der Kirche von Alicante beigesetzt.,0,0,-1.5432444741239233,True
test_1902,Er gehörte zur jüdischen Gruppe der Vorkriegs-Vereinigung von Schriftstellern und Komponisten in Warschau.,Er gehörte zur jüdischen Gruppe der Vorkriegs-Vereinigung der Theaterautoren und Komponisten in Warschau.,1,1,0.6617626077516267,True
test_1903,"Hoppkorv war das siebte Album der amerikanischen Blues Rock Band ""Hot Tuna"", und ihr letztes Studioalbum wurde für Grunt Records unter Grunt BFL1-1920 aufgenommen.","Hoppkorv war das siebte Album der amerikanischen Blues-Rock-Band Hot Tuna und ihr letztes Studioalbum für Grunt Records, aufgenommen wurde es als Grunt BFL1-1920.",1,1,0.3331313967723638,True
test_1904,"Bei seinem Tod war Cardinal Beaton Lordkanzler von St. Andrews, Erzbischof von Schottland und Kardinallegat von Schottland.","Zum Zeitpunkt seines Todes war David Cardinal Beaton Lord Chancellor of Scotland, Erzbischof von St. Andrews und Cardinal Legate in Schottland.",0,1,0.06333501237429107,False
test_1905,"Somers war der Sohn von Charles Cocks, 1. Baron Somers, und von Elizabeth, der Tochter von Richard Eliot.","Somers war der Sohn von Richard Eliot, des 1. Baron Somers und Charles Cocks, der Tochter von Elizabeth.",0,0,-0.642082597486571,True
test_1906,Er bezeichnet dies als eine Neuentdeckung der Romanliteratur und glaubt darin einen mythischen Realismus der chinesischen Literatur zu erkennen.,Er beschreibt dies als eine neue Entdeckung des Fiktionsschreibens und betrachtet es als einen Mytho-Realismus der chinesischen Literatur.,1,0,-1.1415411166741851,False
test_1907,"Die Barone de Longueuil leben seit mehreren Generationen nicht mehr in Kanada, sondern in Schottland und Frankreich und in den 1970er Jahren in Luzon auf den Philippinen.","Die Barone De Longueuil wohnten seit mehreren Generationen nicht in Schottland, sondern in Kanada und Frankreich und, in den 70er Jahren, in Luzon auf den Philippinen.",0,1,0.15024712717518773,False
test_1908,"Mount DeVoe ist ein Berg auf Vancouver Island in British Columbia in Kanada, südöstlich des Rambler Peak und südlich des Gold River.","Mount DeVoe ist ein Berg auf Vancouver Island, British Columbia, Kanada, der südöstlich des Gold River und südlich von Rambler Peak gelegen ist.",0,0,-0.6527840328896618,True
test_1909,"Die Somatherapie (oder Soma) wurde in den 1970er-Jahren von Wilhelm Reich als Gruppentherapie entwickelt, basierend auf der Forschung des Psychoanalytikers Freire.","Soma-Therapie (oder Soma) wurde in den 1970er Jahren von Wilhelm Reich, basierend auf den Forschungen des Psychoanalytikers Freire, als Gruppentherapie begründet.",1,0,-0.2996847455658428,False
test_1910,Sie kommt in West- und Mitteleuropa und Südasien vor.,Es ist in Südeuropa sowie in West- und Zentralasien erhältlich.,0,0,-0.8196120516731663,True
test_1911,Es dient der Chandimandir Cantonment Area der Stadt Panchkula.,Es versorgt das Kantonsgebiet Chandimandir der Stadt Panchkula.,1,0,-0.1399401096254822,False
test_1912,NS,"Die Triade wurde während des Vietnamkrieges im Norden eliminiert, im Süden jedoch.",0,0,-1.9864735919743337,True
test_1913,Der Film wurde von Alena Kruchkova editiert und von Andrei Litvinov produziert.,Der Film wurde von Alena Kruchkova produziert und von Andrei Litvinov geschnitten.,0,1,0.16554419763584516,False
test_1914,In Sri Lanka kann der Titel Wirtschaftsprüfer (CA Sri Lanka) nur von Mitgliedern des Institute of Chartered Accountants of Sri Lanka verwendet werden.,In Sri Lanka darf der Titel des Wirtschaftsprüfers (CA Sri Lanka) ausschließlich von Mitgliedern des Institute of Sri Lankan Accountants geführt werden.,1,1,0.9997969576134561,True
test_1915,Zingone spielte Klubfußball für Lito.,Zingone spielte beim Fussballverein Lito.,0,0,-0.13372727014900931,True
test_1916,Nach seiner Grund- und Sekundarschulausbildung in Isparta absolvierte er die Pertevniyal High School in Istanbul.,Nach seiner Grund- und Sekundarschulausbildung in Isparta absolvierte er die Pertevniyal High School in Istanbul.,1,0,-0.42820256071042995,False
test_1917,"McMillan verbrachte zwei Jahre beim Royal Medical Corp. in Didcot und später in Tidworth, wo er ein MRS für im Koreakrieg verwundete Soldaten leitete.","McMillan verbrachte zwei Jahre am Royal Medical Corp. in Tidwoth und später in Didcot, wo er ein MRS für im Koreakrieg verletzte Soldaten leitete.",0,0,-0.26399577314899647,True
test_1918,Jacob Markell (8. Mai 1770 – 26. November 1852) war ein U.S.-Abgeordneter aus New York und Vater von Henry Markell.,Jacob Markell (8. Mai 1770 - 26. November 1852) war ein Delegierter von New York und der Vater von Henry Markell.,1,0,-0.2957395658455234,False
test_1919,"Seine spätere Arbeit in der Landwirtschaft war hauptsächlich in Norfolk, aber er schlug auch umfangreiche Böschungen in Lincolnshire vor, die erfolgreich durchgeführt wurden.","Seine spätere Arbeit in der Landwirtschaft führte er hauptsächlich in Lincolnshire aus, aber er schlug auch umfangreiche Eindeichungen in Norfolk vor, die erfolgreich durchgeführt wurden.",0,0,-0.6570573632694047,True
test_1920,NS,"Laut dem United States Census Bureau hat die Stadt eine Gesamtfläche von, von der Land und 33,45% Wasser sind.",0,0,-1.108655779106547,True
test_1921,Er wurde von George Fitzmaurice gedreht und basierte auf dem Theaterstück „Tiger Rose“ von Willard Mack aus dem Jahr 1917.,Unter der Regie von George Fitzmaurice basiert es auf einem Stück „Tiger Rose“ von Willard Mack aus dem Jahr 1917.,1,0,-0.11352527584370198,False
test_1922,Es gibt auch eine isolierte Schmalspureisenbahn auf der Eyre-Halbinsel zwischen Ceduna und Port Lincoln.,Es gibt auf der Eyre-Halbinsel auch eine abseits gelegene Schmalspureisenbahn von Port Lincoln nach Ceduna.,0,1,0.26230233369479283,False
test_1923,"Neben den Stadtparks gibt es in der Umgebung zehn Nationalparks, fünf nationale Einrichtungen und mehrere andere Gärten und Arboreten.","Zusätzlich zu den Stadtparks gibt es zehn staatliche Parks, fünf nationale Anlagen und mehrere weitere Gärten und Arboreten in dem Gebiet.",1,0,-0.5389122906960401,False
test_1924,"Battlepug ist ein Webcomic, geschrieben und illustriert von Mike Norton, koloriert von Allen Passalaqua, und geschrieben von Chris Crank.","Battlepug ist ein Webcomic von Mike Norton, geschrieben von Allen Passalaqua, geschrieben und illustriert von Chris Crank.",0,0,-0.5035630857757675,True
test_1925,Es wurde später herausgebracht um am 15. Oktober in den UK und am 23. Oktober in den USA als Single für das Album bestätigt zu werden.,Er wurde später herausgebracht um am 15. Oktober im UK und am 23. Oktober in den USA als Single für das Album bestätigt zu werden.,1,0,-0.035594436540094754,False
test_1926,Er war mit Elisabeth Young (1854 - 1932) verheiratet und war der Vater des Schifffahrtsmagnaten N. O. Young Fearnley und Grundbesitzers Thomas Fearnley.,Er war mit Elisabeth Young (1854 – 1932) verheiratet und Vater des Reeders Thomas Fearnley und des Landbesitzers N. O . Young Fearnley.,0,1,0.11762455952572315,False
test_1927,"Er blieb bei ESPN und führte bei zwei weiteren Filmen für den Sender Regie, „Wendell Scott” und „Herschel”.","Er setzte seine Zusammenarbeit mit ESPN fort und arbeitete an zwei weiteren Filmen für den Sender mit, „Herschel“ und „Wendell Scott“.",1,0,-1.097886338310298,False
test_1928,Siberian Airlines fusionierte im Jahr 2001 mit Enkor.,2001 fusionierte Siberian Airlines mit Enkor.,1,0,-1.4211030633307509,False
test_1929,"Am 29. November 1171 unterzeichnete Gonzalo das erste Mal eine Charta als ""Gonzalo Ruiz de Bureba"".",Am 29. November 1171 unterzeichnete Gonzalo Ruiz de Bureba erstmals ein Zertifikat als Gonzalo .,0,0,-1.394785869511526,True
test_1930,"Bis zum Aufkommen der elektronischen und digitalen Videotechnik, war die Massenproduktion von Pornofilmen direkt  mit der kommerziellen Filmindustrie verbunden.",Bis zum Aufkommen der elektronischen und digitalen Videotechnik war die Massenproduktion von pornographischen Filmen direkt an die Mainstream-Filmindustrie gebunden.,1,0,-0.9810764096927896,False
test_1931,"Er veröffentlichte und schrieb die Vorworte zu den Ausgaben von Robert Owen (1934), Thomas More (1935) und Tommaso Campanella (1950).","Er veröffentlichte und schrieb die Vorworte zu den Ausgaben von Tommaso Campanella (1934), Thomas More (1935) und Robert Owen (1950).",0,1,0.7583193600678825,False
test_1932,"Lang wurde in Israel geboren, zog dann als junger Mann nach Australien und ließ sich 1961 dort nieder.","Lang wurde in Israel geboren, wanderte als junger Mann nach Australien aus und ließ sich dort 1961 nieder.",1,0,-0.25982222996273874,False
test_1933,Die römisch-katholische Diözese Bungoma ist eine Diözese in der Stadt Kisumu in der kirchlichen Provinz Bungoma in Kenia.,Das römisch-katholische Bistum Bungoma ist eine Diözese in der Stadt Bungoma in der Kirchenprovinz Kisumu in Kenia.,0,0,-0.7754147539690514,True
test_1934,Nozomu Sasaki wird in der Originalserie auf Japanisch von Mackie und auf Englisch von Frank Trimble gesprochen.,Nozomu Sasaki wird von Mackie auf Japanisch und Frank Trimble auf Englisch in der Original-Serie gesprochen.,1,0,-1.1887106324031,False
test_1935,Es wurden drei Brigaden (11 Bataillone) für die konventionelle Kriegsführung aufgestellt; eine große Guerilla-Macht (geschätzt auf 100.000) wurde trainiert.,"Drei Brigaden (11 Bataillone) wurden für konventionelle Kriegführung ausgebildet, eine große Guerrilla-Truppe (geschätzte 100.000 Mann) wurde aufgebaut.",0,0,-0.21425121151256077,True
test_1936,"In Korea wurde der Entwurf in Joseon verwendet, um den Taoismus zu symbolisieren und die Hoffnung auf Harmonie zwischen Yin und Yang auszudrücken.","In Korea wurde der Entwurf verwendet, um den Daoismus in Joseon vorzustellen und die Hoffnung auf Harmonie von Yin und Yang zum Ausdruck zu bringen.",1,0,-0.8204166580617919,False
test_1937,Zusammen mit Lucas (Martin Hansen) ist er Preisträger des Carnegie-Stipendiums für Mathematik.,Er ist mit Martin Hansen ( Lucas ) Mitempfänger des renommierten Carnegie-Stipendiums für Mathematik.,1,1,0.35692141245064957,True
test_1938,"2007 fanden Meisterschaften vom 21. zum 28. Januar im Spokane Convention Center und der Spokane Arena in Spokane, Washington statt.","Die Meisterschaften 2007 fanden vom 21. bis 28. Januar in Spokane, Washington in der Spokane Arena und im Spokane Convention Center statt.",1,0,-0.335060678704448,False
test_1939,"Zedtwitz war Im Jahr 1932 Präsident der American Bridge League, einer der Organisationen, durch deren Zusammenschluss im Jahr 1937 die American Contract Bridge League gegründet wurde.","Von Zedtwitz war im Jahr 1932 Präsident der American Contract Bridge League, einer der Organisationen, deren Zusammenschluss 1937 die American Bridge League begründete.",0,0,-0.9274590689815269,True
test_1940,"Sie haben 13 Rückenstacheln, 11 bis 13 dorsale Weichstrahlen, 2 Analstacheln und 11 bis 13 Analweichstrahlen.","Sie haben 13 anale Weichstacheln, 11 bis 13 dorsale Weichstrahlen, 2 Rückenstacheln und 11 bis 13 Analstrahlen.",0,0,-0.013190487366652515,True
test_1941,"Mit Vinny Testaverde als Stammspieler, gewann Ray Lucas gegen Zolak bei einem Backup-Job.",Mit Vinny Testaverde als Starter wetteiferte Zolak mit Ray Lucas um einen Backup-Job.,0,0,-0.7156534520990677,True
test_1942,"Dies wurde in zwei langen Inschriften aus seinem Totentempel Medinet Habu festgehalten, die physisch getrennt und etwas voneinander verschieden sind.","Dies wurde in zwei langen Inschriften seiner Körperhorde Medinet Habu festgehalten, die physisch getrennt sind und sich etwas voneinander unterscheiden.",1,1,0.9529935862648188,True
test_1943,"In anderen Artikeln befürwortete es die wirtschaftlichen Ideen, denen der Schuman-Plan zugrunde liegt und lobte die Expansion des europäischen Binnenmarktes.",In anderen Artikeln lobte es die wirtschaftlichen Grundgedanken des Schuman-Plans und begrüßte die Erweiterung des europäischen Binnenmarktes.,1,0,-0.017438431209669036,False
test_1944,Benjamin Hough wurde von Friedensrichter Stephen Ford am 29. August 1806 in Jefferson County mit Elizabeth Core verheiratet.,"Stephen Stephen wurde am 29. August 1806 von Benjamin Hough, Justice of Peace, in Jefferson County, Elizabeth Core verheiratet.",0,0,-0.9517704223108706,True
test_1945,"In der Praxis sind Mesquite „Module“ Java-Klassen, meist abstrakte Unterklassen von konkreten Klassendefinitionen.",In der Praxis sind Mesquite „Module“ Java-Klassen in der Regel abstrakte Unterklassen konkreter Klassendefinitionen.,1,1,0.14439478278124707,True
test_1946,"In der europäischen Lithostratigraphie werden Felsen des Zeitalters des Mitteljuras als ""Dogger"" bezeichnet.",In der mittleren Jura-Lithostratigraphie werden Gesteine ​​dieser europäischen Zeit Dogger genannt.,0,0,-1.656452923215435,True
test_1947,"Die empirische Beobachtung der tatsächlichen Wirkungen von GLA zeigt, dass die entzündungshemmenden Wirkungen von DGLA dominieren.","Die empirische Beobachtung der entzündungshemmenden Wirkungen von GLA spricht dafür, dass die aktuellen Effekte von DGLA dominieren.",0,0,-1.4355478258388454,True
test_1948,Dieses Lied wurde von Gala geschrieben und von Filippo Andrea Carmeni und Maurizio Molella produziert.,Der Song wurde von der Gala geschrieben und produziert und von Filippo Andrea Carmeni und Maurizio Molella komponiert.,0,0,-1.1251643659749346,True
test_1949,"Im Mai trat Spencer McLaren als Kieran Fletcher auf, in den sich die bereits bekannte Figur Sally Fletcher (Kate Ritchie) verliebt.","Im Mai erschien Kate Ritchie als Sally Fletcher, für sich Spencer McLaren in der etablierten Rolle von Kieran Fletcher interessierte.",0,0,-0.3244596041220529,True
test_1950,"Mehta hat zwei Kinder mit seiner Ehefrau Juhi Chawla, ein Mädchen, Jahnavi Mehta (geboren 2001) und einen Jungen, Arjun Mehta (geboren 2003).","Mehta hat zwei Kinder mit seiner Ehefrau Juhi Chawla, ein Mädchen, Jahnavi Mehta (geboren 2001) und einen Jungen Arjun Mehta (geboren 2003).",1,0,-0.1557757009554529,False
test_1951,"Sculcoates hat eine Bibliothek, ein Postamt, ein  Schwimmbad namens Beverley Road Baths, eine High School und zwei Primarschulen.","Sculcoates hat eine Bibliothek, eine Post, ein Schwimmbad namens Beverley Road Baths, eine Grundschule und zwei High Schools.",0,0,-0.9188063810356549,True
test_1952,"Ungarala Rambabu ist ein Telugu-Film, der von Kranthi Madhav geschrieben und gedreht und von Paruchuri Kiriti produziert wurde.","Bei Ungarala Rambabu handelt es sich um einen Telugu-Film, der von Paruchuri Kiriti geschrieben und von Kranthi Madhav produziert wurde.",0,0,-0.2982523972381296,True
test_1953,"Er besuchte die Seton Hall Preparatory School im nahegelegenen South Orange, New Jersey (jetzt in West Orange).","Er besuchte die Vorschule Seton Hall im nahe gelegenen South Orange, New Jersey (heute in West Orange gelegen).",1,0,-0.7021380942435401,False
test_1954,"Das einzige Straßenbahndepot befindet sich in San Antonio, die Endstationen sind Miraflores und Oriente.",Das einzige Straßenbahndepot liegt in San Antonio. Endbahnhöfe sind Miraflores und Oriente.,1,0,-0.7612878562615418,False
test_1955,"Zu den beliebtesten Zügen gehören : Simanta Express und Rupsha Express nach Khulna, Titumir Express nach Rajshahi, Nilsagar Express nach Dhaka und Lalmoni Express nach Dhaka","Zu den beliebtesten Zügen gehören : Simanta Express und Rupsha Express nach Khulna, Titumir Express nach Rajshahi, Nilesagar Express nach Dhaka und Lalmoni Express nach Dhaka .",1,1,0.27141100349800806,True
test_1956,In einigen Proben gab es genug des mafischen Lavatyps Andesit um sie als Basaltandesit zu klassifizieren.,"Andesit war der vorherrschende Lavatyp mit einigen Proben, die ausreichten, um es als Basaltandesit zu klassifizieren.",0,0,-1.1591875872809259,True
test_1957,"Die Nashua Silver Knights, Teil einer gegenwärtigen Sommerliga, sind das College-Team der Stadt.","Die Nashua Silver Knights, Teil einer Sommer-Kollegsliga, ist das aktuelle Team der Stadt.",0,0,-0.9511450522621906,True
test_1958,Die County Road 540 liegt nur wenige Kilometer südlich der State Road 540 in Highland City und verläuft westlich der US 98 zur County Road 37B.,Die County Road 540 liegt ein paar Meilen westlich der State Road 540 in Highland City und verläuft südlich von den US 98 zur County Road 37B.,0,0,-0.8802701437379735,True
test_1959,Die Fidschi-Inseln galten als erster Versuch; danach wurden Tulagi und Guadalcanal sichergestellt und besetzt (Operation Watchtower).,"Die erste wäre eine Probe im Tulagi, die zweite wäre die Besetzung und Besetzung von Fidschi - Inseln und Guadalcanal (Operation Wachtturm).",0,0,-0.8331359910965175,True
test_1960,"Das Kambodscha - Vietnam Friendship Monument in Phnom Penh, der Hauptstadt Kambodschas, ist ein großes Betonmonument, das an die ehemalige Allianz zwischen Vietnam und Kambodscha erinnert.","Phnom Penh -- Das Freundschaftsdenkmal Vietnams in Kambodscha, der Hauptstadt Kambodschas, ist ein großes Betonmonument, das an das ehemalige Bündnis zwischen Vietnam und Kambodscha erinnert.",0,1,0.73673918299248,False
test_1961,"Am 26. April 1646 heiratete Claude Simon Brancion III. Mary, Tochter von Beaufort, Lord von S. Quentin und hatte mit ihr:",NS,0,0,-1.489847680841852,True
test_1962,Es gibt 43 fest angestellte Lehrkräfte und die meisten von ihnen gehören zu den herausragenden Künstlern des Landes.,Es gibt 43 feste Lehrer und die meisten der Lehrer sind bedeutende Künstler des Landes.,1,1,0.04549931480476965,True
test_1963,Eine biblische Verdammnis ist in ihrem formalsten Sinne ein negativer Segen.,"Ein biblischer Untergang ist, in seiner negativsten Form, ein förmlicher Segen.",0,1,0.6764618992470451,False
test_1964,Bei einem biblischen Verhängnis handelt es sich im wahrsten Sinne des Wortes um einen negativen Segen.,Ein biblisches Schicksal ist ein formaler Segen im negativsten Sinne.,0,0,-1.8960426360176164,True
test_1965,Es ist in Südeuropa und West- und Zentralasien zu finden.,Es ist in Südeuropa und West- und Zentralasien verfügbar.,1,1,1.1011611599028646,True
test_1966,Am 25. Juni 1866 wurde er zum Bischof von Nisa in Lycia und zum Bischof von Titular Velletri ernannt.,Er wurde am 25. Juni 1866 zum Weihbischof von „Nisa in Lykien“ und zum Titularbischof von Velletri ernannt.,1,0,-0.4418001785301977,False
test_1967,Das geschichtsträchtige Rubber Bowl wurde von der Nationalgarde der Vereinigten Staaten während der Rassenunruhen in der Wooster Avenue im Jahr 1968 als Stützpunkt verwendet.,Das historische Rubber Bowl wurde von der Nationalgarde der Vereinigten Staaten während der rassistischen Wooster Avenue Riots von 1968 als als Basisstandort verwendet.,1,0,-0.8408723591115684,False
test_1968,"Tasha aus der Produktion I. G, Danny Choo, Kaname, Mitsuhisa Ishikawa und Tomohiko Ishii mit Miyuko aus Korea waren besondere Gäste der Veranstaltung.","Tasha von Production I.G., Danny Choo, Kaname, und Mitsuhisa Ishikawa und Tomohiko Ishii mit Miyuko aus Korea waren besondere Gäste für das Event.",1,1,0.034126916662612805,True
test_1969,"Zu jener Zeit umfasste sie Schiffe aus Italien, Frankreich, Deutschland, Pakistan, Kanada, dem Vereinigten Königreich und den Vereinigten Staaten.","Damals umfasste es Schiffe aus Kanada, Frankreich, Deutschland, Pakistan, Italien, Großbritannien und den Vereinigten Staaten.",1,1,0.7346895677520878,True
test_1970,Sein Sohn heiratete Mary O. Kennedy (aus San Francisco) und verstarb im Jahr 1883 in Kalifornien.,Sein Sohn heiratete Mary O. Kennedy (von Kalifornien) und er starb 1883 in San Francisco.,0,0,-0.09930915385703998,True
test_1971,"Beachten Sie auch, dass „nicht NFL“ insgesamt bedeutet, dass Algorithmen nur durch „einen“ Leistungsmaßstab ungleichwertig sind.","Beachten Sie auch, dass „nicht NFL“ nur bedeutet, dass Algorithmen durch „einige“ Leistungsdimensionen insgesamt ungleichwertig sind.",0,1,0.6381214283898508,False
test_1972,"Die europäischen Aktivitäten wurden Teil von Ebel, während die asiatischen Aktivitäten an den Hongkonger Unternehmer Joseph Wong verkauft wurden und nun zu Stelux Holdings gehören.","Asiatische Vermögenswerte wurden Teil von Ebel, während europäische Vermögenswerte an den Unternehmer Joseph Wong aus Hongkong verkauft wurden und jetzt Stelux Holdings gehören.",0,0,-0.9231935825639449,True
test_1973,"Mr. Ross: Ich werde beweisen, dass Prior Curry geschossen hat und dass Hoffman ein Pfund für die erste Person angeboten hat, die es tun würde.","Herr Hoffman: Ich werde beweisen, dass Prior Curry geschossen hat, und dass Ross dem ersten, der es tun würde, ein Pfund angeboten hat.",0,1,0.48340717675138467,False
test_1974,"Li Bian übernahm, als sein Vater Li Jing 943 starb.","Li Li übernahm die Macht, als sein Vater Li Jing 943 starb.",0,1,0.5547343925300386,False
test_1975,Nach seiner Pensionierung blieb er in Krzemieniec und starb dort.,Nach seiner Pensionierung starb er und blieb in Krzemieniec.,0,0,-0.9881357708980966,True
test_1976,"Anträge der Met, südlich von Paddington nach South Kensington und östlich von Moorgate nach Tower Hill auszubauen, wurden genehmigt und erhielten am 29. Juli 1864 königliche Zustimmung.",Das machte ihn zum ersten 994.-Ligisten der für die Roosters spielen sollte.,1,0,-1.582950936178452,False
test_1977,"H. T. J. Macnamara heiratete Edith Cranstoun Macnamara, älteste Tochter von Herrn Neville, der einst Richter an Landgerichten und Eisenbahnbeauftragter war.","Neville heiratete Edith Cranstoun Macnamara, die älteste Tochter von H. T. J. Macnamara, der Richter am Bezirksgericht und Eisenbahnkommissar war.",0,0,-1.3138495973287405,True
test_1978,Bonnie Bedelia Culkin (geboren am 25. März 1948 als Bonnie Bedelia) ist eine amerikanische Schauspielerin.,"Bonnie Bedelia Culkin ( born March 25 , 1948 in Bonnie Bedelia ) is an American American actress .",1,0,-1.1331931219634153,False
test_1979,"Mit der Anwendung der neuen Hypothesen ist der Linguist imstande, analytische Sätze zu bilden und ein Übersetzungshandbuch zu erstellen.","Der Linguist kann die neuen Hypothesen verwenden, um analytische Sätze zu bilden und ein Übersetzungshandbuch zu erstellen.",1,0,-0.5393497316596444,False
test_1980,"Im April 1942 kehrte Montagu Slater nach England zurück und bat Britten kurz nach seiner Rückkehr, sein Librettist für „Peter Grimes“ zu sein.","Britten kehrte im April 1942 nach England zurück. Bald nach seiner Rückkehr bat er Montagu Slater darum, sein Librettist für ""Peter Grimes"" zu sein.",0,0,-0.4898784845031098,True
test_1981,"Madonna, Prince und Michael Jackson waren jedoch Einflüsse auf das Album.","Michael Jackson, Prince und Madonna waren jedoch Einflüsse auf das Album.",1,1,0.7792830213664378,True
test_1982,"1781 beförderte der Gouverneur von Illinois, Thomas Jefferson, Clark zum Brigadegeneral und gab ihm das Kommando über die gesamte Miliz in den Bezirken Kentucky und Virginia.",1781 beförderte Gouverneur Thomas Jefferson Clark zum Brigadegeneral und übergab ihm das Kommando über die gesamte Miliz in den Counties Kentucky und Virginia.,1,0,-0.7434941169155899,False
test_1983,Der Campus befand sich in Wan Chai und Sai Kung und bezog im August 2013 seinen neuen Standort in Kennedy Town.,Der Campus lag in Wan Chai und Kennedy Town und im August 2013 verlegte die Schule ihren permanenten Standort nach Sai Kung.,0,0,-0.3317063401286209,True
test_1984,Sie war zweimal verheiratet: zuerst mit Doktor Mark Soroko und später mit dem Bankier Jim Hays.,Sie war zweimal verheiratet: zuerst mit dem Arzt Mark Soroko und später mit dem Bankier Jim Hays.,1,1,0.21557343966078235,True
test_1985,"Sie segelte am 12. September 1943 von Key West und kam am 16. September in Galveston, Texas an.","Sie segelte am 12. September 1943 von Galveston, Texas, und erreichte Key West am 16. September.",0,0,-0.15499169357208864,True
test_1986,1977 reiste Barber mit Rob Taylor nach Schottland und Norwegen um Wasserfälle zu erklimmen.,1977 reiste Barber mit Rob Taylor nach Scotland und Norwegen um Wasserfälle zu erklimmen.,1,0,-1.123811642274931,False
test_1987,"Jiří Veselý besiegte Oliver Golding mit 5:7, 6:3, 6:4.","Jiří Veselý verlor gegen Oliver Golding mit 7:5, 3:6, und 4:6 .",0,0,-0.08477045135492056,True
test_1988,"Juhi Chawla hat mit seiner Frau Jahnavi Mehta zwei Kinder, ein Mädchen, Mehta (2001 geboren) und einen Jungen, Arjun Mehta (2003 geboren).","Juhi Chawla hat zwei Kinder mit seiner Ehefrau Jahnavi Mehta, ein Mädchen, Mehta (geboren 2001) und einen Jungen, Arjun Mehta (geboren 2003).",1,0,-0.26999514299820404,False
test_1989,Im Jahr 2002 wurde der Song vom britischen Produzenten Vincent Stormfield veröffentlicht und von independiente mit „Sweet Harmony 02“ gecovert.,Im Jahr 2002 wurde der Song vom britischen Produzenten Vincent Stormfield gecovert und von Independiente als „Sweet Harmony '02“ veröffentlicht.,0,1,0.5881993465243488,False
test_1990,"Elizabeth Prudden immigrierte 1653 von England nach Milford, Connecticut; sie heiratete Roger Pritchard.","Elizabeth Elizabeth Prudden, 1653 aus England nach Milford emigriert, Connecticut, heiratete Roger Pritchard",1,0,-0.026542620705601427,False
test_1991,"Als das Lied neu war, gab es bemerkenswerte Aufnahmen von Künstlern wie Paul Whiteman, Van & Schenck, Marion Harris und dem American Quartet.","Bemerkenswerte Aufnahmen wurden von Künstlern wie Paul Whiteman, Van Schenck, Marion Harris und dem American Quartet gemacht, als der Song neu war.",1,1,0.2857317259128668,True
test_1992,Er wurde in seinem Abschlussjahrbuch mit dem Titel „Most Humorous“ und „Most Talented“ ausgezeichnet.,"Er wurde in seinem Abschlussjahrbuch mit den Auszeichnungen „Most Humorous"" und „Most Talented"" ausgezeichnet. .",1,0,-0.19980190076987636,False
test_1993,"Die Interviews laufen in der Regel während der ersten Stunde der Sendung, mit gelegentlichen halbstündlichen Interviews während der zweiten Stunde.","Die Interviews laufen typischerweise für die erste Stunde des Programms, mit gelegentlichen halbstündigen Interviews während der zweiten Stunde.",1,0,-1.0944229302015795,False
test_1994,"Betroffen, versucht Arthur, rücksichtsvoller gegenüber Gwen zu sein (bietet an, Abendessen zu kochen usw.).","Arthur gibt sich Mühe, betroffen zu sein, Gwen gegenüber rücksichtsvoller zu sein (anzubieten Abendessen zu bereiten, usw.",1,1,0.20321941985155256,True
test_1995,Bei „Bas Basie Land” handelt es sich um ein Studioalbum von Count Basie und seinem Orchester aus dem Jahr 1964. Die Musik wurde von Billy Byers komponiert und arrangiert.,"Basie Land ist ein Studioalbum von Billy Byers und seinem Orchester aus dem Jahr 1964, das von Count Basie komponiert und arrangiert wurde.",0,0,-0.23110363484713958,True
test_1996,"Es ist ihre Mission, verschiedene Weltraumposten vor Horden ankommender feindlicher Schiffe zu schützen.","Ihre Mission ist es, mehrere Außenposten vor Horden feindlicher Schiffe zu schützen.",0,1,0.3598078972330564,False
test_1997,"Auf Seiten seiner Mutter, Elizabeth, gab es Sir William Mordaunt, Kanzler des Herzogtums Cornwall, und John Mordaunt, Chefprothonotar von Common Pleas.","Auf der Seite seiner Mutter gab es Elizabeth William Mordaunt, Kanzler des Herzogtums Cornwall, und John Mordaunt, Chefprothoniker der Common Pleas.",0,0,-0.3351090294986824,True
test_1998,2014 brachten iOS und Android Applikationen zur Produktsuche heraus; Produktfeatures beinhalten interaktive Video-Produktreviews mit live Frage- und Antwort-Sessions.,Im Jahr 2014 startete die Website iOS und Android - Anwendungen für die Produktsuche. Zu den Produktfunktionen gehören interaktive Videoproduktbewertungen mit live Fragen und Antworten.,1,0,-1.8580257469166765,False
test_1999,"Gehen Sie umgekehrt davon aus, dass „m” bei Primerfaktorisierung stark ist.","In der anderen Richtung, nehmen wir an, dass „m“ primär ist, mit starker Faktorisierung.",0,0,-1.4141837535372246,True
